tweet_id,author_id,incoming_text,brand,intent_hint,in_response_to_tweet_id,historical_resolution
2389685,638313,"@115850  whats the status of my problem related to mis deliver of my product to someone else with order id 
https://t.co/gs6nUOFERy I'm getting irritated by texting u many times.i need final solution.",AmazonHelp,,,@638313 Please don’t provide your order details as we consider them to be personal info. Our page is visible to public. 2/2 ^AH
2790571,778851,@AmazonHelp Still not arrived. Sent an email but have to wait up to 12 hours to find out where my parcels are? Another day and another non existent delivery attempt.,AmazonHelp,,2790570,"@778851 For immediate help, we also offer a chat support option. Orders like this typically arrive the following business day. Please keep us posted on the arrival! ^MB"
2553849,313956,@115850 should start cab business like Uber and Ola in India. I am sure they will give the best customer service like they give to the online shoppers. @115851 think about it. @115821,AmazonHelp,,,@313956 Knowing that customers are happy with our service means the world to us. We'll ensure to do every thing possible to provide the best customer experience in which ever services we launch. ^MN
848201,321575,@AmazonHelp Help! My Echo disappeared from my Bluetooth (it had been paired fine) and now won’t connect at all? https://t.co/LtA3tIQ79f,AmazonHelp,,,"@321575 We'd love to help, Amy! We have some troubleshooting for Bluetooth issues here: https://t.co/BX35hjwFM8 Keep us posted! ^AJ"
2205153,644771,"@AmazonHelp whatever AMZL US carrier service is, it has fucked up my order twice in a row. such a terrible carrier service",AmazonHelp,,2205156,"@644771 Oh no! I'm so sorry to hear this. We'd like to help in any way possible. Without providing personal or account information, could you tell us a little more about what happened? ^BL"
1693701,220654,Apparently if I wait at home until 9pm they *might* attempt to delivery my package again. @AmazonHelp “might attempt” but can’t confirm.,AmazonHelp,,,"@220654 We strive to make your delivery date! If you don't receive it by 2100, please reach out to us here: https://t.co/JzP7hlA23B ^AR"
1313405,426855,"@AmazonHelp Dis is really disappointing, u guys don’t even have a customer care number where we can speak to someone. It redirects people to your app.",AmazonHelp,,1313402,@426855 The link provided earlier by 'AR' shall allow you to reach out to our support team for assistance. ^YP
1507951,201311,"@115821 @AmazonHelp When I order from Amazon Japan, they arrive within 2 days of the release date? And in much better packaging? #confused. #primemember #noperk",AmazonHelp,,1507952,"@201311 HellO, What was the delivery date provided to you via email confirmation when you placed the order? Has that passed?  ^CR"
1835756,550507,@AmazonHelp リプライありがとうございます。出品者の方へ問い合わせの旨を連絡しました。,AmazonHelp,,1835757,@550507 お手数をおかけいたしました。出品者からの回答をお待ちくださいませ。RI
1225712,407556,"@AmazonHelp Why while purchasing in amazon website, it doesn't proceed without saving card details?",AmazonHelp,,1225707,@407556 This is an option we have provided for faster checkout. You may delete your details at any moment of time if necessary. ^MK
2236354,652191,"@AmazonHelp sto aspettando un pacco spedito con corriere sailpost: il tracking mi dà in transito da 3 giorni e la consegna era prevista per ieri, si può sapere quando arriverà? Comunque con sailpost la roba arriva sempre in ritardo",AmazonHelp,,,"@652191 Mi spiace per il ritardo! Se non l hai ancora fatto, ti suggerisco di contattare il nostro Servizio Clienti cliccando qui: https://t.co/EL6oqRmrqv A presto! ^SP"
2570398,728976,@AmazonHelp they are older,AmazonHelp,,2570397,@728976 All the contest winners are announced there Shamsher. ^HN
2431192,697873,"Truly awful customer service from @amazonhelp cards. Put unnecessary fraud block on mum's card, then refused to deal with me even though she is partially deaf and had given permission. Said she 'failed' security because she couldn't hear and refused to let us speak to a manager.",AmazonHelp,,,@697873 Thanks for reaching out to us! Are you referring to the Amazon Store Card or the Amazon Rewards Visa? Please let us know so we can further assist! Thanks! ^SW
2301654,667972,@115821 Please fix! Can't share Music Unlimited Family with teens in your Amz Household. Why on earth not? Isn't that the point of Family plan? So frustrating!,AmazonHelp,,,"@667972 Amazon Music Unlimited can be shared with 6 profiles/devices that have access to a payment method. Teen profiles do not have access to purchasing content, but perhaps an ""adult profile"" with purchase/parental controls could be a work around. https://t.co/H6iB40Smhj ^MJ"
755075,272837,@AmazonHelp What your bosses are doing? Planning for cheating more and more? @115851 @1840 shame on you guys. U don't even care what hapns to cust.,AmazonHelp,,755073,"@272837 My apologies for the trouble, Narendra. Kindly revert to the email sent for more information on this. ^KS"
322021,192720,"@AmazonHelp Hallo!
Wie wäre es, wenn Email beantwortet werden????!!!
Einfach Konto sperren??? Ihr seid doch einfach toll!!!!!!!!!!!!!!!",AmazonHelp,,322023,"@192720 Hi, solltest du noch auf eine Rückmeldung warten, kannst du dich gerne auch zurückrufen lassen: https://t.co/1u1tyaiUrE Gruß ^MI"
691168,285159,@115850 E-commerce at danger wid player like Amazon.in looting our nation. Didn't received product and they show its delivered.Action,AmazonHelp,,,"@285159 We apologize for this, Ankit. Please connect with our support team : https://t.co/vlvfJr4nN9 and it'll be resolved. ^SK"
1501706,468562,"@468564 @115821 Good car. The ""new"" starter I bought off of @115821 was BADLY DEFECTIVE from jump, making horrible noises. Never buy car parts from Amazon!😡",AmazonHelp,,1501705,@468562 I'm sorry to hear about the parts! We'd like to see how we can help so please reach us here: https://t.co/hApLpMlfHN ^DD
651552,274953,@AmazonHelp Done. Don't know how many follow-ups are needed for 1 return. 😑,AmazonHelp,,651551,@274953 Thank you for sharing your details. We've received them and will get back to you with an update. ^AU
227734,170307,"@115850 Looks like a phishing scam
https://t.co/ZM3lUKMMjO",AmazonHelp,,,"@170307 Yes, this is not legit. Thanks for sharing, I'll pass this internally so our team could look it up. ^HT"
513573,238198,Hi  Good  Night   I  Buy  today  of  Morning   This  Book  From  Here  To  Eternity  Traveling  The  World   To  Find  The  God   Death   Buy  in  @117086   here  in  Brazil   I  Go  to  Put  one  Photo   of  Book,AmazonHelp,,,@238198 Hello Claudio. Is there any problem with your order? You can also contact us in portuguese if you want. ^JJ
562945,251776,"@AmazonHelp my prime order was supposed to arrive yesterday, still not here.",AmazonHelp,,,@251776 So sorry for the delay! Have you received an e-mail from us providing a new delivery date? You can also find that information here: https://t.co/7svvC5RcJK ^LS
113798,141276,"Apparently @116316 knows more about I want than myself. After cancelling my Prime membership some time ago, they just decided to renew it and charge me for it. Great job! (Not!)",AmazonHelp,,,@141276 This shouldn't happen! :( Please get in touch with our customer service via https://t.co/ohyvGrpvrY Our colleagues will have a look into this. ^SK
1730704,522963,@AmazonHelp This directs me to Amazon UK. Is that right?,AmazonHelp,,1730703,@522963 Oh! Thanks for bringing this to our attention! Please ring us here: https://t.co/hApLpMlfHN ^BH
2797181,780482,@AmazonHelp Amazon先生お優しい……🙏🙏🙏,AmazonHelp,,2797180,@780482 Σd(*`･∀･´*)✨　MS
2311182,670290,So @115821 is telling me that my package has been expected to deliver by the 29th of November. But it’s telling me tonight it should arrive at my house today. Two hours ago. But still expected to arrive the 29th. I’m so confused! Ahhhhh.,AmazonHelp,,,"@670290 Tony, I'm sorry for the confusing information. Can you tell me, without providing personal account information, who the carrier is? Check order status here:  https://t.co/hApLpMlfHN"
582657,257372,"Amazon Fire TV stick
届いたからやってみたー！！
テレビっ子には天国😍！！！
息子が20時半には寝るとして
それから１時くらいまで
テレビ漬けじゃ(∩´∀`∩)💕

まあそれはこれ買う前から
変わらない生活だけど( 笑 ) https://t.co/1Epk6vl6a1",AmazonHelp,,,"@257372 |´-`)ﾁﾗｯ　Fire TV Stickをお買い求めいただき、ありがとうございます😊✨
たくさんの作品をぜひお楽しみくださいませ🎉📺 HM"
2602214,463673,@AmazonHelp Yeah there is no dispatch date there. Just one day delivery due Moday.,AmazonHelp,,2602215,@463673 One day delivery is from when it is dispatched. Here's more information: https://t.co/WKEDgjCz0O ^PK
1121327,384515,@AmazonHelp customers to whom you have shipped defective products?,AmazonHelp,,1121325,@384515 If the order is defective you would need to contact us so we can verify your options ^AS
1608643,493962,"@AmazonHelp Gracias, María José me ha ayudado a la perfección. Buen día!!",AmazonHelp,,1608642,"@493962 Nos alegra mucho saberlo, recuerda que estamos para ayudarte en lo que necesites. ^HC"
994067,355490,"@115850 
Amazon is cheating the consumers. very dissatisfied with amazon. I have ordered my phone with no cost EMI but they dint converted",AmazonHelp,,,@355490 Sorry about that. We'd like to help. Kindly get in touch with our support team here:https://t.co/rS49hgaADF ^AK
1451463,456824,"@AmazonHelp Hi, My account was locked and I was asked to send some docs to an ""Account Specialist"", I have but I need to speak with someone?",AmazonHelp,,,@456824 For the quickest resolution. Please follow the instructions sent to you via e-mail from our account specialist. ^SK
1299528,423729,Ordered a shirt for Halloween from @115821. Delivery date was the 28th. Now it’s not getting here until TUESDAY!!! 🤦🏼‍♀️😭 #whatgives,AmazonHelp,,,"@423729 Oh no, Kim! I'm sorry this has happened. Has the order reached the carrier? You can check here: https://t.co/FoMVgSuk3d ^BE"
2828088,185090,Hi @115830 I was wondering if One Day means something else now? This is not the only order I've made using #Prime where the One Day delivery is considerably more. https://t.co/d7rwLRMsD9,AmazonHelp,,,@185090 Hello! All orders include a processing time which may not include holidays and weekends. The One-Day shipping speed applies once your order is dispatched. More info here: https://t.co/pDkPn9e68y ^JY
2260622,658239,Amazonの支払い37kの筈なのに請求が17kしか来なくて困惑,AmazonHelp,,,"@658239 ご注文の請求金額が相違しておりますか？
コンビニ払いは、商品確保次第お支払い頂くので、分割してご請求される場合がございます。
なお、問題が解決しない場合は、確認させていただきますので、下記よりご連絡ください。https://t.co/bwBU0NvYIn TY"
435760,218509,@AmazonHelp they said that it will be there by 9pm. The shop its getting delivered to closes at 6pm&amp;they ignored the part where I asked about tracking,AmazonHelp,,435759,"@218509 Keep us updated on this shipment, Megan! We do strive to meet our delivery dates. ^SA"
409312,152461,"@AmazonHelp Check all my tweets, everything is there.",AmazonHelp,,409311,@152461 What was advised when you spoke with us directly on the chat? ^NV
977826,351908,"@115850 iphone 7 is cheaper than 6S on amazon india, what's the logic !!",AmazonHelp,,,"@351908 to offer you the lowest price, may result in fluctuations in our prices over time. (2/2) ^VM"
1325666,429322,@AmazonHelp I have updated in the 'delovery feedback' section. Kindly act on it.,AmazonHelp,,1325665,"@429322 Please don't provide your order details, we consider it personal information. Our Twitter page is visible to the public. ^AK 2/2"
2435204,698723,Cancelled the order still it is showing the item is on its way. Tired with all time same issue😔 @115821 @115850,AmazonHelp,,,@698723 Sorry to know about that. Our team would be happy to help you out! Please contact us from here: https://t.co/vlvfJr4nN9 ^MP
2171433,636878,Amazon Prime... The force is not strong with you. Where is my Battlefront 2?!,AmazonHelp,,,"@636878 I'm sorry about the poor experience, Stuart! Is there an order that's late? If so, what's the status? Which site do you order from, https://t.co/nUUp5MLhYl or https://t.co/ykTUEmdsQA? ^FR"
1427956,451695,@AmazonHelp I guess one need to be celeb to get quick resolution. Not at all expected from AMAZON. #CustomerExperience  #CustomerService #CustServ,AmazonHelp,,1427952,"@451695 If you have shared your information, we'll work on it and get back to you. Keep an eye on your mail box. ^SM"
2453602,458016,"@AmazonHelp  order 114-1236224-5262618
Please re-deliver the 1st item as it missed the delivery.",AmazonHelp,,,@458016 I'm sorry we missed the delivery! We don't have access to accounts on Twitter. Please call here https://t.co/hApLpMlfHN ^TG
1012814,379236,@115850 Thanks for it,AmazonHelp,,1012811,@379236 You're welcome! :-) ^PR
1114351,383000,Hola @116928 este aviso que me llega al móvil entiendo que no es vuestro verdad? https://t.co/yteIOVqKTx,AmazonHelp,,,"@383000 Hola Cubillo, correcto no nos pertenece, nuestras publicaciones de promociones son exclusivamente realizadas en las redes 1/2"
127963,144764,@AmazonHelp I’ve heard a hell lot of this . Will believe when it’s done and I’m never coming back to amazon,AmazonHelp,,127964,@144764 I get your disappointment. Please be assured that we're working on your concern and will get back to you soon. Appreciate your patience. ^MO
1521134,472825,what the heck happened to this thing 🤔 @115821 https://t.co/4rPtFQlv94,AmazonHelp,,,@472825 I'm sorry for how your order arrived! Was anything inside the box damaged? ^AC
2830668,788215,@AmazonHelp hi... we bought an echo plus but it will only play samples of music even though it was working fine on Saturday. How can we fix it? We have prime so it should play songs easily,AmazonHelp,,,"@788215 Hi, sorry to hear about the problems you are having with Echo Plus. You may need to reset it. For info on how to do this, please click the link:https://t.co/QA3Il7MPGN. Let us know if this helps.^BZ"
1239296,410695,"@AmazonHelp I placed a return of order#405-5827927-7849934 on 5th november, 2017. But it hasn't been picked up yet and no replies came from ur customer service unit. Please help",AmazonHelp,,,"@410695 I'm sorry for the poor experience. We are unable to access your account over Twitter however, we'd still like to help! To make sure we're giving you the best information possible can you let us know which website/marketplace you used to order with us? ^EB"
534194,243724,"@AmazonHelp すいません、ただいま電話ができる環境にいないためこのままで失礼致します……。
ログインしようとメールアドレス、パスワードを入力して進むとこのページになります。コードを送信を押すと、先程の未記入のメールが届きます。 https://t.co/RW5w9lL0Y3",AmazonHelp,,534193,@243724 ご不便をおかけしており申し訳ございません。誠に心苦しい限りですが、Twitter上にて詳細な確認を行わせていただくことができません。カスタマーサービスは24時間年中無休でご対応いたしておりますので、ご都合のよろしい時にご連絡いただきますようお願いいたします。HM
2944363,204171,@AmazonHelp Isso. Aquele que tem disponível pra IOS é Android!,AmazonHelp,,2944362,"@204171 Você pode obter mais informação sobre o App do Kindle, no seguinte link: https://t.co/JUHF6ylIwO. ^NP"
47904,126706,"@AmazonHelp customer support ( u have recorfings) said nothing they can do , was given wrong no to call too! lol",AmazonHelp,,47903,"@126706 Typically, a response is given 12-24hrs; at this time please review your inbox, as well as your spam/junk e-mail. ^WM"
1261180,415450,"@AmazonHelp No 
No
why this happened after payment 
It is very concern for online shopping",AmazonHelp,,1261179,"@415450 Sorry to know your order is not yet delivered, Rahuul. Please reach us from here: https://t.co/rS49hgaADF we'll assist. ^SV"
162010,153404,"@AmazonHelp It's ok thanks for your help, one of your helpers called and worked out that screen magnifier had been turned on. Thanks for the great service!",AmazonHelp,,162009,@153404 Any time! We are always here to help! ^LS
1360028,437080,"Oh come on @115830, not *another* failed delivery from your awful #logistics team?? You need to get this mess sorted out. @amazonhelp",AmazonHelp,,,@437080 Terribly sorry about any trouble! Please reach out to us here:https://t.co/JzP7hlA23B so we can investigate this further! ^SA
386449,207488,"@AmazonHelp @115850, @AmazonHelp. You guys are pathetic and ridiculous. The only solution to my problem is to reorder product. This was the reorder.",AmazonHelp,,386448,"@207488 We'd like to help, kindly send us your details through the link shared earlier and we'll reach out to you soon. ^MA"
2381832,686674,@AmazonHelp Why was I hung up on during a customer service call because I declined to accept your Representative's offer of $20 dollar credit. Is this a new customer retention tactic? #disrespected #amazonprimemember #dissapointed,AmazonHelp,,,@686674 I'm so sorry for the poor experience! Please be sure to fill out the survey that was sent following the phone call. We use that information to make sure your experience is improved! ^TN
1218275,386765,@AmazonHelp Done that. Thanks for your support.,AmazonHelp,,1218274,@386765 Thanks a bunch for your cooperation. We'll reach out at the earliest to make things right for you. ^CB
1043684,366798,@AmazonHelp @115821 @115850 I have not received any email from you. All I have received is an email asking for feedback of the resolution provided,AmazonHelp,,1043683,@366798 You should've received a correspondence from us. Kindly check it here: https://t.co/8DAc10S7ww ^MA
2393545,172343,@AmazonHelp Still awaiting Justice,AmazonHelp,,2393543,"@172343 Just to confirm, did you drop in your details using the link we had shared? Do keep us posted. ^CB"
1247156,412606,"@AmazonHelp 先ほど拝見しました。
わざわざ、ありがとうございます。",AmazonHelp,,1247155,"@412606 とんでもないことです。
今後ともご利用の際に何かお困りのことやご不明点があれば、いつでもご遠慮なくお問い合わせください。 RI"
471578,227290,@AmazonHelp Cnest en cours...,AmazonHelp,,471577,@227290 Le service client ne vous a fourni aucun détail/explication ou solution concernant votre cas!
66200,131141,@AmazonHelp It was implied it would have all been sorted on Saturday?,AmazonHelp,,66201,"@131141 Hi Sarah, I am sorry to hear that this still hasn't been resolved please follow this link: https://t.co/tkLCr7Vo9T  and fill out the form, someone from our team will be in contact to assist you. Please let us know how you get on. ^HS"
1681736,511295,@AmazonHelp I sent the item back for return on 31/08/17 if that helps,AmazonHelp,,1681735,"@511295 Hmm... That is odd, Ben. Please reach out to us here: https://t.co/JzP7hlA23B so we can look into this with you. ^AD"
283495,183535,VERY POOR packaging @AmazonHelp - Bought a present only to have it delivered with packaging tape and delivery label ON THE item. Not happy! https://t.co/yXvEDyJpWW,AmazonHelp,,,"@183535 Hi there- You can select to have additional packaging on your orders, explains further here: https://t.co/u71ACh7ri6 ^NV"
856600,323422,@115830 @115821 Does your iOS app only work in portrait orientation now?,AmazonHelp,,,@323422 Please reach out here so we can help you out Michael  https://t.co/JzP7hlA23B ^KM
2405183,467431,"@AmazonHelp Unfortunately I don’t think it’s going to suit the change in circumstances and location.
Is it possible to get a partial refund on my annual subscription? Think it renewed in Sept. so bit of a waste if not. 😞",AmazonHelp,,2405182,@467431 Give us a ring here: https://t.co/JzP7hlA23B so we can look over your account and go through the options you have together. ^AH
898401,333336,@115850 https://t.co/g4MbDGcRLW Chack This,AmazonHelp,,,@333336 Thanks for bringing this to our notice. We have informed our teams and they are working on it. ^SB
533311,243548,"@AmazonHelp If your app would have showed the same before adding the product to the cart I wouldn't have been disappointed. Are you telling me that Everytime I plan to buy an item, I should add it to the cart and proceed to the address confirmation page to check availability in my location?",AmazonHelp,,533310,"@243548 Unless your add the item to the cart and proceed to checkout, we wouldn't be able to determine the address, the item will be shipping to. Therefore, we can't predetermine the shipping eligibility. Appreciate your understanding here. ^CB"
224359,169612,@AmazonHelp Thanks,AmazonHelp,,224358,@169612 Glad we were helpful regarding the Amazon echo.^SB
1056775,369518,@AmazonHelp then what should i do now,AmazonHelp,,1056774,@369518 Kindly get in touch with us here: https://t.co/28jqpJvbF8 and we’ll look into it. ^NS
180001,158368,"@AmazonHelp Ur Customer care is liar, i said send copy to me of complain and they said ok but i receive no copy",AmazonHelp,,180000,@158368 We would like to help you. Please share your details with us here: https://t.co/GIJyeYqKE0. We'll get in touch shortly. ^CB
260821,178096,@115821 is it possible for me to never have anything sent via amzl_us ever again?,AmazonHelp,,,"@178096 We aren't able to choose specific carriers to use for your orders, have you been experiencing recurring issues with them? ^GR"
2482384,709243,"@AmazonHelp I Just set up an account. if I put in an address, will anything other than my order be mailed to me?",AmazonHelp,,,"@709243 Great question, Tim! If you set up an address, only your orders will be mailed to you. ^FD"
825099,316508,@AmazonHelp . Com,AmazonHelp,,825098,"@316508 Thanks for clarifying! Due to content licensing restrictions, Amazon Video content isn't currently available outside of the US. ^KJ"
2889326,506484,@AmazonHelp You charged me 5x for an item I did monthly installments on (now I could get two items for that ammount) and it seems no one knows what to do but keeps forwarding my call around.,AmazonHelp,,2889328,"@506484 I'm sorry about inconvenience! When did you speak with Customer Service regarding this payment issue, and was there any solution given? ^GP"
346728,198556,"Expecting my #sirui #monopod and #ballhead to arrive today , thanks to @115850 #AmazonPrime",AmazonHelp,,,@198556 You're welcome. Have a super Sunday :-) ^KA
2874013,797898,"Hey @115821, got pretty royally screwed by one of your sellers. Differing info being received from the person on Amazon chat vs the seller themselves. Received a package that was incomplete, Amazon says they can't do anything, seller says only Amazon can help. Pretty weak, y'all.",AmazonHelp,,,"@797898 We'd like to assist! Was this item from ordered from https://t.co/nUUp5MLhYl ( https://t.co/Y5jpI9gRhE ) or Amazon.ca ( https://t.co/PyACxvY8Qo ), and do you know if it was shipped directly by Amazon, or by the seller? ^SH"
812181,313073,@AmazonHelp Still not received any update from you and you are keep on promising about prompt service.,AmazonHelp,,812180,@313073 Sorry about that. I'd like to have a closer look on this. Please let us know more here: https://t.co/GIJyeYqKE0. ^BS
1223534,407057,@AmazonHelp Qu’une série quand on passe d’une saison à l’autre il y a toujours un suspens ! On a hâte de voir la suite. The Gran Tour pas bien :p:p:p:p,AmazonHelp,,1223535,"@407057 Je vais m'y mettre alors 😉 Des séries, films à me recommander ? ^ARC"
912887,192558,@AmazonHelp I dont know what to do with the link,AmazonHelp,,912886,@192558 Please drop in the details via the link provided earlier and we'll reach out to you for better assistance. ^MS
320846,192442,@AmazonHelp Ordered on 10/5 not shipped yet choose (free 2 day shipping) w my $99 prime! Won’t be here till tues. not math teacher but that’s 4 days!,AmazonHelp,,320845,"@192442 Sorry to hear that, when is the order due to be dispatched? ^JJ"
1666180,507605,"@AmazonHelp I returned an item on 1- nov 2017, but till now I didn't get my money, also unable to make call ur customer service, ref-9538929322",AmazonHelp,,,"@507605 Sorry about the delay in refund. We'd like to help you. Kindly reach us here: https://t.co/vlvfJr4nN9. We'll have it checked.
Please don't provide your phone number via Twitter, as we consider it to be personal information.
Our page is visible to public.^AR"
2316617,507510,@115850 @AmazonHelp @115851 79 days and counting! #amazonindia sucks! https://t.co/lKql0ux5wD,AmazonHelp,,,"@507510 I'm sorry for the long stretch, it was certainly not expected. Kindly reply to the email sent to you by the Social Media team &amp; we'll take this up further. Appreciate your patience &amp; understanding. ^EM"
2319428,672286,"@115850 Reebok Boy's Run Escape Jr Blue, Wht and Blk Sports Shoes - 4.5 UK/India (36.5 EU)(5 US) .. purchased this.  It is fake.. sole coming out.. please rwfund",AmazonHelp,,,"@672286 Sellers are committed to sell only genuine products on our platform. However, you may request for a return from here:https://t.co/4o5PqP90vH. Please don't provide your order details, we consider it to be personal information. Our page is visible to the public. ^GD"
233431,171572,"@115821 @AmazonHelp Pathetic Service provided by Amazon to Costumer .

Order I Phone 6 on 24th Sep but still not received any confirmation. https://t.co/zp5U0G4f9w",AmazonHelp,,,@171572 access to your order details. Please reply to the email correspondence here: https://t.co/8DAc10S7ww. (2/2) ^SI
2773780,775238,It says my package was supposed to arrive at 8pm and it's almost 10pm and I have no news. @AmazonHelp carrier is IMEXX,AmazonHelp,,,@775238 Is the product sold and fulfilled by Amazon or by a seller from our website? ^VM
1041807,366375,@AmazonHelp it's so annoying when Amazon delivery ppl lie and claim they attempted to deliver a package but didn't.,AmazonHelp,,,"@366375 Oh no! I'm sorry we let you down! What does the most recent order status state? You can check here: https://t.co/Y5jpI9gRhE. 
Please keep us updated on your package delivery. We're here to help! ^LL"
980730,352537,"Definition of ""fresh vegetables"" in 2017 @115850 https://t.co/i9JOUzyVUE",AmazonHelp,,,@352537 Thanks for flagging this. I'll forward it internally for review. ^PS
564933,252351,I paid $19 for next day delivery from @115821 and they want to claim that they tried to deliver the package and couldn't? I've been home all day. I haven't left for anything. Nobody ever brought my package here. Thanks for stealing my money and delivering my stuff.,AmazonHelp,,,@252351 I'm sorry for the frustration! We're available to assist the best we can. Who is the carrier shown for this order: https://t.co/PCtircFm5C? ^SJ
361374,201575,@AmazonHelp I'll give it a few more days. They delivered only 2 of 3 items and marked everything as delivered. Probably forgot and said screw it. Thx,AmazonHelp,,361373,@201575 Sure thing! Please keep us posted! ^LB
235668,172137,"worst service by amazon. if u don't have PC you not able to get invoice of ur purchase wow.
order: 4__credit_card__ @115821 @AmazonHelp",AmazonHelp,,,@172137 Please don’t provide your order details as it is personal information. Our page is visible to the public.2/2^HN
2962769,817537,"@AmazonHelp c’est en cours, cela fait 3 colis via TNT/PostNL sans avis de passage, dépôt chez un voisin sans prévenir, et j’en passe.",AmazonHelp,,2962771,"@817537 Je réitère mes excuses pour toute gêne occasionnée. Sachez que c'est grâce à vos remontées qu'on pourra améliorer notre service, nous ne manquons jamais d'en faire part au transporteur afin que ça ne se reproduise plus. ^MA"
2352351,679789,@AmazonHelp are you guys having issues with password resets? I needed to reset my password but I’m not receiving any code sent to my email. Tried multiple devices and haven’t received anything.,AmazonHelp,,,"@679789 I'm sorry for the trouble, Alex! Give us a call and we'll certainly help with this right away! You can reach us here: https://t.co/jzvkhdlrK5 Let us know if you have further questions! We're still here to help! ^KN"
2516997,341145,@AmazonHelp I rejected Amazon Pay transactions on my credit card which were nothing to do with me.  I've never even heard of it let alone used it.  Amazon were told this 3 weeks ago after they locked the a/c for the first time but it was still locked again last night,AmazonHelp,,2516996,"@341145 I'm sorry to hear that, was the issue regarding the unknown transactions resolved for you? ^JJ"
1209146,403859,"@AmazonHelp Many thanks but it doesn't work, tells me I have no Prime account-true. I am pulling my hair out on this one any help appreciated",AmazonHelp,,1209145,@403859 Let's have you speak with us via chat so we can dig into this. https://t.co/JzP7hlA23B ^MJ
1324527,426486,I don't know what are you doing with your team or what you doing my concern is my refund courier service is yours @AmazonHelp @55277 1/2 https://t.co/IEa3wKnM6j,AmazonHelp,,,@426486 We've responded to your query here: https://t.co/617oG7sFDS. Kindly check. ^PS
1106612,381165,"Dear @115821, serious quality control fail. #nowihavetosendthiscrapback? #obnoxious https://t.co/Kxl1Y93PdE",AmazonHelp,,,@381165 I'm so sorry to see this! You can see your available return or replacment options here: https://t.co/pkFci26FRa ^LH
1733901,523623,@AmazonHelp I will not be able to repeat the same again and again. You can follow me and I can DM,AmazonHelp,,1733900,@523623 I request you to fill in your details in the link provided earlier for further help as we can't access the account on twitter.^PJ
637391,271129,"Dank @116316 Logistics wohne ich nun in der Kita nebenan. Lt. Sendungsverfolgung an mich zugestellt, also... Einmal mit Profis.",AmazonHelp,,,@271129 Deinen Ärger darüber kann ich verstehen :( Hast du denn dein Paket erhalten? ^SK
2829513,787945,"@AmazonHelp Pour la deuxième fois : Oui. Pas de réponse. Faut dire qu'avec une phrase de la sorte : ""Nous ne répondrons peut-être pas à d'autres e-mails sur cette question."" je ne m'attends pas vraiment à de retour...",AmazonHelp,,2829512,"@787945 Afin qu'on puisse vérifier votre dossier, merci de remplir ce formulaire via un PC : https://t.co/HtUowg2UGX 
^SM"
426671,216475,"@AmazonHelp When an order takes two months to arrive,  all one wants is a refund.",AmazonHelp,,426670,@216475 We've escalated this and sent a correspondence to your registered email. Kindly check and revert here: https://t.co/8DAc10S7ww.^VN
362423,201838,"@AmazonHelp my prime order has been out for 4 days. It was supposed to be delivered days ago. Is prime normally this slow,",AmazonHelp,,,"@201838 I'm so sorry for the wait, Alex. What was the delivery date given in your order confirmation e-mail? ^MH"
1807359,542972,@AmazonHelp 何度もメールやインターネットを確認しましたが、支払い番号は発行されていません。,AmazonHelp,,1807358,"@542972 リプライありがとうございます。Twitter上ではエラーの詳細がわかりかねますため、お手数ですが文末のリンクよりカスタマーサービスへお問い合わせをお願いいたします。https://t.co/J6YEizFHia
 SK"
1126113,385519,@AmazonHelp Ok! But I wonder that how will anyone misuse the order number when even Amazon is not being able to access it. How ironic!,AmazonHelp,,1126112,"@385519 In the interest of securing your account information, we request you to not to share your personal/order details. ^GK"
2687659,755714,"@AmazonHelp Yep, registered the order as a cash on delivery order. Can we use other modes or even Amazon pay?",AmazonHelp,,2687658,"@755714 I get your concern, Pranjal. Please reach us from here: https://t.co/rS49hgaADF we'll check this and assist you. ^SV"
264777,179073,@AmazonHelp Awaiting ur response,AmazonHelp,,264778,"@179073 We're working on it, will communicate with you very soon. ^MP"
35935,123816,"@AmazonHelp I’m not sure, I ordered it at 8am this morning with 1 day shipping. I just got the email saying I will get an email when it’s been shipped",AmazonHelp,,35934,"@123816 2/2 For details on how shipping and delivery dates are calculated, please see here: https://t.co/zGyLuHMPgq ^CO"
536502,151194,@AmazonHelp Ela é maravilhosa em td 😍😍😍😍,AmazonHelp,,536501,@151194 É sim! Conte para gente se você esta curtindo da leitura desse livro maravilhoso no seguinte link: https://t.co/kUkXHFkYWd  twitter. ^AZ
437934,219033,AmazonのPrime Now使ってみたけど、マジで1時間で届くんだなこれ....,AmazonHelp,,,@219033 Prime Nowをご利用いただき、ありがとうございます！便利にお使いいただけたら幸いです。ご用命の際は何なりと…m(_ _)m RI
1291962,422133,@AmazonHelp No phone number?,AmazonHelp,,1291961,"@422133 The link provided will give you the options to call, chat or email us. Our phone number is 1-866-216-1072 ^AG"
130375,145399,"@AmazonHelp But that doesn't mean you can sell the product above MRP, and atleast for the customers who is highlighting the difference should be refunded the difference",AmazonHelp,,130374,@145399 Gift cards can only be used to pay for eligible items; you can learn more about our gift card terms and conditions here: https://t.co/0fNWVeVwDf (3/3) ^GK
868091,326112,@AmazonHelp why is it so hard to change my payment to the gift card option at checkout?,AmazonHelp,,,"@326112 I'm sorry for the troubles changing the payment method. When you try to change it, what happens? ^VS"
947679,344738,WTH is going on at @115821 2 horribly screwed up Prime orders in the same week?,AmazonHelp,,,@344738 We're sorry for the experience you've had; could you provide us with a few details about the issue without personal info? ^WM
1562382,306166,@AmazonHelp Got to hand it to guys ! Even this call connects  to the team which handles passwords NOT refunds.,AmazonHelp,,1562381,@306166 We would like to help you. Please share your details with us here: https://t.co/GIJyeYqKE0. We'll get in touch shortly. ^CB
1289749,421622,@AmazonHelp send my super mario odyssey code pls 😗,AmazonHelp,,,"@421622 Thanks for reaching out, Luke! You will be e-mailed your code once the game is released. ^HM"
619145,266919,@AmazonHelp I will thank you :),AmazonHelp,,619144,@266919 You're welcome 😊 ^ES
163650,153855,"@AmazonHelp got home at half 6 Thinking my order was still to be delivered. Check online just to find it had been left by the front door! Checked all out side even checked with the neighbours, can't find it anywhere. Why would your delivery drivers leave it by the front door!?",AmazonHelp,,,"@153855 I'm sorry for the poor experience! For clarification, did you have a safe place set for unattended deliveries? You can find more about this here: https://t.co/vaZpHQRgBf Let us know! We're here to help! ^KN"
1350060,434827,"@AmazonHelp That'd good to know, I'll keep it in mind, Thank you for all the assistance, and hopefully I won't have to make contact on Monday :)",AmazonHelp,,1350059,@434827 You're very welcome! Please keep us posted! ^HS
1380471,356940,@AmazonHelp Is it possible it may arrive before October 31st even though it’s saying that?,AmazonHelp,,1380470,"@356940 Hello, yes it certainly is possible for this to occur. The tracking will update if we are able to do this. ^CR"
2949493,814548,@AmazonHelp 😍,AmazonHelp,,2949494,@814548 We hope you enjoy! Have fun Christmas shopping. 😁📦 ^TG
1131291,386604,@AmazonHelp Already did that. Hope I get and answer this time. But thanks for caring!,AmazonHelp,,1131290,"@386604 If you sent an e-mail, keep in mind responses can take 24-48 hours. If you need a faster resolution, please call or chat. ^KJ"
581149,256942,"Amazon.ca email gives the impression pre-ordered #U2SongsOfExperience deluxe vinyl set is delayed. ""We're still trying to obtain...."" is the wording. #U2",AmazonHelp,,,"@256942 Hi, does the tracking show the order as having been dispatched? You can check tracking by clicking the following link: https://t.co/PyACxvY8Qo.^BZ"
1151801,208723,@115850 I hope @115851 reads this along with amazon india team and learn how to seriously taint your brand. Thank you for the endless talks 4/4,AmazonHelp,,1151804,@208723 to us from here: https://t.co/cQVomR1pWz and we'll be sure to revert at the earliest. [2/2] ^HA
1606244,493444,While buying frequently bought bundle in @115850 be careful as the product price changes after cart and you can't identify this irregulari,AmazonHelp,,,"@493444 If the price of the product has changed, you'll be able to see an alert at the check out page confirming the same. (1/2) ^ST"
479332,228914,@AmazonHelp I can check my status just fine... I'm telling you that this service is bad and you suggest I check my orders. 🤔 I guess get back to me when the coffee kicks in.,AmazonHelp,,479333,@228914 Thank you for your feedback on the carrier Travis. We take this information as an opportunity to improve. If you could give us more details here we would appreciate it! https://t.co/Z9v498qZtk
1323370,425602,"@AmazonHelp @115851 sir each time different ppl wrt mail, no 1 understand,no one ready to resolve the issue @115850  abt od.no 408-6373835-4135510",AmazonHelp,,1323369,"@425602 Please don't provide your order details, we consider it to be personal information. Our page is visible to the public. (2/2)^VH"
578416,256163,"我が家にAmazon echoがやってきた
#素晴らしい https://t.co/qAiudIKsGw",AmazonHelp,,,@256163 ご購入ありがとうございます！いろいろ試してみてくださいね♪(*´︶`*) TN
389931,208318,@115821 look into this. I got the iphone7plus delivery today but the invoice is not proper. Its ridiculous on part of seller https://t.co/huAFH5Qapn,AmazonHelp,,,@208318 I'm sorry about that. You can download a copy of your invoice via: https://t.co/tECXtmjBvU ^SG
888292,330915,"@AmazonHelp C'est Colissimo, j'espère que ca n'a pas été volé.",AmazonHelp,,888293,@330915 Avez-vous contacté le service client pour signaler cet incident ? ^ASZ
1042261,297523,@AmazonHelp Should I return the item as the MRP is 2000-2500 but you charged appx 4000,AmazonHelp,,1042260,@297523 Your feedback has already been forwarded to the concerned team. I'm afraid we don't accept remorse returns. ^HA
665684,278570,"@AmazonHelp Ya no lo pueden coger y que tengonque solicitar la devolucion de nuevo, es asi? Tengo el codigo y demas que me descargue para devolverlo",AmazonHelp,,665682,"@278570 Hola, contáctanos por acá para ayudarte con esto: https://t.co/OjvUxwnzPe. Saludos, ^Alfredo R."
385930,207368,@AmazonHelp Thank you so much for the response JZ! I've submitted via the link.,AmazonHelp,,385929,@207368 No problem! Here to help! 😊 ^JZ
1486215,465149,ａｍａｚｏｎの返金、遅いな～。,AmazonHelp,,,@465149 (2/2)返金が確認できない場合は詳細をお伺いいたしますので、こちらからカスタマーサービスまでご連絡ください。 https://t.co/J6YEizo6qC YM
930248,123602,@AmazonHelp Hi it's been found my mother who has dementia had it hidden in her room,AmazonHelp,,930244,"@123602 Great news! Thanks for keeping us in the loop on this, and I'm glad to hear it was found! ^BV"
2841836,131413,"@120540 ciao, dovrei chiedervi una cosa riguardo amazon photos",AmazonHelp,,,@131413 Come possiamo aiutarti? ^CS
422263,215583,@AmazonHelp Still my refund is pending from 18th October its showing refund issue but still i didn't get any refund.,AmazonHelp,,422261,@215583 I request you to check for the correspondence here: https://t.co/DTSNmGldJf. Kindly reply back for any further assistance. ^SB
91379,135811,#lgq6appquiz @115850 where is the result??? Making fools who attended this contest right???,AmazonHelp,,,@135811 All the contests conducted by Amazon are genuine. Our team is working on it and the results would be announced shortly. ^MD
777219,305548,"@AmazonHelp It's still not done, Satish from your team got in touch with me on mail &amp; promised to get it done on 15th Oct but still its not reflected, are guys fooling me around. Worst experience from #AmazonIndia",AmazonHelp,,777218,@305548 We have responded to you over email. You can check the latest update here: https://t.co/NL72Zt3t1a ^RW
2419928,695182,@AmazonHelp Siiiim... Comprei vários ebooks... tô muito feliz... Hahahaha hahahaha,AmazonHelp,,2419927,@695182 Rs rs rs. Quanta felicidade Mariana! O amor pela leitura é muito lindo! 😍📚☕️👏 ^JJ
2958624,816580,@AmazonHelp Vendidos y enviados por Amazon,AmazonHelp,,2958626,@816580 En el correo electrónico que recibiste ¿se te indicó el motivo del retraso? ^MZ
2850138,792524,"Hey @119625 here are a few ideas on your web platform.
1. Let me sort movies and shows by date / IMDB rating.
2. Let me make a list of movies that I have watched and share it with friends.
3. Let me rate a movie / show that I watched.
4. Add more content.",AmazonHelp,,,@792524 That's a good feedback. I will ensure to pass it on internally for improvements. ^RW
425131,134321,@AmazonHelp What is the status on this?,AmazonHelp,,425132,@134321 We've emailed a correspondence to you. Kindly check it here: https://t.co/sC1mf2vwg9 and reply to it for further assistance. ^SF
549542,247957,@AmazonHelp I didn’t know a product didn’t have free returns - I assumed all prime items did. How can I get into contact with someone?,AmazonHelp,,,"@247957 Unless the item is specifically marked as ""Free Returns""; shipping costs for returns are based on the reason for the return; if the return is due to Amazon error, we will cover the return shipping costs. You can learn more here: https://t.co/jfJqOMJt0d ^GS"
913841,120039,#AmazonIndia I already registered the complaint. I want replacement but amazon will give me refund only as watch is out of stock.,AmazonHelp,,913843,"@120039 Replacements can be sent only if the same item is available with the same seller. However, we can initiate ^VN (1/2)"
1095972,378627,@AmazonHelp Et les dates du certificat ne semblent pas expirées,AmazonHelp,,1095970,@378627 [2/2]  Je vous invite à effectuer les mises à jour nécessaires sur vos navigateurs et réessayer.
210276,165770,J’ai reçu un disque dans un emballage déjà ouvert et il ne correspond pas à la commande. Et on refuse le retour ! @120533 @AmazonHelp https://t.co/jGgdRv13Zm,AmazonHelp,,,"@165770 Bonjour, désolée pour cela, est-ce qu'il s'agit d'un article vendu par Amazon ou par un vendeur tiers sur notre site ?^KE"
2772358,774910,@116316 Ich kann den Appstore nicht starten. Ich komme nicht bei der Auswahl des Standorts weiter. https://t.co/Twx0JWUlt9,AmazonHelp,,,@774910 Komisch. Versuch mal bitte eine Neuinstallation der App. Klappt es dann? ^MF
573546,254829,@AmazonHelp Nope! Can't wait to get my tree soon :) Love @117795!!,AmazonHelp,,573547,@254829 Amazon loves you! 💕 ^EP
1243373,411692,@AmazonHelp My issue is that I spent $10 extra to get my item within the next day or so. (1 Day shipping) but it said I won't get it u till Friday..,AmazonHelp,,1243372,"@411692 We understand your concern. If the item is unavailable to ship immediately, the shipping method time starts when the item ship. ^AC"
1843622,552393,きった～。今更ながら試し読みでハマった「俺物語！！」全巻。Amazonありがとう！これからどっぷり一気読みじゃ。くふふ・・・ https://t.co/uQvK7h8gCi,AmazonHelp,,,@552393 こちらこそ、ご注文ありがとうございました！（一気読み頑張ってください♪）Oo｡.(´-`*) TN
350311,199335,@AmazonHelp It's a 5th day still no resolution from amazon what a service .. really salute,AmazonHelp,,350310,"@199335 Hi, you should've received an email from us, please check that and revert for updates. ^MS"
579821,256561,"@AmazonHelp リプありがとうございます😄💦いつかプライム入りたいとは思ってたので１ヶ月ばりばり試させて頂きます。
ただプライムになったせいで早く届けるために商品がバラバラになったのなら困るなぁと。平日なかなか受け取りできないので…",AmazonHelp,,579823,@256561 (2/2)そのため、まとめ発送をご希望の場合、お手数ですが発送オプションを「できる限り商品をまとめて発送」にご変更いただければと存じます。https://t.co/nJq38c3hJC (諸条件によりやむを得ず分かれて発送される場合もございます) HM
2734303,766359,@AmazonHelp Not easily by tweet. Can I pm/e-mail you?,AmazonHelp,,2734304,"@766359 Sure, feel free to DM us! Please do not provide any personal or account information. ^JY https://t.co/1XyLaGkcaN"
1328562,429955,@115850 done..hope to get lucky #AmazonPayQuiz https://t.co/l6awZAOF8e,AmazonHelp,,,"@429955 Glad to hear that, Saroj. Wishing you luck for the contest. :) ^NK"
2458370,529273,"@119625 what is the max number of video that we download for offline viewing of we have a prime account? Pls specify in each Category (ex: movies, tv series, etc;)",AmazonHelp,,,"@529273 Only selected Prime Video titles are available to download, and the time period you have to view a downloaded title while your device is offline varies by title. Please check this link here: https://t.co/oJgfMwn6EY for more info. ^KA"
430683,217420,"@115850 @115851 @7092 Order is undelivered due to delivery supplier mistake, not mine.",AmazonHelp,,430689,"@217420 Please don’t provide the order details, we consider it to be personal info. Our Twitter page is visible to public. 2/2 ^MA"
325847,193629,@AmazonHelp Then they shouldn't say Prime.,AmazonHelp,,325846,@193629 Prime Two-Day shipping timers do not begin until an order ships. Learn more: https://t.co/DbnSB0WOS7 I hope this helps! ^JE
2334536,325659,@AmazonHelp esta daqui https://t.co/BHmOaxSCpA,AmazonHelp,,2334540,"@325659 Por favor, confira os termos e condições no final da páginan neste link: https://t.co/p5smbC651m (2/2) ^CR"
77541,133276,@AmazonHelp So what is the reason in this case.,AmazonHelp,,77542,@133276 I understand your concern. Kindly reach out to our support team here: https://t.co/vlvfJr4nN9 and we'll assist you accordingly. ^GD
2490608,711140,Ya estas aquí te esperaba con ansias 😃 @96738 @116928 #Colombia https://t.co/9AGonThfQ8,AmazonHelp,,,"@711140 Hola Jeff, ¡que alegría que ya te llegaron! Cuéntanos, ¿qué es lo que más te gusta de este manga? 😍✨^FZ https://t.co/KqhYrxJygE"
226024,193228,"@119625 @115850 @116618 @AmazonHelp Please add more ""Marathi"" language Movie's, Web series",AmazonHelp,,226016,@193228 Your comments will be forwarded to the relevant team as feedback. Kindly stay tuned to https://t.co/Oc4q8KxtdZ ^MJ
52227,127743,@AmazonHelp How can I reach out to you guys via phone or chat?,AmazonHelp,,52226,@127743 You can reach us via phone or chat here: https://t.co/JzP7hlA23B. Hope this helps! ^SK
166377,154648,@AmazonHelp Hola me aparece esto https://t.co/jRBN586skn,AmazonHelp,,166378,"@154648 JA, te comento que el producto no se encuentra disponible en estos momentos, por eso es que te da error a la hora de intentar hacer la compra. ^LC"
550544,248251,@AmazonHelp I called costumer service to know about return policy but they way your customer representative chris answered was really bad . I didn’t expect this kind of response from amazon costumer representative,AmazonHelp,,550543,@248251 I'm sorry to hear that!  Do you still need information about our return policy?  ^WB
199662,163092,"@AmazonHelp Pas, les horaires ne sont pas suffit (ferment a 19h). L'idée des Lockers est genial, mais l'execution que j'ai experimenté...",AmazonHelp,,199663,"@163092 Je comprends, vous ne pouvez pas livrer à votre travail ? ^ Ko"
169637,155506,"@115830 Just wasted the entire day waiting for an Amazon Prime delivery that never came - kept telling me due to be delivered by 8pm today and nothing, an whole day wasted",AmazonHelp,,,@155506 We are sorry to hear that your package did not arrive as expected. Did you receive an email notification regarding the delay? ^LM
2485638,226779,"@AmazonHelp Bye amazon.. enough explained you and your team.. 
No more now.. if you wanted you would have approched me..

Not like this.. it's harresment.. I told earlier too dats this account is without email address.. and your form demands it.. nd all.. 

Keep rs 15..you lost a custmer",AmazonHelp,,2485637,"@226779 I understand you being disappointed, apologies for the inconvenience. We certainly want to help you. Please add an email ID to your account and share the details from the secured link. We will take corrective actions. Appreciate your cooperation. ^BS"
539703,245175,Hi @115830 I sent a DM to @AmazonHelp five days ago &amp; still no reply to my question. I totally understand that it’s the festive season &amp; there are way more important things going on in the world but any chance I can get an answer or at least pointed in the right direction ?,AmazonHelp,,,"@245175 Were you able to use the link Sami provided? If so, what was advised by the agent? ^FR"
133903,146164,Le service Prime se détériore de jour en jour. On fait comment pour retrouver un service de qualité @120533 ?!,AmazonHelp,,,"@146164 Bonjour, désolée d'apprendre cela :/ s'agit-il d'une commande en retard ? ^SN"
2353854,680137,"@AmazonHelp I am purchasing from Amazon and i think it is your responsibility to check everything . How can you charge more price ?
MRP incudes each and every tax which is levied on the item . So how can the billed amount be more than MRP ?",AmazonHelp,,2353853,@680137 due to reasons mentioned here: https://t.co/K1AfKlsG9W. 2/2 ^EM
574535,255136,Dear @AmazonHelp please don't keep me on read. Respond to my DM. 😀,AmazonHelp,,,"@255136 It appears we haven't received a DM from you recently, but we're happy to help if we can. Would you mind telling us more about the issue? If you prefer, you can DM us below. ^JN https://t.co/1XyLaGkcaN"
1499828,468212,Here’s what a $32 pie from @117093 looks like. Great idea packing the pie sideways @115821 https://t.co/QsdZgdsEi7,AmazonHelp,,,@468212 Oh no! We'd like to make this right for you! Please reach us via phone/chat here: https://t.co/hApLpMlfHN ^CS
619088,197812,@AmazonHelp Please check ur records amazon acctn details are already shared thru dis link earlier. Stop this nuatanki of being concerned. Answer what is my acctn no and the bank name which u claim the amt has been transferred since u have it in ur records,AmazonHelp,,619089,"@197812 We wouldn't be able to access your account on Twitter. Please refer to the link shared earlier. Also, kindly let us know if you've received any correspondence from us. Do keep us posted for further concerns. ^BV"
1251990,413687,"@AmazonHelp Preorder earlier than 7 months in advance, basically",AmazonHelp,,1251989,@413687 Was any reason for a delay given? ^PK
1314570,371609,"@AmazonHelp It just feels weak. ""yeah sorry we told the packing guys go away now"". Gives cust the bird. Has product been updated? Process improved?",AmazonHelp,,1314581,@371609 The feedback will be reviewed. If you wish to make a formal complaint please reach out to us and request a supervisor. ^CR
2434583,406894,"@115850 This is 3rd time I have tried placing an order for a book and again the payment is not accepted😑
I would not mind if its a gift😜",AmazonHelp,,,@406894 Apologies that your payment wasn't successful. Have you reported this to our support team here: https://t.co/vlvfJr4nN9 ^RB
1622271,497040,@119625 It'll be great if Amazon introduces Prime Video app for Windows 10 Mobile for users in India. 🙂,AmazonHelp,,,@497040 Absolutely! I'll be sure to pass on your feedback internally. We hope to see you soon! :) ^PB
1043671,366798,"@AmazonHelp @115821 @115850 What do i do with your understanding. I have not received my product. By forwarding feedback, will I be receiving my prdct",AmazonHelp,,1043669,@366798 We're following up with your concern here: https://t.co/nFjbODkduI. Kindly refer. ^VN
980261,352423,"レバーもゴールドに変えたいのに全く届かない。
Amazon予定過ぎてますけど(ﾉД`)",AmazonHelp,,,@352423 お届け予定日を過ぎても商品が未着の場合、状況をお調べしますのでURLよりお問い合わせください。Amazonが発送する場合：https://t.co/J6YEizo6qC 出品者が発送する場合：https://t.co/ZXCXcbN3Tv EK
2599092,735817,"@AmazonHelp Besides, I no longer want an account with Amazon. Keep it frozen for all I care, or destroy it. All I'm asking is that you not charge me for prime on an account which you have frozen.",AmazonHelp,,2599091,"@735817 Hello, We can not access your account through Twitter so we would need you to contact us directly to help with this further. First we need to know was the account a UK or US Amazon account? ^KK"
1390351,443393,When @115830 deliver a parcel but leave it outside and don’t notify you it’s there. Nice wet books for xmas prezzies! 👍🏻,AmazonHelp,,,"@443393 Oh no! I'm sorry, Caitlin! Please reach out to us via phone so we can discuss options with you: https://t.co/JzP7hlA23B ^MW"
1875519,559901,@120474 thanks for deleting my @146898 order when I’d gone through checkout!! Terrible customer service when i called 😭😭😭😭😭,AmazonHelp,,,"@559901 Sorry to hear this - did you speak with the Ticket Team ? If so, what info did they provide ? ^TD"
848931,207241,@115850 at this time your delivery boy attitude are very very high &amp; talking is very very bad. i not see this type of person in life,AmazonHelp,,,"@207241 I understand your concern, I've noted your comments and have forwarded your feedback internally. ^SY"
1398361,445184,@AmazonHelp Are you having trouble in UK? @57880 https://t.co/DJO6MB1wWH,AmazonHelp,,,"@445184 After you enter the characters shown, are you still not able to access the site? Are you getting another error message? ^FJ"
861309,324512,"@AmazonHelp It says, Amazon contact is unavailable. My account linked phone number is 7002677114.",AmazonHelp,,861308,"@324512 Please don't provide your order details, we consider it to be personal information. Our page is visible to the public. 1/2 ^BV"
2845498,791483,@115830 ARGH what am a paying for prime for. Two faulty items and two missing deliveries all in one day,AmazonHelp,,,"@791483 I'm so sorry to hear this. Have you had a chance to review our return / replacement options for the faulty items here: https://t.co/ijxJ9jCwr9 

For the items that are missing, are we past the estimated delivery date, or are they expected today? ^GR"
2970511,819362,@AmazonHelp Right! Thanks. Was able to get some of it back up and running. Now I think it’s a hardware issue.,AmazonHelp,,2970510,@819362 Thanks for the update! Let us know if there's anything else we can do.  ^SE
101760,138291,@115850 please update ur winter collection for men.,AmazonHelp,,,@138291 We have lots in store for you. You can check our collection here : https://t.co/AclCMHIFJb. Do stay tuned on our webpage for more additions. ^CB
2952159,815172,"@113279 Ich fragte wie das sein kann,die Ware ist ja laut Website auf Lager.Antwort war das die dann schon für andere reserviert wären.Brille storniert.Nochmal auf den Artikel und da stehen immer noch 13 auf Lager.Wollt ihr mich verarschen @AmazonHelp @113279 ?!",AmazonHelp,,2952160,"@815172 Hallo, magst du uns bitte kurz den Link zum Artikel zukommen lassen? Liebe Grüße ^TA"
601333,262655,@AmazonHelp Left facility on Friday and no update since then. I needed it yesterday. 😕,AmazonHelp,,601332,"@262655 Thanks for confirming. Late packages typically arrive the next business day. Please keep us posted on the delivery, we want to make sure you receive it. ^BH"
1001110,261934,@AmazonHelp Yes that worked! TY,AmazonHelp,,1001111,@261934 Awesome! Glad we could help! ^TR
2176391,138773,@AmazonHelp dm,AmazonHelp,,,"@138773 Hi, we'll respond to your DM as soon as possible. ^JJ"
835831,318978,"@120474 Oh wow, didn’t even realise you guys were selling tickets. I’ve got some now thanks to you! Amazing!",AmazonHelp,,835832,@318978 ;-) ^AT
2529270,484670,@AmazonHelp No it doesn't help. My phone isn't open to International calling!,AmazonHelp,,2529269,"@484670 Hello, please fill in the link provided and we will reach out to you as soon as possible:https://t.co/mk7tow11c4 ^CR"
1538750,476986,.@115821 can you guys please stop using plastic bubble wrap for ALL shipments!!! 📦 we’re trying to stay away from plastic as much as we can.,AmazonHelp,,,"@476986 We're always interested in improving our services! To leave packaging feedback, please visit: https://t.co/4p3boYybG8 ^MB"
255486,176753,@115821 i will order Philips trimmer and got my order today but the box is empty. How could this possible feeling upset @19915,AmazonHelp,,,"@176753 That's rather strange, Pawan. Please have this reported to our support team here: https://t.co/vlvfJr4nN9 ^JC"
1189760,399642,"@117795 Why do you have Foreign Films with NO ENGLISH SUBTITLES? Ex: CINDERELLA, PRINCESS AND THE PEA under Kids &amp; Family Movies.",AmazonHelp,,,@399642 Hey. What device are you using? The subtitles on these titles work for me. Have you tried - https://t.co/Nu85onxWqn ^TP
2356780,525977,"@AmazonHelp Ob in Chrome oder auch in der Amazon Android App, es ist irrelevant. Passiert überall.",AmazonHelp,,2356779,@525977 Über Twitter haben wir keinen Einblick in dein Kundenkonto. Melde dich bitte mal hier https://t.co/ohyvGrpvrY bei meinen Kollegen im Kundenservice. Wir schauen uns das gern genauer an. Gruß ^DS
166537,154681,"The worst delivery company is @115821 Flex (Logistics). No regular routes so packages are often mis-delivered due to unfamiliar neighborhoods.

Without a union drivers are cheaper than USPS, UPS, FedEx and easy to “fire”, since they’re really temp workers",AmazonHelp,,,"@154681 We'd love to help with this, Eric! Have you had trouble with a recent delivery through Amazon Logistics? ^ML"
2707610,760373,@116875 mi suscripción a Amazon prime aplica para compras en Amazon usa?,AmazonHelp,,,"@760373 Hola, Pablito. Las membresías son exclusivas de cada página, por lo que tu suscripción Prime de Amazon México no aplica para https://t.co/nUUp5MLhYl. ^JQ"
31384,122917,@115830 I've received a message on one of my orders that says my item could not be delivered requires action and to contact you any ideas?,AmazonHelp,,,@122917 I'm so sorry! Do you have an active order? What does the tracking show for it here? https://t.co/aaDyEz1VgE ^TK
86176,134813,@115850 worst experience with amazon till date,AmazonHelp,,,@134813 I'm sorry about the unpleasant experience. Could you please let us know what went wrong so we can help you? ^GD
313244,190806,"@AmazonHelp Je les contacte comment ?  je n'ai pas le bouton "" contacter le vendeur """,AmazonHelp,,313243,@190806 Je vous invite à cliquer sur le lien suivant: https://t.co/hgIrz98cdI afin de joindre notre SAV.^FT
751255,299561,"@115850 @115821 @AmazonHelp .when I will get solutions to my problem.i has been a month ,is this apani dukan , how should I trust you , disgusting ,this is not expected from @115850 . I am tired now.please resolve the issue.#hated Amazon",AmazonHelp,,,@299561 We've responded to your query here: https://t.co/BdnhaDJGM4. Kindly check. ^PS
2960435,263586,"Has anyone else noticed @115821 prime 2 day shipping has been 3 days for a while now? I chose 2 day shipping, say, Monday morning and it's always Thur for delivery now.",AmazonHelp,,,@263586 I am so sorry your packages have been delayed! Are you noticing this is happening more with a specific carrier?  ^LS
2294041,666151,@116313 【問合せ】です。カスタマーサービスの上席の方と電話で話しましたが、対応に不満でした。その件については、どこに問い合わせたらよろしいですか？,AmazonHelp,,,@666151 恐れ入りますが、Twitter上では、カスタマーサービスの対応履歴やお客様のご登録状況の確認ができません。そのため、ご満足いただけなかったところ大変恐縮ですが、再度カスタマーサービスへご連絡いただければと存じます。TY
438710,219244,"@AmazonHelp Everything, my redmi4a was supposed to be delivered on 9th , your courier service Hv excuse of we don't deliver to this area",AmazonHelp,,438709,"@219244 Sorry to know your order isn't delivered yet. Kindly fill your details here: https://t.co/GIJyeYqKE0, I'll look into it. ^NR"
2299768,667498,This is the 3rd time in just as many months I’ve discovered random @115821 orders that I️ didn’t place. Not cool,AmazonHelp,,,"@667498 Oh my! We'd like to look into this with you, Tommy. As we're not able to view your account/orders via Twitter, please reach us here: https://t.co/hApLpMlfHN ^AB"
643735,272837,@AmazonHelp I fild d form like 1hr ago. No reply yet. I still didn't get the answer. Why exactly it was not delivered on 11th Oct @115851 @1840,AmazonHelp,,643734,@272837 Please wait for an update as our team would check the information and get back to you shortly. ^VM
531659,243164,"@115850 first time faced an issue with delivery from amazon.in , even after repeatedly calling delivery guys package is not delivered https://t.co/5ZichnHBRu",AmazonHelp,,,@243164 Please don’t provide your details as we consider them to be personal information. Our Twitter page is visible to public. (2/2)^YP
483033,229890,@AmazonHelp #pathetic #unhappy #amazonIN https://t.co/xiTgM4hDkt,AmazonHelp,,483032,"@229890 Could you confirm if you've reached out to our support team with the link provided earlier yet? If not, please do and we'll get this sorted for you. ^PB"
2975733,820683,Androidのkindleアプリをアップデートしたら起動しなくなっちゃった...本体再起動してもだめ、再インストールしてもだめ。困ったなあ,AmazonHelp,,,@820683 ご不便をおかけしております。タスク管理系アプリやブルーライト軽減フィルターなどの常駐アプリがある場合には一時的に停止して改めてお試しいただけますでしょうか。問題が解決しない場合は、以下リンクよりカスタマーサービスへお問い合わせください。　https://t.co/J6YEizo6qC　SM
2549021,724277,We absolutely loved these Lenci Brown Chaise Lounge chairs we purchased from @115821 . That was until it rained and we now have stains on our beautiful brand new patio left from these chairs #disapointment is an understatement. #amazon HELP @amazonhelp https://t.co/40VmLwq9a6,AmazonHelp,,,@724277 I'm so sorry this has happened! Please reach out to us here: https://t.co/hApLpMlfHN so we can look into options w/you. ^JO
1416823,449287,@115850 How do I change the music library country to INDIA ? INDIA is not in list of countries under settings. Echo says configured wrong.,AmazonHelp,,,@449287 Got to https://t.co/crghASQyRX. Login with your amazon credentials. Click on Settings and set country to India. ^VM
1937640,576407,"@AmazonHelp Hi, I just ordered a brand new keyboard and mouse today, but my order has a status of preparing to ship, and I heard that most of the time when it says this, I will be waiting a while? Is it true?",AmazonHelp,,,@576407 We expect your order to arrive by 8 PM on this date: https://t.co/Y5jpI9gRhE ^LI
827938,317232,@115850 pathetic service.. ordered a product suppose 2 come Wednesday no delivery attempt made n delivery dalayed..2 days over no delivery,AmazonHelp,,,@317232 Apologies for the delay in delivering your order. Please share your details here: https://t.co/GIJyeYqKE0 I'll reach &amp; assist. ^SV
1565030,483181,@AmazonHelp Would like some action taken against this as this is outright lies &amp; I have obviously not received my package. Not satisfactory,AmazonHelp,,1565031,@483181 What does the latest tracking update state here: https://t.co/aaDyEz1VgE? ^AB
12514,118505,"@AmazonHelp Uff, I am continuously trying to tell you that I have already replied and a 24 hr tat for receiving call was given which​ U have failed on",AmazonHelp,,12513,@118505 If you've already replied to the email sent by our team. I'm sure our team will reach out to you soon with an update. ^VM
2675671,753133,C'est sympa @120533  d'annuler un bon plan  @136301  sans prévenir le client...,AmazonHelp,,,"@753133 Bonjour, avez-vous un souci avec une commande en cours ? ^ASZ"
4950,116874,@AmazonHelp No. Como puedo contactarlo,AmazonHelp,,4951,@116874 Quirino al ingresar al correo de confirmación de compra te aparecerá un enlace en el cual esta el número de guía de tu pedido. También puedes utilizar la siguiente información para contactar con el transportista:  https://t.co/mEKBC5rf63 ^PC
392221,208873,@AmazonHelp Why do I have to keep chasing and chasing after an order I KNOW what misdelivered?,AmazonHelp,,392219,"@208873 It's frustrating Adam, but only you can give USPS your personal information to trouble shoot the issue. Keep us updated! ^JD"
652057,275060,@AmazonHelp Bah en fait j'avais fait la suppression après j'ai pris contact avec le service client mais j'ai peur d'une mauvaise surprise 😔,AmazonHelp,,652055,@275060 L'agent du service client a effectué les vérifications nécessaires. Soyez assuré et n'hésitez pas à nous contacter via https://t.co/hgIrz98cdI en cas de besoin ^KD
2367262,683319,"@AmazonHelp It’s allegedly out for delivery again today, but I wish that meant what it’s supposed to mean. I wouldn’t have paid for shipping when I have Prime if I didn’t need it yesterday.",AmazonHelp,,2367261,@683319 Packages can be delivered on Sundays. Please keep us updated on its arrival! We're here to help! ^ZW
1325660,429321,"@AmazonHelp Refund credited to my a/c today for the toy, i never asked for it, i wanted delivery which your team couldn't assure after 1 month &amp; 21 days",AmazonHelp,,1325659,@429321 We would like to investigate this issue further. Please share your details with us here: https://t.co/GIJyeYqKE0. ^ZH
1986973,588164,"@AmazonHelp The issue has been going on for 5 months, I suggest you read the notes on the account",AmazonHelp,,1986972,"@588164 Sorry to hear this. We cannot access your a/c here, but can you tell us about your issue, without sharing a/c information?^GA"
2736228,766778,@AmazonHelp package says delivered yesterday and there is no package to be found- plz help,AmazonHelp,,,"@766778 We're here for you! Have you tried all of these steps: https://t.co/EQGST80UhK to locate your order? Please, let us know! ^JE"
2779269,267749,"@AmazonHelp Thanks for the quick response. Yea prices do fluctuate. But the deal price and regular selling price should never be the same. Creating a hype in the name of ""Deal Price"" isn't fair. Kindly rectify.",AmazonHelp,,2779268,@267749 Appreciate your understanding. I'll be sure to pass on your comments internally to the concerned team for a review. ^GD
1916107,126720,@AmazonHelp I think I should forward this to your CEO then only u realise how u cheat customers,AmazonHelp,,1916106,@126720 Our Social Media team will be reaching out at the earliest. We will do our best to make things right for you. ^CB
505812,236027,@AmazonHelp It just says ‘delivery by standard’,AmazonHelp,,505811,@236027 We'd like to look at this in real time with you. Please reach out to us via phone or chat here: https://t.co/JzP7hlA23B^JP
441924,219794,"@AmazonHelp I hv bn taking up issue since yesterday wth @115850 &amp; reply I get is, it will be delivered on priority. God knows whats ur on priority is.",AmazonHelp,,441925,@219794 Could you please confirm if we happen to miss the estimated delivery date? ^AG
619981,267155,"@AmazonHelp Way missed, its pending delivery date now",AmazonHelp,,619980,@267155 We'd like to see what we can do to help out with the order! Please reach out to us here: https://t.co/hApLpMlfHN ^DD
2880410,799329,@120533 je ne reçois pas le mail avec le numéro ou alors très longtemps après donc plus valable. Votre bug bloque bcp  de monde,AmazonHelp,,,"@799329 Bonjour, pourriez-vous m'expliquer votre demande plus en détails s'il vous plaît ? ^AR"
117832,142135,Waiting on @115821 to ship my @142136 #anthology is like watching paint dry... instead of today arriving it'll now be the 30th... 😭,AmazonHelp,,,@142135 Oh no! Did the delivery date change? ^JO
683844,183217,@AmazonHelp Darker Than Black anime title is not on Amazon Prime India anymore. So as Fullmetal Alchemist,AmazonHelp,,683843,"@183217 Unfortunately, these episodes are no longer available. We’re constantly adding new content to our library. We’re sorry for the inconvenience caused. ^GD"
605196,263836,@AmazonHelp And I've just been put on hold for the last 10 minutes. This is getting stupid!,AmazonHelp,,605197,@263836 I'm sorry to hear about the poor experience. Without giving out account / personal information what was the issue and what have you been advised? ^MI
2524336,718843,"@AmazonHelp While I appreciate the security, you guys locked me out of my account because I added a new payment card and bought gift cards with it. Ugh. It's me!!",AmazonHelp,,,"@718843 I am sorry you were locked out. Please reach out to us here: https://t.co/jzvkhdlrK5.
We'd like to help anyway we can. ^CC"
301039,176087,@AmazonHelp Do you know when I will get contacted as the email said 24 hours,AmazonHelp,,301038,@176087 I've requested an update for your account. You should be contacted during regular business hours. ^EZ
582644,257369,"Suchanfrage war ""Geschenk für Kind"" @116316 https://t.co/w3GAZJ9n7k",AmazonHelp,,,@257369 Vielen Dank für deine Aufmerksamkeit! Das ist natürlich nicht richtig und ich habe es soeben an meine Kollegen weitergeleitet. Ich wünsche dir einen schönen Sonntag! ^AK
503384,235300,"I'm not surprised. @115821 went from great service to absolute shit. They didn't deliver 4 out of the last 5 packages. If this continues I'll cancel my prime. 
 https://t.co/iSb9OkCbK7",AmazonHelp,,,"@235300 I apologize for the missing packages, Viktor! We're happy to take look into this with you! Please contact us directly via phone or chat here: https://t.co/hApLpMlfHN ^CS"
347355,194382,"Srsly, @AmazonHelp, your system deleted five of my VIne book reviews sometime in the recent past, despite them obviously being legitimate? What gives with the new algorithm?",AmazonHelp,,,@194382 I'm sorry for the inconvenience caused! Were you given a reason? You can check guidelines here: https://t.co/IRyis3SybI ^DW
2762770,494681,"@AmazonHelp you think the customer is a fool? you take 50 rs for next day delivery and today i see the delivery date is changed to tomorrow? 
u want 50 rs ask me..dnt fool around please",AmazonHelp,,,@494681 I understand your concern regarding the order. Please report it to our support team here: https://t.co/2t6DQoUmNZ we'll look into it and help you out. ^AP
436861,218751,"@AmazonHelp I ordered Keter Store It Out Max but it does not have correct backing piece. This item is too large to post back, what do I do?",AmazonHelp,,,@218751 Thanks for reaching out! Was this item shipped by Amazon or a third-party seller: https://t.co/Y5jpI9gRhE? We'd like to help! ^KJ
2924501,809240,@AmazonHelp Yes. Orders page says to check back Thursday if it's still not delivered.,AmazonHelp,,2924500,"@809240 If you haven't received your package by Thursday, please don't hesitate to reach out to us here: https://t.co/hApLpMlfHN ^LJ"
275532,181817,@AmazonHelp I have already shared the order ID with multiple communication. Please check the same.,AmazonHelp,,275531,"@181817 We are working on your issue. Be assured, we will work it out at the earliest. ^CB"
612649,265703,@115821 Support will not listen.  Is there anyone on the other end of this Twitter account who cares about #Echo and #Alexa functionality?,AmazonHelp,,,"@265703 Without giving us any personal information, can you let us know what has happened? ^KI"
234777,171905,@AmazonHelp email so many times bt u goons r nt solving problem.u r writng reply mail thr your executive team KG students don't knw anything giving fake,AmazonHelp,,234778,"@171905 We haven't received your revert. Please reply to the email, we'll check and help you accordingly. ^OS"
2299739,667488,@AmazonHelp gracias,AmazonHelp,,2299738,"@667488 Con gusto Marco, si tienes otra pregunta no dudes en contactarnos. ^NB"
128103,529267,@123813 Ya se encuentra la aplicación en smartv ?,AmazonHelp,,128093,"@529267 Hola EDGAR, si está disponible, por favor checa las siguientes informaciones:https://t.co/m82qtRgWzm . ^MB"
133858,146160,@AmazonHelp I am saying again that I have not received any email to my registered email ID.,AmazonHelp,,133859,@146160 We've emailed you here: https://t.co/8DAc10S7ww Kindly check. ^SY
1731639,523179,@120533 Envoyé. Je compte sur vous pour faire en sorte que cela ne se reproduise JAMAIS. Merci,AmazonHelp,,1731638,"@523179 Parfait, nous ne manquerons pas de remonter l'information afin que cela ne se reproduise pas.^FT"
576016,255535,@AmazonHelp It is going to take to long to be delivered and I have also found the item £50 cheaper at @127893 so please can someone sort this out?,AmazonHelp,,576015,"@255535 Sounds a bit strange, Eoin. Amazon cannot place orders on behalf of a customer due to data protection. Did you receive an order conformation via email for this order? ^JC."
1427888,451680,"@AmazonHelp Also, at this point it’s getting to be so late I don’t know if I feel comfortably eating the food.",AmazonHelp,,1427887,"@451680 We'll need you to reach out to us to see what options are available then, Josh. Please go here: https://t.co/hApLpMlfHN ^MJ"
2858094,794304,@AmazonHelp https://t.co/7QilMdJZoU,AmazonHelp,,2858093,"@794304 Hi there! In order for us try and recreate your issue, please provide the size and color options you have selected. Thank you! ^SP"
1609078,494041,"@AmazonHelp Now expected 5 Nov - 8 Nov
We're sorry your package is late. We're working to get your package back on track. Was expected Saturday, 4 Nov",AmazonHelp,,1609077,@494041 So sorry about the delay. We do aim to deliver by the delivery date given at the time the order was placed. ^KM
802296,311184,ça se passe comment @115821 quand on vole mon compte en changeant mon adresse mail ????,AmazonHelp,,,"@311184 Bonjour, je suis désolée pour cela, merci de le signaler à notre SAV via le lien: https://t.co/MBTDQi7u2J afin d'y remédier.^ASZ"
1109483,381822,"@115850 Close your ""APNI WALI DUKAN"" 6 days to go my package not received, 3 times taken customer, copy paste answers still issue is there",AmazonHelp,,,"@381822 I'm sorry for the inconvenience in delivering your order, write to us here: https://t.co/GIJyeYqKE0 &amp; we'll fix this for you. ^MJ"
129658,145227,@AmazonHelp so how can i know that you announced the result,AmazonHelp,,129657,"@145227 An email will be sent to all the winners of the contest by our marketing team, once they are announced. ^PJ"
865718,325584,"@128308 Hi team, when u will be announce the winners of #FireUpYourTv contest ??? Can't wait anymore!!! Please announce asap.. super duper excited",AmazonHelp,,865721,"@325584 The results will be out soon, Minhaj. Stay tuned :) ^JC"
2455228,703323,"shame on you @115850 @115821 and @145529 for Order# 405-6019247-9304348, it's been more than a month and still waiting for delivery.I am tired of being making useless calls to cs team.  dumb cs executive talking politely only for rating. can someone look into this issue??",AmazonHelp,,,@703323 Please don’t provide your order details as we consider them to be personal info. Our page is visible to public.2/2^SC
341418,197574,"@AmazonHelp So Finally,. Order is now returning back without making single effort for delivery. Amazon has proved thier character again.. Ashamed of you",AmazonHelp,,341421,@197574 Every canceled order is followed by an email. Request you to check for the email  1/2 ^SB
1114868,383094,@AmazonHelp Which will be 3rd time. don’t understand why item is so hard to deliver. I asked 4 voucher in compensation for wasted time but told no!,AmazonHelp,,1114869,@383094 and what was the reason given for delay? ^AS
923944,339250,@339258 @120533 deja que vos livreurs ne vont pas jusqu alaboiteauxlettres en pretextant que vs etes pas la &amp; la vs voulez qu il rentre chez nous,AmazonHelp,,923945,"@339250 Bonjour, rencontrez-vous un souci de livraison avec une commande en cours ?^FT"
1341663,432933,@AmazonHelp Yez i got a reply tuesday saying dear friend i will send you more . I dont want it i.ordered it on 29th sep it took a month to come,AmazonHelp,,1341665,@432933 Did you reply back to the seller on Tuesday informing them of this?  ^CO
2300025,184345,"@AmazonHelp I ordered a can of rockstar freeze and yet it seems to be running late with delivery here my order number 
202-7922826-6204332",AmazonHelp,,2300024,@184345 We're unable to view your order on Twitter and don't suggest sharing order details here! What does the latest tracking indicate: https://t.co/aaDyEz1VgE? ^AB
840874,320057,@AmazonHelp What is this?? Order still not delivered for yours kind information. https://t.co/0FzpuBfguN,AmazonHelp,,,@320057 I'm sorry for the trouble. Please reach out to us at https://t.co/vlvfJr4nN9 we'll check it for you. ^AU
277127,182216,"@AmazonHelp 
Advantages of being a prime member. The price of product goes up when I select prime :-) https://t.co/wU7eUKAiKw",AmazonHelp,,,@182216 We're sorry to hear that!Please contact us here: https://t.co/rS49hgaADF and we'll do our best to assist you accordingly.^SU
526139,241737,@AmazonHelp 返信ありがとうございます。はい、いまジャズが流れています。,AmazonHelp,,526140,@241737 ごゆっくりお楽しみくださいませ♪♪♪ ｄ(＞∀＜) TN
2280463,662925,@AmazonHelp Yes i have now reset my password will keep an eye on it and make sure no more prime membership emails are sent,AmazonHelp,,2280462,@662925 Thank you for letting us know! Please keep us updated if you need any more assistance. ^LR
1211208,404285,@115830 ...seriously? Wouldn’t an envelope have worked? https://t.co/pg0buCrZde,AmazonHelp,,,@404285 Thank you for bringing this to our attention! We are always looking to improve. Leave feedback here:https://t.co/v8NMCz6wtF. ^AL
2473469,171992,"My @115833 #Alexa's voice changed mid sentence. The speaker has gotten very tinny/trebley. Even playing Pandora, etc. This along with vox recognition glitches is s  bad turn of events right before the holiday giving season.",AmazonHelp,,,"@171992 Hi- sorry to hear that. Did you try restarting it already? To restart, unplug the power adapter from the wall outlet and plug back in. You won't lose your registration information or device settings. ^MA"
522431,213865,@AmazonHelp how much money does gift wrapping cost so i know how much extra money ill need to spend?,AmazonHelp,,522435,"@213865 Our gift-wrapping costs range from $3.49-$5.99 and vary by item size. The wrapping cost for each item is listed on our order form if you indicate that any items are gifts, so you may decide whether or not to have the item wrapped before you place your order. ^EP"
2728042,764947,@115850 Hey Amazon india why Ur Amazon gift card Of Sun feast yippe is not working  ?,AmazonHelp,,,"@764947 I'm sorry, could you elaborate on which gift card offer you're referring to, Gaurav? ^JC"
2863467,473680,@AmazonHelp Order 204 7500565 3187547 if you’re interested but I have my doubts.,AmazonHelp,,2863466,"@473680 I'm sorry for any misunderstanding, our team is unable to access your account or orders here on Twitter. Without posting account or order details, can you please tell us when your order was originally due to be delivered? ^JR"
570132,253824,I'd just like to take a second to thank every single @118706 worker and @115821 worker working so hard this holiday season. Thank you for delivering joy to our homes and families.,AmazonHelp,,,@253824 Thank you! We appreciate you and we're happy we can help this holiday season!❤️  ^AG
2317689,671938,Perché sul decoder Android di @20580 non è disponibile l'app di @116618?,AmazonHelp,,,"@671938 Ciao Lorenzo, il decoder di Tim Vision non è un dispositivo compatibile con Prime Video. Qui trovi maggiori informazioni: https://t.co/OXNXM0E5hz. ^MZ"
778935,306022,@AmazonHelp Still no update on the shipment.,AmazonHelp,,778933,@306022 I'd like to assist you with the status update of your order. Please provide your details here: https://t.co/cllwXc2HeK. ^SF
61012,122220,@AmazonHelp Voll vergessen 🙈 aber wie soll das Spiel den pünktlich ankommen sonst braucht nen Paket 1-3 Tage :/ :o,AmazonHelp,,61011,@122220 Manchmal auch nur 1 Tag 😃 Den aktuellen Stand deiner Bestellung findest du im Kundenkonto. Gruß ^MH
347790,198557,"@115821 @115850 very poor customer handling and service delivery from your side. Ordered 1 shoe rack from your site, paid upfront  1 of 3",AmazonHelp,,,@198557 I'm sorry for the stretch. Please fill this form: https://t.co/beaaDm0muc and we’ll contact you at the earliest. ^AU
1511946,470930,@AmazonHelp yea i await ur response,AmazonHelp,,1511947,"@470930 Thanks for understanding, Saksh. :) ^NK"
2603124,736648,@117634 ERROR CODE -505!!! Turned my fire hd 10 into a paperweight!!! No books nothing!!,AmazonHelp,,,@736648 Have your tried restarting your device? You can do this by holding the power button for 40 seconds then restarting. ^KI
2612301,738614,"@AmazonHelp Bonjour, je viens de voir que mon colis a été laissé à l'intérieur de la boîte aux lettres de la maison aujourd'hui à 11h31 exactement mais il n'y avait rien dans la boîte à lettre,  N° de commande : 171-4261117-4533908",AmazonHelp,,,"@738614 Bonjour, avez-vous vérifié si ce dernier a été mis par erreur dans la boîte aux lettres de l'un de vos voisins ? ^AR"
2834213,300766,Why is it when I get a parcel from @115830 that it never arrives singing just like the adverts?,AmazonHelp,,,@300766 Have you tried nudging them a little? They may be a bit shy? ;-) ^BD
2769084,774212,"@AmazonHelp Mein gewählter Bankeinzug wird nicht als Zahlungsmöglichkeit akzeptiert, obwohl es nie Probleme oder Zahlungsverzüge gab, wie kann das sein? Was kann ich tun? #verzweifelt",AmazonHelp,,,"@774212 Hey, unser System führt in bestimmten Fällen Routineprüfungen durch. Die Prüfung ist automatisiert und eine manuelle Änderung der Zahlungsart durch den Kundenservice ist leider nicht möglich.
Mehr dazu findest du hier: https://t.co/xJtSTQcW1V ^AM"
18702,120173,@AmazonHelp It says wrong product has sent .. refund cannot be given ... u kindly ask ur courier guy n confirm me what was given to him ..,AmazonHelp,,18701,@120173 Kindly reply to the email that we've sent. We'll investigate this further. ^SG
1735574,524030,@AmazonHelp Can I dm you my track number?,AmazonHelp,,1735573,"@524030 We don't have access to accounts on Twitter, but we'd like to look into this. Call/e-mail us here: https://t.co/JzP7hlA23B ^BH"
1860177,132434,"@AmazonHelp Ok, that fixed the getting details issue. But Amazon Hub is not sending access codes to my phone.",AmazonHelp,,1860176,@132434 Oh no! Sorry to hear. Please reach out to us here: https://t.co/hApLpMlfHN so we can take a look.^ES
2897680,802847,@AmazonHelp Hmm I don't know for sure now. I had a package that had a delivery date of yesterday yet it still hasn't arrived. I'm assuming it's because of the holidays that you guys are backed up?,AmazonHelp,,2897678,"@802847 It is a busy time of year, but we always aim to meet the delivery date provided during checkout, and on your order confirmation e-mail. What does the latest tracking update for your order show here: https://t.co/ffhIILKdbE? ^MB"
360699,190898,@AmazonHelp Didn't received any information.22 hours passed. 2 time also no solution is given 😒😡,AmazonHelp,,360698,@190898 Kindly check it here: https://t.co/8DAc10S7ww and we'll it take it up further. 2/2 ^EM
814398,313957,"@AmazonHelp Bonjour, je l'ai signalé. Le service client a eu Colis Privé qui a dit que le colis serait livré aujourd'hui avant 19h. Pas vrai. En plus d'être incompétents, ils mentent. Amazon.fr ne va pas gagner des clients avec eux...il n'y a qu'à voir le nombre de tweets de gens mécontents",AmazonHelp,,814397,"@313957 😕 Si votre colis n'est pas reçu aujourd'hui comme indiqué, merci d'en aviser notre SAV encore une fois pour voir cela avec eux ^KE"
346965,198621,Amazonプライム会員知らん間になってるやん！映画観れるんやな。。勝手に登録されるとかヤバいな,AmazonHelp,,,@198621 なお、Amazonプライムの特典は追加料金なしでご視聴いただける「プライム・ビデオ」など様々ございますので、よろしければ、リンクのヘルプページをご参照ください。https://t.co/qjaFIyMkEk TN
1193967,400546,"Amazonから支払い番号全然こうへん…
3日まで間に合うかな…",AmazonHelp,,,@400546 お待たせしております。https://t.co/st4oU5QbhPが発送する商品の場合、お支払い番号は商品が出荷準備に入りしだい発行されます。詳しくは、こちらのヘルプページをご参照ください。https://t.co/MCsyqdVdSq YM
1310601,426263,"Il me manque UN seul foutu truc pour mon costume d'Halloween, que je ne recevrais surement plus à temps maintenant. Pas merci @120533 😒",AmazonHelp,,,"@426263 Bonjour, en quoi puis-je vous aider ?
^YL"
2412582,126282,"@AmazonHelp Not creating an account. Very simple, drive up the street &amp; deliver &amp; then back down the street to deliver. You don’t zig zag down the street putting kids &amp; residents in danger. Not a driver problem. A management/ logistics problem. Local authorities notified to watch.",AmazonHelp,,2412581,@126282 An account is not necessary to give us the details on the given link. You may select 'skip login'. Thank you! ^RO
651553,274953,"@AmazonHelp You have got ""Amazing people' employed. They couldn't do a reverse pick-up even today. No use chatting with the service representative 😡😡",AmazonHelp,,651572,@274953 Sorry to hear that. Kindly drop in your details here: https://t.co/nXeQGiVbwR and we'll work on it. ^NS
1057379,369664,@AmazonHelp 2/2 pay for prime membership and still get a bad service.,AmazonHelp,,1057378,@369664 Please use this link to get in touch via phone or chat and we'll look into this for you: https://t.co/JzP7hlA23B ^RL
1047225,367524,"@AmazonHelp Did, and also provide what you asked for. Still show 10 days delivery",AmazonHelp,,1047224,@367524 Apologies for the trouble. Please drop your details here: https://t.co/7MICWMGdf8 we'll connect with you on this. ^RB
69813,131812,@AmazonHelp I wrote mail back ! I understand you want cheat Indian customer and you don't want solve the problem. Till I get my product I won't stop tweeting. Worst experience in the world- Amazon,AmazonHelp,,69812,@131812 We value your time and make sure to resolve this at the earliest. Appreciate your patience. ^MN
409657,212688,@AmazonHelp It's supposed to be here today but ever since you guys switch delivery systems my packages come later and later...,AmazonHelp,,409656,"@212688 Just to confirm, is it the order out for deliver? Packages can be delivered up until 8pm. ^HC"
2238646,652748,Just got a brand new book delivered from @115830 and it's damaged with lots of folded pages and dogeared  #sadtimes https://t.co/tCJbcQNogZ,AmazonHelp,,,@652748 I'm sorry your book arrived in this condition. You can check out return options here: https://t.co/5kb2t8PLs6 ^JF
719334,292141,"Bought something from @115821, supposed to receive 5 pieces and only received 1. Wtf? That’s BS.The seller basically stole my money.😒",AmazonHelp,,,@292141 I'm sorry to hear of the trouble! Have you attempted to reach the seller using the guidance here: https://t.co/44LtZV2aTh? ^ST
2772989,775052,@115850 why offer a discount of Re 1? 🤔 https://t.co/4c7whEfQS0,AmazonHelp,,,"@775052 I understand your concern regarding the offer. However, this is the best price we could offer at this point of time. ^BV"
1496663,467474,@AmazonHelp is this legit? (can never tell if it’s just some random account emailing u) https://t.co/OC0icspDLl,AmazonHelp,,,"@467474 Hey, please get in touch with our tickets team to confirm this - https://t.co/ub6EQegz11 Keep us posted ^TP"
372170,204171,"@117086 o Amazon Prime Vídeo é pago? Se sim (o que é óbvio) quanto custa, aproximadamente, e à quais conteúdos se tem acesso ?",AmazonHelp,,,@204171 Olá Anderson! Você pode encontrar todas essas informações no seguinte link: https://t.co/RbSFaR4Ieu ^HC
1912665,569725,@AmazonHelp Nn c’è qualcosa per chi fa tanti acquisti su Amazon... tipo una carta gold o qualcosa del genere?,AmazonHelp,,1912664,"@569725 Al momento non abbiamo questo tipo di iniziative, mi spiace! ☺️ ^GA"
2284028,663747,@115850 really disappointed with Amazon customer service. Trying to call from last 4 days. Unable to connect with it. FRUSTRATED,AmazonHelp,,,"@663747 I'm sorry to know about the experience you've had. Kindly try contacting our support team via Chat or Email here: https://t.co/vlvfJr4nN9, let us know how things go. ^MP"
2910414,446983,@AmazonHelp O oceano no fim do caminho do Neil Gaiman 😋,AmazonHelp,,2910413,@446983 Esse daí é um livro legal demais!❤️😀 Tomara que curta muito a leitura dele!😊 ^HC
2511604,346152,"I seriously believe my @115833 is defective, b/c whenever @97667 &amp; I have a conversation w/o saying words remotely close to #Alexa she’ll start talking as if she was just sitting in her seat waiting her turn to add her 2 cents. Pay a bill Alexa, w/ your nosy a**. 🙄",AmazonHelp,,,@346152 How peculiar! We can look into what keeps waking her up. Learn how to look at the dialogue history for your Alexa device here: https://t.co/PECv6Dkyc4 ^GM
341558,197581,"ｳﾞｧｱｱｱｱ
勝手にプライム会員になってるううううう",AmazonHelp,,,"@197581 (2/2)更新後に特典の利用がなければ、キャンセル手続き後、年会費の返金を承ります。
詳しくはこちらをご確認ください。 https://t.co/JrKFIybs6n　MH https://t.co/GxftYFrtgq"
1117067,383580,@AmazonHelp got it thank you sooo much amazon,AmazonHelp,,1117066,"@383580 You're most welcome, Jay. ^KA"
290429,185177,"@115821 is awesome. They made sure I got my order on time, despite saying it would be delayed. Maybe awesome customer service is the real reason they are killing retail.",AmazonHelp,,,"@185177 I'm glad to hear you received your item on time, Bryan! Thank you so much for taking the time to let us know how we're doing! ^HC"
2609906,332120,"@AmazonHelp Says between the 17th and 24th, it's just annoying more than anything really.",AmazonHelp,,2609907,@332120 What delivery speed did you select when ordering? ^PK
931520,340985,"@AmazonHelp Hey. So today morning, again 2 more episodes and then the same error again as I switched to Season 2.",AmazonHelp,,931521,@340985 That's odd! Kindly report it here: https://t.co/9VrvB82P7G and our team will have a look into it for you. ^AB
1101723,182456,"Never get into a trap of @115850 discounts. They stock all the faulty products and tag a #SALE on it. 
https://t.co/DuX3iWid9d",AmazonHelp,,,"@182456 We've sent a correspondence to your registered email address, request you to check the same. ^SH"
2719996,140382,"@AmazonHelp As per my original message they were on today's deals, not orders!",AmazonHelp,,2719995,"@140382 Hey - some deals can be cancelled, postponed, or modified at any time. For more information on Lightning Deals, please see: https://t.co/Nbxk3LDhzo  ^TD"
2311268,193845,@AmazonHelp you've charged me £42 for a replacement after you already confirmed receipt of original from me. Why have I been charged?!,AmazonHelp,,,@193845 This isn't what we'd expect! Have you had the chance to speak with us via phone so that we may investigate this together? ^JE
2130909,441736,@AmazonHelp Believe it or not but I'm waiting for @115850 customer care to magically solve all the issues I've with the device 😐,AmazonHelp,,2130907,@441736 I understand your concern. Please elaborate on your issue here so we can understand this better. ^NR
436368,218635,@AmazonHelp I know.furture i can't share. but 200%  i can't accept that Agent action.@115850 what action take that irresponsible Delivery Agent???,AmazonHelp,,436366,"@218635 I understand your concern, please contact us here: https://t.co/rS49hgaADF so that we can assist you accordingly. ^JS"
1739854,525030,@115850 Disgusted by ur services! Ur customer care agent CANCELLED my order WITHOUT my consent. Moreover order ws accepted WITHOUT stock!,AmazonHelp,,,@525030 your details here: https://t.co/cQVomR1pWz and we'll sort this for you at the earliest. 2/2 ^KH
787506,307854,@115851 @115850 @AmazonHelp I am really disappointed by the service regarding order # 406-5912107-3797119 #Fake claims #Patheticservice,AmazonHelp,,,"@307854 Please don't provide your order details, we consider it personal information. Our Twitter page is visible to public. ^MJ"
2793013,779459,@AmazonHelp Lol what a joke. It was never delivered. Lol,AmazonHelp,,2793014,"@779459 We'd like to look further into this with you, Matthew. Please reach out to us here: https://t.co/hApLpMlfHN. ^WJ"
842264,320337,"I made an order on @115821. Showed me an estimate of arrival, after the checkout I received a different one, I have prime account. #nothappy",AmazonHelp,,,"@320337 Hi, sorry to hear that. What delivery option did you choose during checkout? ^JJ"
2252908,656312,"@AmazonHelp Amazon Logistics keeps delivering my packages to the same number house, one street over. I like getting to know my neighbors - but I like my packages more!",AmazonHelp,,,@656312 I'm sorry this keeps happening! We'd like to have our Logistics team investigate this. Please send us your order details here: https://t.co/qMKdbjGPrc ^MB
2470093,706550,@AmazonHelp It says it should have been delivered but I haven't received this item.,AmazonHelp,,2470092,@706550 did yoiu have a safe place set up? ^AS
1866904,210101,"@115850 @AmazonHelp After purchasing Echo Plus, when will prime membership will be activated ?",AmazonHelp,,,@210101 We'll provide more insight on this once the device ships. Did you get a chance to place the order? ^HK
2682208,754527,"Halloween costume hasn’t arrived from @115821 yet, fuming paid for two day delivery and it was meant to be here yesterday!",AmazonHelp,,,"@754527 I'm sorry for any trouble, Harriet! What does the current tracking status indicate here? https://t.co/aaDyEz1VgE ^FD"
2290060,665261,@115821 Hey there! Is it possible to get a Select All option for Recently Added in Prime Music?,AmazonHelp,,,@665261 Thank you for this suggestion! You can provide Prime Music feedback here: https://t.co/3xOLO3EcGD ^LR
2831549,788394,@115821 checkout isn't working on #CyberMonday. What gives?,AmazonHelp,,,"@788394 Hey there! Please try refreshing your browser and if you're still experiencing trouble after that, try restarting your device. Hope this helps. ^AP"
2598524,735681,@AmazonHelp On the German amazon.de i received trackinginfo from a product i ordered but i already got it 2 days ago. It says it will be arriving on november 21. What is wrong here?,AmazonHelp,,,"@735681 Seems like a data hick up. Please be patient until the information is updated. At least, you're lucky it's not the other way around. 😉 If you want our customer service to make a note in the order, please reach out to them via https://t.co/5RHhEVutwe Kind regards ^UK"
1808121,543199,"Amazonっちなんか、買ったやつ届かんけどどうした？わら

え？よーわからんわ",AmazonHelp,,,@543199 お届け予定日の最終日を経過している場合は、お手数ですがAmazonが発送する場合→https://t.co/J6YEizo6qC、出品者が発送する場合→https://t.co/ZXCXcbN3Tv をご参照の上お問い合わせください。SK
129202,145088,@115850 Can you please luk in the return of Order ID 171-6310873-4416326:. It was scheduled 2 months ago. Bt the seller neither responded or picked up. the mail Id vch ordered does nt have twitter. Also mailed 10 times to @115850. no reply. @118702 @4030 @6047,AmazonHelp,,,@145088 consider it to be personal information and our Twitter page is visible to the public 2/2 ^AP
2391850,688856,@AmazonHelp いつまででしょうか？,AmazonHelp,,2391851,@688856 誠に恐れ入りますが、再開の有無や時期は未定のためご案内させていただくことができません。　SM
239497,172906,"@AmazonHelp it would be great if we could specify that you don't use @118706, another delivery wasn't made on time and I constantly receive mail that has been sorted incorrectly.",AmazonHelp,,,@172906 I'm so sorry for the frustrating experience! We'd like to look into this ongoing issue with you more. Please reach us by chat/phone here: https://t.co/hApLpMlfHN ^HS
936711,342055,"@AmazonHelp my husband received two parcels this week he didn’t order, he doesn’t even have an account, is this a scam????",AmazonHelp,,,@342055 I'm sorry for the unexpected parcels! We can look further into this with you here: https://t.co/zYVX1Qi29G ^WJ
1135894,214833,@AmazonHelp Your delivery timeline was 21-24 oct. so technically it's not late. But I wonder how it will reach in 2days if it hasn't been shipped as yet,AmazonHelp,,1135895,"@214833 Please be informed, orders are shipped and delivered as per the estimates provided. Request you to wait till the date. ^GS"
2847401,791910,@115830 I’m struggling to find how to return something please can you help?,AmazonHelp,,,@791910 Sure thing! You can find the Online Returns Centre here: https://t.co/uPEGRnrkgT ^TR
673138,280563,@AmazonHelp Hi that’s how I originally emailed about my order so I don’t see the point in sending another one,AmazonHelp,,673137,"@280563 We are unable to see account information here, so you can ask for an update on the investigation with our customer service via chat, phone or email.^SM"
2761710,772656,"@AmazonHelp No, puesto que leyendo críticas de otros usuarios veo que no sirve de nada. La última vez que tuve problemas con esta compañía aún entregaron el paquete, aunque fuera un sábado, ignorando así el “no quiero en entregas los sabados”. Nunca he tenido problemas con otras compañías...",AmazonHelp,,2761711,"@772656 Cada caso es diferente, Laura. Te recomendamos seguir las instrucciones que la misma página web te da para resolver la incidencia con la entrega del paquete. Saludos, ^AR"
2786315,777908,"Hmm, having problems with @115833 and @115888. Alexa is unable to play any artist, ""Cannot find songs by x"". Playlists work fine. Any suggestions?",AmazonHelp,,,"@777908 What phrase are you using with Alexa? Regards, ^AN"
1557643,481482,"@AmazonHelp Ok thanks, my shipping date was yesterday hopefully everything is get sorted soon",AmazonHelp,,1557642,"@481482 If it doesn't ship by the date shown, it won't affect it being late. We may ship as late as the estimated delivery date. ^MG"
888309,330917,@115830 Got an item that its broken want to exchange for the same item how can I do it????,AmazonHelp,,,"@330917 Hi, sorry to hear that. Have you checked the options available here:  http:https://t.co/5RcjVPJgUP? ^JJ"
726385,293997,@115850 product not delivered but status updated as recd by customer! Number blocked for raising complain after 5 calls. No reply 2mails,AmazonHelp,,,@293997 I apologize for the unpleasant experience. Please fill this form: https://t.co/beaaDm0muc and I’ll contact you soon. ^VH
2529235,720088,"@AmazonHelp Order date was 9th aug, and says delivery date 20th. Yet release is 17th",AmazonHelp,,2529234,@720088 I'm sorry this is not arriving as expected. Please let us know if this date changes in the future. ^RR
1381760,441597,"@115850  Order no 171-8193451-3278763, Product delivered on 25 Oct. Payment made by cash. Courier boy use his debit/credit card after del. https://t.co/GubeUVZ4QE",AmazonHelp,,,"@441597 Please don't provide your order details, we consider it personal information. Our Twitter page is visible to public. (2/2) ^ZH"
1423809,450852,Hey @115850 I paid extra to have this item delivered for my dad’s birthday today. The fuck is this shit ? https://t.co/S1kxLBHYxZ,AmazonHelp,,,@450852 here: https://t.co/v2dN8idca6 and we'll be happy to help. 2/2 ^SH
288609,184764,"@AmazonHelp yes I did, when I try to view or edit the order it won't let me change the payment option, even if I add a new one",AmazonHelp,,288608,@184764 Thanks for the information. We've responded to your DM. ^GG
701362,287426,"@AmazonHelp If only there was one... ""We’re sorry to tell you that there may be a delay in delivering your order. Please allow an additional day or two for the parcel to arrive.""",AmazonHelp,,701363,"@287426 Was the item sold by a third-party seller or Amazon? Have you tried to reach out to us here, Liam: https://t.co/JzP7hlA23B for real-time assistance with this? Keep us updated! ^FR"
2863376,316303,This is just another typical @115821 driver making deliveries #onthewrongsideofstreetagain #watchyourkidsbecausetheydont https://t.co/OwgLecryaH,AmazonHelp,,,"@316303 Hello Kevin. I'm very sorry to see what's happened! We want to help you get this reported. When you have the chance, please fill in your details here: https://t.co/P1av8ZWLV3 and a specialist will contact you as soon as possible. ^HC"
483071,229896,@AmazonHelp Oui j'ai vu avec eux. Merci !,AmazonHelp,,483070,@229896 Parfait ! Merci de nous tenir au courant.
786762,307685,@AmazonHelp I am getting no calling option as unable to sign in,AmazonHelp,,786761,@307685 Sorry to hear that. Kindly request you to contact us via chat/email with our support team here: https://t.co/vlvfJr4nN9 ^RB
2881292,799502,@AmazonHelp this is the second time amazon disappointed me .never expected this from amazon,AmazonHelp,,2881299,"@799502 I'm sorry, this was never intended. Did you report this to our customer service team? ^SI"
1486656,465249,"@AmazonHelp Okay, thank you. I have another question about an order that shows it was delivered and wasn't. Another package was delivered by UPS.",AmazonHelp,,1486655,@465249 Sorry to hear this. Here's some info that may help: https://t.co/ZiZNv5l5nx Keep us posted. ^PK
2681964,466116,"@AmazonHelp Es kann wohl kaum mein Problem sein, wenn Eltern ihre Kinder vor dem Fernseher parken wollen. In meinem Haushalt gibt es keine.
Ihr fragt die Personalausweisnummer ab um den Pin überhaupt setzen zu können - damit könnt ihr das Alter verifizieren und die Einstellung ggf. anpassen.",AmazonHelp,,2681965,"@466116 Dein Feedback dazu gebe ich natürlich gern weiter. Ob und wann sich hier was ändert, kann ich aber keider nicht sagen. Liebe Grüße ^MF"
1683576,511734,@116090 thanks for screwing up not one but two of my orders!,AmazonHelp,,,"@511734 Hi, sorry to hear that, can you tell us a bit more without sharing any personal or account info? ^JJ"
2636847,744260,@119625 when is 3rd season of Mr. Robot going to be available?,AmazonHelp,,,@744260 We will continue to add new content. Keeping checking https://t.co/FYM9PIZOR8 where we highlight the latest movies and TV shows we have available. ^SV
2019828,597298,@115821 I wrote an honest feedback about a damaged product I received. Amazon deleted it. I asked why and no response for 5 days,AmazonHelp,,,@597298 it doesn't meet the guidelines mentioned here: https://t.co/NL0u2rPBfv. (2/2) ^HD
2410484,693043,@115850 @AmazonHelp This is the screenshot of the delivery report I have received from you on delivery https://t.co/S2DsgtJa57,AmazonHelp,,2410489,"@693043 Please don't provide your order details, we consider it to be personal information. Our page is visible to the public. 2/2 ^RI"
1659309,506253,@AmazonHelp @506254 神対応で草,AmazonHelp,,1659310,"@506253 @506254 お届け時の状況として、本来あってはならないことでございます。
何かあればいつでもご遠慮なくカスタマーサービスまでお問い合わせください。　MH"
1760557,529873,@AmazonHelp @AmazonHelp it didn't turn up :(,AmazonHelp,,1760555,@529873 Let's find out what is going on with your book in real time here: https://t.co/JzP7hlA23B ^JZ
440946,219620,"@AmazonHelp Orders 111-1160741-5677057, 111-1667431-2213828, 113-5225745-4764247, 113-1867452-8079446, 113-1608429-3881824, 113-2424670-2520233. Did I ever sign up to be your pre-alpha tester?",AmazonHelp,,440947,@219620 We don't have access to account info via Twitter! Please provide us your details: https://t.co/4HWV739zTn so we can help! ^KJ
1342559,433125,@115850 @AmazonHelp please help with this error urgent. https://t.co/wLuwbynjft,AmazonHelp,,,@433125 Looks like this product is not available for a delivery at your pincode. Please try alternate address. ^JS
460099,224326,"@AmazonHelp Ugh yeah, y'all missed the ""guaranteed delivery date""... And no new delivery date.",AmazonHelp,,460098,@224326 Thanks for the update. What does the most recent tracking information state here: https://t.co/q4LAMZ3tbE? ^GG
78724,133560,密林からの支払い番号が来ない:( ;´꒳`;):,AmazonHelp,,,@133560 お支払い番号は、出荷準備が開始される段階で発行されるため、発行のタイミングは商品によって異なります。（ご予約商品やお取り寄せ商品など、発行までお時間がかかる場合もございます。） https://t.co/w7pekJAmOO 恐れ入りますが、今しばらくお待ちください。RI
2298720,667259,@AmazonHelp But I took the membership primarily to watch @15710 . Request you to please the more episodes soon.,AmazonHelp,,2298719,"@667259 We have not made any announcements yet, Shubham. Please stay tuned for updates on this. ^KS"
50767,127389,@115821 @120533 @AmazonHelp @127390 #TurtlesAllTheWayDown Et je ne pense pas être la seule...? Has this happened to someone else? https://t.co/cnkB2p99RQ,AmazonHelp,,,"@127389 Bonsoir, je suis désolée pour cela. Avez-vous passé votre commande sur Amazon.fr ? ^SB"
2911692,246251,@115821 are you guys offering anything for Prime members who aren't getting 2 day free shipping?,AmazonHelp,,,"@246251 Hi there, Karl! Do you have a recent or current order that missed the delivery date that was provided in the confirmation e-mail? You can check here: 
https://t.co/QviHLQfzBX &lt;https://t.co/eXnVKSM6YN&gt;​ Please let us know!"
561647,251432,"@AmazonHelp @115830 hey Amazon, do you think you’ll ever deliver my Nintendo Switch bundle from Cyber Monday? It’s kinda been 5 days and I’m still waiting... also it’d be fantastic if the managers in Customer Services called back when they said they would.",AmazonHelp,,,"@251432 I'm so sorry your order hasn't arrived! We'd like to help if we can. Please let us know the latest tracking scan shown here: https://t.co/ijxJ9jCwr9. When you spoke with us previously, what options or information were provided? Did we miss a promised follow-up call? ^JN"
2184585,639859,"@115821 is on my bad list today. Their new delivery system not only failed to get my stuff to me, it sounds like their driver just handed my package to any passersby who was willing to forge my signature!

I was 3 states away when this happened!!",AmazonHelp,,,"@639859 Oh no! I'm so sorry for the delivery trouble you've had. In this case, please contact us directly by phone or chat and we'll gladly help investigate resolution options: https://t.co/hApLpMlfHN ^SD"
2679353,753907,Dear @AmazonHelp I had ordered something.&amp; u didn't deliver. Then I had a chat with ur https://t.co/i0mH6A2HvK ex. &amp; told him to deliver as soon as possible. But he canceled my order.he mayn't understand the conversation.But hope...this won't happen again.,AmazonHelp,,,"@753907 Sorry to know about the order cancellation. Please place a new order and I'm positive the order would be delivered without any hassle. Also, I'll take this as a feedback and forward to the concerned team internally to avoid such instances, ^KA"
419027,214943,@AmazonHelp I find this argument meaningless. If u r not interested in resolving the issue just say so. Even aftr writing to ur customer care no action,AmazonHelp,,419026,"@214943 details in the link mentioned earlier by ""HK"" and we'll reach out to you soon. (2/2) ^GK"
2768336,774063,Bravo les promos @120533 ... https://t.co/0pFMv7xapW,AmazonHelp,,,"@774063 Bonjour, navrée pour cela, pouvez-vous nous communiquer le lien vers l'article en question s'il vous plaît? 
^SA"
694383,285580,@AmazonHelp Filled the form hope to get my refund .,AmazonHelp,,694384,@285580 We have received your details. We'll get back to you on this at the earliest. ^SC
2968330,818824,When you order things on amazon for 2 day delivery and that 2 day guarantee is more of a guesstimate... come on @115821,AmazonHelp,,,"@818824 I'm sorry for any delay! We always aim to meet the date provided during checkout, and on the order confirmation e-mail. To confirm, has your order missed the delivery date provided on your confirmation e-mail: https://t.co/xseeqTGS18? ^MB"
2364700,679671,@AmazonHelp got an email about a password change and I didn’t request one....,AmazonHelp,,,@679671 Hey there! If you think an email that identifies as being from Amazon looks suspect refer to this: https://t.co/h4f5KvFYV0 ^CH
2894662,802205,"@117086 Sabe, sempre me surpreendo positivamente com a @117086. Vocês realmente têm um serviço EXCELENTE. &lt;3",AmazonHelp,,2894663,"@802205 Quanto amor, Amanda ❣️😄 Muito obrigada pelo feedback, conseguiu aproveitar das ofertas da Black Friday? ^VL"
2539613,722221,@AmazonHelp お世話になっております。ご丁寧に返信いただき恐縮です、誠にありがとうございます。お支払番号を確認次第、早々に支払い手続きをさせていただきます。お忙しいところ申し訳ございませんが、メールお待ちしておりますので、宜しくお願いいたします。^ - ^,AmazonHelp,,2539614,@722221 とんでもないことです。お待たせしているところ恐れ入りますが、よろしくお願いいたします😌 EK
450787,221879,@116875 el día martes realicé una compra con valor de $408.55 y el día miércoles otra vez me hicieron el cargo por la misma cantidad... ¿Me podrían explicar el porqué el doble cargo?,AmazonHelp,,,"@221879 Hola Helena, te comento que en Amazon cobramos solo al momento del envío. Antes, podemos realizar una autorización de tu compra, esto para verificar tu forma de pago, la cual, debe ser liberada por tu banco. Puedes contactar a tu banco para más detalles. ^LG"
2952297,815198,"@119356 Hey, how long do I have to wait for that amazon echo invite email? Already 4 days passed",AmazonHelp,,,"@815198 I get your concern about the invite. We're still sending out invitations, so you don't need to apply again if you already requested for an invitation. ^SV"
759734,301530,When will @5903 contest results are coming out which was conducted at the end of August? @115850,AmazonHelp,,,"@301530 Winners will be announced on 30th September, 2017. ^PS"
2703130,239972,@AmazonHelp It does not give the link for live chat?,AmazonHelp,,2703129,@239972 The chat will pop up once you choose your order and the issue you're having. It will pop up as option 3. ^DG
2544871,723375,"@AmazonHelp Bitte den Tweet richtig lesen: da steht ""leihen"", nicht ""kaufen"". Und ich brauche weiterhin keine Antwort von euch, das ist wirklich okay. Danke!",AmazonHelp,,2544869,@723375 Habe es nur gut gemeint 😇 Kauf- und Leihoption sind gekoppelt.  Feedback gebe ich aber gerne weiter! Sorry fürs Einmischen 😖 ^MI
927475,340065,@AmazonHelp thanks for posting this early and free of charge! 😁 https://t.co/7XIpwKCtfh,AmazonHelp,,,@340065 That's fabulous! No problem! 😁 ^AB
2935809,811656,@AmazonHelp This. https://t.co/GzbD9IjTgE,AmazonHelp,,2935813,@811656 I am sorry you are having this issue! What device are you using? Are you seeing this on a different device? ^DJ
2317946,619840,"uuuuuuuuh run that by me one more time, amazon?

Arriving 4 days after release when I have it pre-ordered? Hell, even if it wasn't pre-ordered, 4 days when I have Prime is...bad. https://t.co/0rffX9NWaj",AmazonHelp,,,"@619840 Hi Ryan, I'm sorry to hear you haven't received your order yet. Can I ask if you received an email to let you know why there was a delay? ^KI"
677635,281650,@AmazonHelp That issue got sorted. Thanks 😇,AmazonHelp,,677636,@281650 Great! We're glad that this is resolved. ^KK
1244381,411935,@AmazonHelp New date of the 25-27,AmazonHelp,,1244380,"@411935 Thank you for confirming, Bob! I'm very sorry about this delay. Please keep us posted on delivery by end of day Friday! ^SD"
2515834,716686,@AmazonHelp UPS. UPS says it is on Amazon.,AmazonHelp,,2515833,@716686 Thank you for the update on the carrier for your order. Do you know if the order itself was fulfilled/shipped by Amazon or a third-party seller on Amazon? ^GM
2343973,677885,"@AmazonHelp Nothing inside package's, have attached pics of outside info https://t.co/Z45G9XEwr4",AmazonHelp,,2343974,"@677885 Thanks for confirming, Sandra! You'll be able to find more helpful info about next steps here: https://t.co/I6XOt0r36O ^SD"
64046,130704,"@AmazonHelp No.  I spent an hour waiting on hold with UPS today, and they told me they'd make sure it got out tomorrow. But just now I got an email saying Friday.",AmazonHelp,,64045,"@130704 I am very sorry to hear this Barry. Can I ask, who is the seller of this item please? You can find this info here: https://t.co/Y5jpI9gRhE.^GA"
2807512,782986,@128308 Product with beta software. Facing subtitle issue 4 last 15 days. Tech team unaware of soln.,AmazonHelp,,,@782986 May I know if the issue is with a particular title or with all the titles? ^SH
2759748,277291,"@AmazonHelp por que eres asi, yo te queria comprar 😪 ayudaa https://t.co/IXTbCNjlvQ",AmazonHelp,,,"@277291 ¡Hola! Un pago se puede rechazar por varios motivos, acá puedes ver más info: https://t.co/m42mIfJRQf. Es tu banco quien podrá darte más detalles de la razón ^AR"
2733939,766286,"@AmazonHelp C'est normal apparemment. De plus le point de livraison est fermé le lundi, je ne vois pas comment je vais pouvoir être livré avant 20h...?!",AmazonHelp,,2733938,"@766286 Lorsque vous avez choisi ce point, vous étiez au courant que ce dernier sera fermé ? ^AR"
2465498,705551,"@AmazonHelp No, no reply to my email as yet. I spoke to the courier company who confirmed wrong address and still hasn't come back to me either.",AmazonHelp,,2465497,"@705551 Hi Ruth, glad to hear that you've been able to email us about this. You should receive a response to help get this resolved. Please keep us informed about the outcome. ^PJ"
1181637,397889,@AmazonHelp ...both 15+ minutes of our call so far.,AmazonHelp,,1181635,"@397889 Please keep us posted on the outcome of your call, we want to be sure you're taken care of. ^JA"
1510789,470664,@115850 echo plays from #AmazonPrimemusic but its not launched in India? When will it be launched?,AmazonHelp,,,@470664 We do not have any announcement for this as of now. Please stay tuned for any update. ^SG
2388027,688095,"@AmazonHelp I ordered several graphics cards from you back in June and July. They are in stock, so why can't you complete my order?",AmazonHelp,,,"@688095 Hi Shaun, I'm sorry to hear there is a problem with your order. We can't look into your orders here. Please contact us to look into this further for you: https://t.co/JzP7hlA23B ^KK"
1525944,473918,"@AmazonHelp  How does my package get sent with the wrong tracking ID, and I don’t get the correct wrong sent to me after?",AmazonHelp,,,"@473918 Just to clarify, were you sent the wrong item? If so, were we able to help get this corrected for you? ^VS"
296765,186694,@AmazonHelp so I ordered something 2 weeks ago paid 56 bucks for prime shipping and I still haven't gotten it???? I want my money back,AmazonHelp,,,"@186694 We're here to help, Chayse! Just to clarify, can you tell us if the delivery date has passed: https://t.co/PyACxvY8Qo? ^AL"
378460,205811,"It was very pathetic experience with Amazon.
I have received the headset broken.
I am very disappointed with Amazon.@115850 https://t.co/ey8qRLcN1L",AmazonHelp,,,@205811 We're sorry to see this. Please contact us here: https://t.co/vlvfJr4nN9 and our support team will get this sorted soon.^RS
1123635,384985,@AmazonHelp I had ordered all these items and they themselves got can celled. Without any intimation from my end. Those were Diwali gifts,AmazonHelp,,1123634,"@384985 My apologies for the trouble, Danesh. Kindly fill in your details here: https://t.co/dhgrJ6nyyn and we will get back to you. ^KS"
1513378,218392,When u buy something from @115821 And it's pending delivery but links you to a different seller where it's in stock? Why ain't you got it?,AmazonHelp,,,"@218392 I'm sorry, we can't send a seller's inventory. You may be able to cancel and re-order from the seller, if you'd prefer. ^GR"
1755290,528615,"@AmazonHelp I had called you but was denied any help.
So pls people avoid Amazon and their Amazon pay their offer is bogus ones.
#AvoidAmazon",AmazonHelp,,1755288,"@528615 I'd like to personally help you. Kindly fill in your details here: https://t.co/GIJyeYqKE0, and I'll look into it. ^NR"
1674830,509586,@115850 why take 100rs extra from me when it's been over a week and my order have not arrived?,AmazonHelp,,,@509586 Sorry about the delay in delivery. Did you report this to our support team here : https://t.co/vlvfJr4nN9 ? ^AS
1102601,380180,@117086 vcs são muito ♥️,AmazonHelp,,,"@380180 Olá, Thaynan! Muito obrigado! 🙈 O que a gente fez para receber essas palavras? ^CR"
395478,206064,"@AmazonHelp I could not change the country code to +1 for USA, its by default +91.",AmazonHelp,,395477,"@206064 I see what you mean, Jadon! Try reaching our Employee Resource Center directly at 1-888-892-7180. Please keep us posted! ^SD"
1332110,430768,@AmazonHelp Yet it's shipped ???? https://t.co/AzgmJ9f07P,AmazonHelp,,1332109,"@430768 We'd like to get a closer look into what's going on, please reach us directly here: https://t.co/hApLpMlfHN ^NC"
717162,291511,At least send me an email next time and tell me that it’s not coming. @117795,AmazonHelp,,,@291511 I'm sorry for the issue with Prime Now! Please reach out to us using the contact option in the app and we can look into this! ^WT
1599622,491196,"@AmazonHelp ""Nous avons supprimé l'accès a votre compte"" et vous me demander de vous fournir relevé de ma carte et une piece d'identité",AmazonHelp,,1599620,"@491196 compte, afin de débloquer la situation, je vous invite à suivre la démarche indiquée. Merci pour votre compréhension. 2/2 ^RA"
2843702,791110,@AmazonHelp great packaging here... https://t.co/gqIwyqOgZq,AmazonHelp,,,"@791110 I'm sorry your order arrived in this condition. Was the book damaged at all? Also, please be sure to submit your packaging feedback here: https://t.co/lSVN3kb44b ^AN"
2011964,594938,@AmazonHelp It’s saying we are unable to find ur order and the call is been disconnected,AmazonHelp,,2011963,@594938 I’d like to understand this better. Please fill this form: https://t.co/beaaDm0muc and I’ll contact you at the earliest. ^RD
1556290,481175,"@115850 Have you stopped delivering to Sikkim? 737101, 737102.. none are supported, Prime or not.",AmazonHelp,,,@481175 Request you to place order with different pin codes. Please do keep us posted for any further assistance. (2/2)^MN
685744,283696,@AmazonHelp Till what time,AmazonHelp,,685745,@283696 Please be assured that we're working on it and we'll get back to you soon with an appropriate resolution. ^SY
1706327,517134,@AmazonHelp Pls msg me a working pin code so tht I can also see. BTW ur customer care has checked &amp; confirmed tat no pin code is working. A tech glitch,AmazonHelp,,1706324,@517134 Sorry to know you're unable to place the order. Please share your pincode with us. We'll check &amp; assist. ^SV
2307120,175571,@AmazonHelp I figured it out. It seems that I have two accounts under two different email addresses. One that I use and one that I never use and didn’t know I had,AmazonHelp,,2307119,@175571 Oh I see. Reach out to us here so we may send you a request to close the account you are not using: https://t.co/hApLpMlfHN. ^SY
1844443,303993,@AmazonHelp i rang up once last week to sort out a parcel and now i keep getting loads of calls at really early hours how do i stop this https://t.co/peFEPC9gEW,AmazonHelp,,,@303993 Can you please reach us here:  https://t.co/JzP7hlA23B so we can look into this for you.^CD
453219,222536,@AmazonHelp And let down. Delayed until at least the 6th? Really?,AmazonHelp,,453217,@222536 Sorry for the wait! Sometimes unforeseen circumstances can cause delays. Please let us know if your order does not arrive by the 6th so that we can take a look into this with you. ^SM
2179014,638614,"@AmazonHelp lots of weird stuff has been happening to my account, something that I didn’t order has just been dispatched to my address and I’ve checked and my email has been changed twice without my knowledge of it whatsoever.",AmazonHelp,,,"@638614 Sorry to hear that, are you able to sign in to your account at the moment? ^JJ"
786522,297526,@AmazonHelp We received an email to sort this out. Thank you for your assistance!,AmazonHelp,,786521,@297526 You're welcome. Do keep us posted for any further concerns. ^GK
2809431,783522,"Amazonで頼んでたDVD届いてたぁーヾ(●´∇｀●)ﾉ
早速【美女と野獣】観る(≧◡≦)!! https://t.co/7Bns6fZcw7",AmazonHelp,,,@783522 ご利用ありがとうございました！（ごゆっくりお楽しみくださいませ～♪）Oo｡.(´-`*) TN
1173002,395894,"@115821 help! I'm trying to order a costume and everything is prime, but 2-day shipping is guaranteed delivery date 10/31. Why!?",AmazonHelp,,,@395894 Hey Noelle! Our shipping speeds are based on transit time and not order preparation time. Does the item say it ships later? ^AJ
1384281,442143,@AmazonHelp Thanks. Will do!,AmazonHelp,,1384280,@442143 You're welcome Joe. ^NV
111943,140861,"@AmazonHelp Si, lo tengo, supuestamente llegaba entre hoy y mañana y ahora va a llegar la semana que viene.",AmazonHelp,,111944,"@140861 Entiendo, ¿has recibido un correo indicándote el motivo del cambio de la fecha estimada de entrega? ^DA"
2396363,191056,"@115821 Second delivery today YOUR people threw a box of cookies on the walkway in plain view NOT EVEN THE PORCH, no doorbell ring. Your delivery drivers are rude and fucking incompetent.",AmazonHelp,,,"@__C_A_R_T_E_R__ I'm so sorry your packages were handled this way! We'd like to escalate this for you! When you have time, please provide your order details here: https://t.co/xO14vHQQOf ^AR"
2870703,298069,@AmazonHelp Just called and spoke with Erika. They are going to look into the driver but doesn’t make up for me having to spend $30 at Target and make an unnecessary trip,AmazonHelp,,2870702,@298069 Sorry to hear about the issues. We'll be sure to get this looked into.^PJ
2855101,759216,@116439 After I start up an app it likes kicking me out &amp;&amp; making me do it twice,AmazonHelp,,2855100,"@759216 That's strange! Please reach us by phone here: https://t.co/hApLpMlfHN, for real-time troubleshooting. ^JM"
2418729,694937,@116439 why does it keep restarting while using Plex tv!! Very annoying indeed!!!!,AmazonHelp,,,"@694937 Sorry to hear. Have you tried restarting? If  the problem still persists, please reach out - https://t.co/JzP7hlA23B ^TP"
757773,301084,"@AmazonHelp Your specialist team did nothing they are not providing me any information regarding delivery.
They just passing time",AmazonHelp,,757772,@301084 That's quite a comment. We understand there has been a delay in delivery. Rest assured our team would reach out to you soon. ^VM
2686026,117084,"@AmazonHelp parece ser que la compañia que tneis contratada que debia traerme el pedido ayer, tampoco viene hoy https://t.co/VfBr7mRGch",AmazonHelp,,,"@117084 Hola Zainda. Lamentamos lo acontecido. Nos informarías, ¿has intentado contactar al transportista para verificar que sucedió? ^HC"
1892139,564195,@115821 you have 32 minutes to deliver my package! I’m counting on you!,AmazonHelp,,,"@564195 Thanks for reaching out! We strive to meet our delivery dates, but if you don't receive your package please let us know! ^AR"
315306,191268,"@AmazonHelp None, we just found it in our tracking on the app. Potentially a mistake and it is coming today?",AmazonHelp,,315305,@191268 What does the tracking advise? ^NV
1570853,484391,"@AmazonHelp hello, I need to complain I bought from an Amazon Seller but can’t find how to message them directly?",AmazonHelp,,,"@484391 Hi, Charlie. When you visit this order here: https://t.co/aaDyEz1VgE, do you see a yellow ""Get help with order?"" button? ^LB"
1770509,532249,Preordered #SonicForces for my little sister long ago from @115821 and it came with the seal subtly opened and the game quite clearly stolen. What the hell is that about? #AmazonLogistics https://t.co/AQiNPAd4NX,AmazonHelp,,,@532249 Oh no! This is not good. Let's get this fixed in real time. Please call or chat with us here: https://t.co/yvUz6GWiM6 ^BA
2398288,219623,Quando @120540 ti dice che il tuo pacco è in ritardo ma arriva giusto giusto il giorno che era prevista la consegna cioè oggi... poteva anche arrivare domani ma oggi ancora meglio https://t.co/aslilzkY7R,AmazonHelp,,,@219623 Abbiamo fatto di tutto per consegnare in tempo! 😜 ^AP https://t.co/0OhNyGOUNB
2371364,424877,"Oye @116875 @AmazonHelp que onda con tu servicio, tu asistente del chat me dejó tirado sin darme una solución sólo abandono la conversación que puedo hacer",AmazonHelp,,,"@424877 Hola, Arturo. Lamento lo ocurrido. Sin compartir información de tu cuenta, ¿podrías darnos más detalles sobre tu problema? ^CR"
1005185,357912,だから！Amazonさん！箱が！箱が！でかいんだよおおおおお！w https://t.co/OuEgmW6ilx,AmazonHelp,,,@357912 リプライ失礼いたします。梱包について適切ではないとお感じになった場合には、以下のURLから梱包へのご意見をお寄せください。いただいたご意見は、梱包についてのサービス向上のご参考にさせていただいております。https://t.co/DjuLz3GskQ YM
1708616,204354,@AmazonHelp 検討します！,AmazonHelp,,1708617,@204354 (o^-’)b ｸﾞｯ! TY
1461518,459211,@AmazonHelp It was shipped by Amazon,AmazonHelp,,1461520,@459211 Please let us look into this further. Use this link so that we may do so:  https://t.co/JzP7hlA23B ^DO
311037,190282,uhhh i just got an amazon package and it smells like the delivery person was smoking in the van all day...,AmazonHelp,,,@190282 I'm really sorry to hear this! Who was the carrier for this shipment: https://t.co/q4LAMZ3tbE? ^BV
425176,216160,"@AmazonHelp No, it was meant to be delivered today but it wasn’t. I have had confirmation that it’s been dispatched this evening though.",AmazonHelp,,425174,"@216160 I do apologize for the delay, keep us posted on the progress of the delivery now that it has been dispatched. ^CH"
2176382,637987,Gutted to find @amazonhelp @126705 have not delivered my copy of Nigel Slater's new book but taken back to depot in spite of safe place,AmazonHelp,,,@637987 I'm sorry for the trouble with the delivery of your book. We'd like to review your options here: https://t.co/JzP7hlA23B ^RA
1427393,451575,"@AmazonHelp Order date
29-Oct-2017
Order #
407-0026486-1183576
Order total
   1,199.00 (1 item)",AmazonHelp,,1427392,"@451575 Please don't provide your order details, we consider it to be personal information. Our page is visible to the public. ^KA"
183382,159123,"@AmazonHelp Paket steckt so fest im Briefkasten, dass ich es nicht rausbekomme (und es sicher kaputt ist).Keine Kontanktdaten zum Versender.",AmazonHelp,,,@159123 Melde dich bitte mal bei unserem Kundenservice: https://t.co/ohyvGrpvrY Dieser prüft das gerne mal. ^SK
1658923,506135,@AmazonHelp Should have been informed of this when I requested for redirection. Wouldn't have redirected otherwise,AmazonHelp,,1658922,@506135 Sorry for the Inaccurate info. Request to wait till 24-48 hours for the delivery of your product. Appreciate your patience.^HS
530750,242928,"@AmazonHelp Oui tout à fait, il ne peuvent apparemment rien faire. @120534  m'annonçait une livraison ce jour, puis au final non. Où est ma commande la question est simple ?",AmazonHelp,,530749,@242928 Je vous invite à patienter jusqu'à 19h Aujourd'hui. En cas de non-livraison n'hésitez pas à le signaler à notre SAV. ^FT
1565897,483376,@AmazonHelp It says today but maybe late because it went to the wrong depot,AmazonHelp,,1565896,@483376 Let us know when it arrives! ^DA
1390677,443478,"@AmazonHelp No, no tengo ninguna forma de contactar, sólo el seguimiento que viene de Amazon",AmazonHelp,,1390676,@443478 Puedes encontrar el contacto de ellos a través de este enlace: https://t.co/meqnr4QIaC . ^MB
1953639,485649,"@AmazonHelp 
Dear team, I have recharged my Jio number on 9th Nov having cashback of Rs 99 but I have received cash back of only Rs 20.
I have confirmed through customer care before recharge and they have committed for cashback of Rs 99.",AmazonHelp,,,"@485649 Sorry to hear that, Jitesh. Please drop in your details here: https://t.co/beaaDm0muc and we'll check this out for you. ^NK"
598001,261766,"@AmazonHelp That link just goes to like my profile home page. Regardless, already have a case open with USPS and had a conversation with your help. Eitherway, not the first time with that service, you guys should just expedite the inevitable end to end supply chain you'll come out with",AmazonHelp,,598000,"@261766 Please let us know the outcome of your investigation with USPS. This is the link we intended to provide, previously: https://t.co/RtkJEOJLJo ^ST"
1673657,509282,@AmazonHelp just had the worst experience ever with Amazon chat and phone support! HELP!,AmazonHelp,,,"@509282 Without providing account sensitive info, can you please elaborate on your experience? ^NC"
2031075,600579,@115821 y’all DM me!,AmazonHelp,,,"@600579 We'd be happy to DM, please feel free to reach out using the button below! ^JR https://t.co/1XyLaGkcaN"
89175,135288,Hey @116316 regelt das mal mit @124285 - die haben schon wieder(!!) meine Prime Lieferung verkackt https://t.co/kgKRzOE0pW,AmazonHelp,,,"@135288 Hi Sandra, welches Lieferdatum wurde dir denn in der Bestellbestätigung genannt? Liebe Grüße ^TA"
1100491,379641,Come on Amazon... Where is my TV!,AmazonHelp,,,@379641 Have we missed the delivery date for this TV you ordered? What is the current tracking status showing when you review your order details: https://t.co/aaDyEz1VgE? ^WM
1667172,507813,Just 15 minutes back received stone instead of monitor. @115850 order #404-8230773-5198704 #SHOCKED,AmazonHelp,,,"@507813 Please don't provide your order details, we consider it to be personal information. Our page is visible to the public.3/3 ^PJ"
701367,287427,@AmazonHelp I have 2 charges from amazon digital downloads on my dutch credit card but not used this card to download anything via amazon. Could you help me to figure this out?,AmazonHelp,,,"@287427 I am sorry you have a charge you are unfamiliar with! Without divulging any personal details, what is the description shown next to the payment? ^DJ"
693827,285432,@115850 When I Get My Refund Email id - __email__,AmazonHelp,,5210,"@285432 I'd like to have a closer look at the refund issue. Please share your details in this link here: https://t.co/GIJyeYqKE0 and I'll reach out. Please don't provide your account details, we consider it to be personal information. Our page is visible to the public. ^KA"
260410,177964,@AmazonHelp No idea who your carrier is. Its your carrier that should never be used again!!!,AmazonHelp,,260409,@177964 I'm really sorry for the experience you've had! Let us look into this for you. Fill info in here: https://t.co/SQDzyskXfj ^AH
1561129,482291,@115821 was supposed to arrive on Thursday. Going to see my friend’s baby gaughter today - what am I supposed to do? Unacceptable,AmazonHelp,,1561133,@482291 Sorry to hear. Can you contact us here: https://t.co/JzP7hlA23B. ^MC
2813488,784460,"@115821 I'm glad I spent my entire day waiting for a package to ""arrive before 8pm"" Sunday shipping is working out really well. 15 minutes on the clock let's see what happens. #1stworldproblems",AmazonHelp,,,"@784460 I'm sorry you haven't received your order yet, Logan. Does your tracking show it's out for delivery? You can often get more detail on the carrier's site. To determine tracking and carrier, you can check Your Orders: https://t.co/Otv9S9CROs ^AM"
1286343,420871,"@AmazonHelp Non je vous remercie, j'espère simplement que la date de livraison d'une précommande effectuée il y a longtemps sera respectée.",AmazonHelp,,1286344,"@420871 Rassurez-vous, nous resterons à votre entière disposition en cas de besoin. ^MA"
294246,185733,@AmazonHelp What do i have to revert? You guys have asked for 24-48 hours time again. No solution in sight. When will this harassment end?,AmazonHelp,,294245,"@185733 Hence, for any update, please revert our email and we'll get back to you. [2/2] ^HA"
1043724,366798,"@AmazonHelp I have reported many number of times but you just give same reply everytime ""Please be patient, your product will be delivered""",AmazonHelp,,1043726,@366798 We’ll look into it.  2/2 ^SB
832681,318320,@AmazonHelp Gracias!!,AmazonHelp,,832680,"@318320 Con mucho gusto, José Enrique. ^VM"
383279,182810,@AmazonHelp Please read the series of tweets and note. There has been no follow up,AmazonHelp,,383277,@182810 Apologies for the stretch. Please respond to the email sent by our team and we'll get back to you soon.^SU
114345,141417,@AmazonHelp Are there any issues with prime delivery in the uk as everything has no prime next day delivery,AmazonHelp,,,@141417 We aim to deliver by the dates provided during checkout. Sorry for any inconvenience. ^EZ
425373,216200,"@118919 
Tracking#
511343690655
Worst service charging for shipping charges and product yet not delivered",AmazonHelp,,,"@216200 Please don't provide your order details,we consider it tobe personal information.Our page is visible tothe public.^SU(3/3)"
1038498,293481,"@AmazonHelp Just a quick question, what date will the Xbox One X's ship?",AmazonHelp,,,"@293481 Once a date is available, you'll receive an e-mail and the order will update. We don't have further information. ^BH"
1421929,450488,"@AmazonHelp The lady I've just spoken to has told me it'll definitely be delivered tomorrow, and to contact you if anything is wrong",AmazonHelp,,1421928,"@450488 Thanks for confirming, please keep us posted. ^JJ"
1655058,505112,@AmazonHelp @120533 ce n'est pas mon colis mais celui de mon voisin. Mais je me suis déjà fait voler et ouvrir un colis....c est normal? https://t.co/23GVmn9AAH,AmazonHelp,,,"@505112 Bonjour, dessolée d'apprendre cela :/ de quel transporteur s'agit-il s'il vous plaît ? ^SN"
2733941,766286,@AmazonHelp Mais merci quand même de votre intérêt à mon impatience. 😉👍,AmazonHelp,,2733939,"@766286 Je vous en prie, très bonne journée. ^ASZ"
2317797,671966,割と長い期間Amazonのプライム会員だけど、本の読み放題あるの今知った。,AmazonHelp,,,@671966 Amazonプライムをご利用いただき、ありがとうございます。様々な特典がございますので、ぜひご活用ください！ https://t.co/k5lbncHlKO EK
1850444,553968,J'ai du mal à comprendre le lien entre la promo de My Little Pony and Amazon Prime Now 🤔Suis-je déjà vieux ? https://t.co/POqCC5yokT,AmazonHelp,,,"@553968 Bonjour, cela fait référence aux articles ""Prime Now"" présentés à l'occasion de la sortie du film. ^SA"
273629,181372,@AmazonHelp @115850  thanks for your support . I got a best deal  much better than flipkart which they cancelled priduct for no reason https://t.co/2pQGpMgxA1,AmazonHelp,,,"@181372 Hi, glad you grabbed the deal. Many more deals &amp; offers coming up. Stay tuned and Happy shopping! 😉 ^EM"
50785,127396,@AmazonHelp Livraison prévue entre le 7 novembre et le 8 novembre 😭,AmazonHelp,,50784,"@127396 Votre colis doit être livré alors avant le 8 Novembre, je vous prie de patienter. ^MA"
2462179,704887,@AmazonHelp  yes,AmazonHelp,,2462177,@704887 I'm sorry about the stretch. You may respond to the email correspondence sent by us. We'll get back with an update. ^SB
1617972,481487,@AmazonHelp Its an account issue plz arrange a call back https://t.co/LlJ6pYNvt0,AmazonHelp,,1617971,@481487 Apparently we can't arrange a call as we won't be able to access your account directly from Twitter. (1/2) ^AS
2397210,689939,@115850 Dragging issue not resolving since 2 months. #Badexperience,AmazonHelp,,,@689939 We have responded to your query here: https://t.co/DTSNmGldJf. You can check for the same and respond accordingly. ^CB
1505386,469382,"@AmazonHelp Oui j’ai contacté Amazon,le service de Colis Express. Pas plus d’info. Si j’ai choisi le service premium c’est pas avoir ma livraison en 1j",AmazonHelp,,1505385,@469382 Quelle a été la réponse fournie s'il vous plaît? Votre dossier est-il actuellement pris en charge par notre SAV? ^SA
39568,120916,@AmazonHelp Hilfe? Warum läuft mein FireStick über den UK Store? 😅 https://t.co/pCXttx1VNp,AmazonHelp,,,"@120916 Hi, welcher Standort ist bei dir eingestellt? (https://t.co/Fu09cxTWPk -&gt; Einstellungen -&gt; Ländereinstellungen)? Gruß ^MI"
575389,255386,"@AmazonHelp Bonjour, à nouveau la promesse de livraison prime n'est pas tenue dès que le colis est confié à Amazon Logistics. Votre transporteur dégrade votre image de marque. 5 loupés en 6 mois, sans explications ... Comment faire pour exclure AL de mes transporteurs? Merci.",AmazonHelp,,,"@255386 Bonjour, désolée d'apprendre cela :/ l'avez-vous signalé à notre SAV ? ^SN"
2745921,637099,"@AmazonHelp I have to tell you that, as a person who speaks three languages, there is a language barrier today.",AmazonHelp,,2745922,@637099 I completely understand your concern! We aim to deliver on the delivery date provided. Could you tell us the delivery date provided in your order tracking? You can find this information here: https://t.co/Y5jpI9gRhE. ^VB
989819,354476,@AmazonHelp Oui qui ma dit que j'avais 5€ de bon cadeau sur votre site et qui devait revenir vers moi au bout de 2 jours et pas de nouvelles,AmazonHelp,,989818,@354476 Quand est-ce qu'avez-vous contacté notre SAV ? ^SM
1376399,440415,"@AmazonHelp You sent me an email. The carrier never came to my house. Son just had surgery, haven't left.",AmazonHelp,,1376397,@440415 Who was the carrier for the delivery? You can find that information here:  https://t.co/Y5jpI9ys9c ^FJ
651685,274975,"@AmazonHelp Had not used feature before, trying now due to travel but the button simply does not exist. Re-installed, no change.",AmazonHelp,,651684,@274975 Thanks for letting us know! Let's go over some troubleshooting steps regarding video downloads: https://t.co/CUkbkO7MNJ ^FD
1816364,545631,@115821 it’s no wonder people get their packages stolen when you dump things on the front porch close to 11 at night! Come on https://t.co/jMDzNNu6YR,AmazonHelp,,1816366,@545631 I'm terribly sorry for the late delivery. Are the contents okay? ^RR
464277,225394,The worst part is that was my bday present and now all I have are two empty @21428 boxes and NO WATCH. #IAmBeyondShocked @115821 #IWantMyBirthdayPresent !!!,AmazonHelp,,,@225394 I'm truly sorry for the delivery experience! We'd like to look into this further. Please reach out to us here: https://t.co/hApLpMlfHN ^MO
538505,244847,@AmazonHelp It's UPS. They do fine the other times of the year. Although I no longer get Saturday deliveries either. Prime used to be more fun...,AmazonHelp,,538504,@244847 Oh goodness! Have you been provided a reason for the delays or an updated delivery date? ^AB
1328598,429965,".@115821 This truck driver ran a red light at Boston &amp; S Potomac St in Baltimore today at 7:45. He was also driving thru a ""no trucks"" zone. https://t.co/mBQ7hMUKXh",AmazonHelp,,,"@429965 Hi, we'd like to look into this with you. Please fill out this secure form from a non-mobile device: https://t.co/R55eEQwSEs ^TS"
2317697,671940,"@AmazonHelp Being trying to do the same since morning today, requested several times for call back as well. Your chat window is also showing network network issue. Is there any other source to connect.",AmazonHelp,,2317696,@671940 Apologies for the hassle. Please fill in the details: https://t.co/beaaDm0muc and I’ll contact you soon. ^JS
1486618,299561,"@115850 I had issues with Amazon pay balance on 2nd Oct and still not resolved, only fake promises. Please don't fraud with us , fraud courier agent (Ashish_918920761328) took money. Please it's humble request resolve the problem. And fake promises attached https://t.co/vHiDgRqPYM",AmazonHelp,,,"@299561 Please don't provide your order details, we consider it to be personal information. Our page is visible to the public. ^KA"
334086,195598,Amazon.in fraud company they cheat to customer what I experienced during purchasing of i phone 7: Amazon.in Order # 171-9115610-2085131.😡 https://t.co/gtGt9JT4xZ,AmazonHelp,,,@195598 Please don’t provide your order details as we consider them to be personal info. Our page is visible to public. ^SG(2/2)
824038,309029,"I am not super impressed with @AmazonHelp I have UK kindle, and German Prime - I can't use my Prime on my UK kindle unless I buy 2x Prime",AmazonHelp,,,@309029 Are you based in Germany now Sam or the UK? ^KM
183407,159129,なんかアマゾンのプライム会員になっていたので存分に楽しみたいと思います,AmazonHelp,,,@159129 リプライ失礼いたします。意図しないご登録との事で誠に恐縮ですが、プライムには色々な特典がございますのでご活用いただければと存じます。特典については、こちらをご参照ください。https://t.co/JVlaJGORZx  HM
1676576,510003,"@AmazonHelp Grazie #amazon! E, tra parentesi, complimenti per il modo di comunicare e promuovere! Simpatico ed efficace!",AmazonHelp,,1676574,@510003 È stato un piacere! 😉 ^GD
2319313,672262,"Hi @115830 I've phoned customer services RE: Missing package, contents of which were needed for today. Was assured the package would be replaced, but no email confirmation of when. Any ideas?? Don't want it left on my doorstep to be stolen again. 😔",AmazonHelp,,2319315,@672262 Can I ask for you to check your spam/junk folder please as the confirmation email may be located there. You can also locate messages through your account here: https://t.co/82wtJp4VvX. ^GA
989856,197667,@AmazonHelp I am still waiting for my refund!! When would I get that?,AmazonHelp,,989857,@197667 Apologies for the delay. Kindly fill in your details using the link provided earlier in order for us to look into the issue better. ^MN
101775,138293,@115821 idk why I pay for prime anymore... my packages haven’t been coming in two days &amp; even tho I specified to leave items on the porch they keep throwing my packages on the lawn or in the flower bed. Unacceptable.,AmazonHelp,,,"@138293 Are you noticing this trend with a specific carrier? We'd like to help, but need more information! ^MT"
2979691,821770,@115821 y’all have a way of hiding orders from other people on the account?? Wife totally found out her present...,AmazonHelp,,,"@821770 On no! We do offer you the ability to ""Archive"" an order so it cannot be seen from the ""Your Orders"" page, details: https://t.co/LQ90PIpfZ3 ^JR"
2679518,392256,"@AmazonHelp I apologize, the description of the app is for universal, including .ca. I am still baffled as to how I was able to order from the US when I am in Canada. Should there be a warning page or should it of redirected me to the Canadian side of the app. #soconfused",AmazonHelp,,2679519,@392256 We're here to help! You should be able to update your default Marketplace from within the app once it's installed.  The steps for this can be found here:https://t.co/Z5xq653LBD. ^AZ
2342018,677426,@AmazonHelp they only told me to cancel the order &amp; placed new one. I hv placed order on 8 Nov and estimated delivery date is 21 Nov.,AmazonHelp,,2342017,"@677426 Sorry for the delay. Delivery date is estimated depending on the shipping speed selected, shipping address, seller's location and the courier availability. Kindly wait until the estimated delivery date. ^NS"
2863353,635746,@115821 @AmazonHelp Have been trying to fix problem since Saturday. EVERY time I deal with Customer Service I am given INCORRECT INFORMATION. I WANT TO SPEAK TO SOMEONE COMPETENT IN AUSTRALIA.,AmazonHelp,,,@635746 I am so sorry for the poor experience! Without sharing any personal account information can you tell us what is going on? ^LS
2814385,784662,@AmazonHelp Marcy Flat Utility Weight Bench for Weight Training and Abs Exercises SB-315 https://t.co/KtpnoJrKwh @AmazonHelp @115821  it’s a amazon gift card,AmazonHelp,,2814384,@784662 What happens when you try to use the gift card? Does an error pop up? ^DG
663750,278189,"@AmazonHelp tengo un problema con @118923 mi paquete nunca llega a mi domicilio. Siempre encuentran una escusa, tengo que llamar para ser yo quien busque mi paquete. Cosa que no pasa con @178440 y @81 es la 5ta ocasión que me pasa esto y solo con ellos. Espero resuelvan.",AmazonHelp,,,"@278189 Lamento el contratiempo, Del Rey. ¿Tu paquete fue enviado por Amazon o un vendedor en nuestra página? ^JQ"
1128675,367350,@AmazonHelp Tomorrow. But that isn't the issue. Why would my package even leave IL if it's being shipped to an IL address?,AmazonHelp,,1128674,"@367350 I understand, I'll pass on your feedback to our transportation team ^AS"
1422011,299564,@AmazonHelp I posted here ... And you also acknowledged already. And now u r saying that my details in not got. Sad,AmazonHelp,,1422009,"@299564 If you have shared the details, you will receive an email notification here: https://t.co/qIV1GlaZIZ. Do check. ^RW"
2970576,819373,Trying to figure out how my @115821 package that was going to be 1 day shipping turned into 2 day shipping at check out and here we are two days later and it still hasn’t even shipped 🤔,AmazonHelp,,,"@819373 Oh no! I'm so sorry you haven't received your package yet! Can you confirm if we missed the estimated delivery date for your order? If so, who was the carrier? You can check here: https://t.co/Y5jpI9gRhE ^EB"
2593165,734638,@117086 Te amo @117086,AmazonHelp,,2593163,@734638 Nós também te amamos Valéria! Qual é a causa de sua felicidade? 😍📚👏 ^JJ
1548341,152508,@AmazonHelp Doing. I sent many emails through your customer care help too but still doing as told,AmazonHelp,,1548340,@152508 I get your concern. We'll certainly look into it. Could you please confirm if you've shared your details through the link? ^AP
2431091,697857,"@AmazonHelp Und Episode 14 ""Auf den Hund gekommen"" handelt von den neuen Nachbarn, die einen Hund haben, der ständig bellt.",AmazonHelp,,2431090,@697857 Dank dir :) ^NW
2936701,270757,"@1404 @AmazonHelp @115850 @430349  AMAZON SELLS FAKE PRODUCTS ON ITS PLATFORM. AFTER U BUY PRODUCT EVN IF U GIVE LETTER/MAIL FROM MANUFACTURER  THAT THE  PRODUCT IS FAKE,   AMAZON WILL NOT ENTERTAIN AS, AMAZON AT ORGANISATIONL IS  INVOLVD IN SELLING FAKE PRODUCTS",AmazonHelp,,,"@270757 That's a rather regretful remark, Shrikant! Could you please elaborate on what lead to it? ^SF"
2154963,633120,@AmazonHelp Por curiosidad qué es VL?,AmazonHelp,,2154964,@633120 Es nuestra firma 😀📝 ^VL
2848948,792267,@AmazonHelp This is the screen Chrome and Firefox send me to when I sign in. https://t.co/QhHWQBjp7B,AmazonHelp,,2848949,"@792267 Hmm.. are you accessing Amazon from a link in an e-mail, or are you typing it in your URL bar? I'd recommend clearing your cache and cookies, then typing https://t.co/nUUp5MLhYl into your URL bar. ^BL"
123371,143563,"Estos de @116875, son la neta. ¡Ya llegó el libro que pedí ayer a esta hora! 👏🏻👏🏻👏🏻",AmazonHelp,,,"@143563 ¡Hola, Fabiola! Entrenamos bastante para llevarte los pedidos a tiempo 💪 Cuéntanos, ¿qué has recibido? 🙊 ^LC https://t.co/vjtwvDsJhT"
2350934,679482,"@AmazonHelp Si, la respuesta fue: “ponga una reclamación a Amazon.” Así que nuevamente el que pierde el tiempo y el dinero es el usuario.",AmazonHelp,,2350933,"@679482 Sebastián, entiendo, por favor entra en contacto con nuestros compañeros de Soporte al Cliente para reportar lo que indicas y puedan verificar las opciones disponibles: https://t.co/OjvUxwnzPe. ^DA"
1610953,219098,@115850 Being with Amazon Prime I feel cheated.... 171-3764193-1196360... disgusting delivery service,AmazonHelp,,,"@219098 Please don't provide your order details, as we consider it to be personal information. Our Twitter page is public.​ ^RW"
2714104,470351,@AmazonHelp Amazon.,AmazonHelp,,2714103,@470351 I'm sorry this is happening. We'd love to look more into this with you. Please contact us here: https://t.co/hApLpMlfHN via phone or chat. ^AY
2261659,658482,"amazonで一回買い物しただけなのに
勝手に年会費3900円
カードから引かれてた

意味わからない
二度と使わない😑",AmazonHelp,,,@658482 前回のご注文で、無料でお急ぎ便をご利用されませんでしたか？その場合、無料体験の登録となり、更新をOFFにしないと有料会員へ移行します。意図しないご加入で不要であれば、退会と返金のお手続きが可能です。https://t.co/9tQT1Jh8Tw TY
1437426,453685,"Wa mag wohl bei @116316 in der Bestellungsübersicht der Unterschied zwischen ""Versandt"" und ""Unterwegs"" sein?",AmazonHelp,,,"@453685 ""Versandt"" = an den Transportdienstleister übergeben. ""Unterwegs"" = auf dem Versandweg. ^RS"
2141310,629677,@AmazonHelp Yes they didn’t know !!! I’m trying to understand exact location of Amazon deck block 109,AmazonHelp,,2141309,@629677 You might find a site map on the venue's website. We recommend contacting the venue for the most recent seating chart. ^JS
771716,303291,"@AmazonHelp Thank you!
Just wondering, If I get a refund issued will it automatically make me a digital gift card?",AmazonHelp,,771715,"@303291 If you purchased using a gift card and had the order refunded, it would go back to your gift card balance. ^JA"
639444,274433,"@148056 @148057 @115850 @AmazonHelp One of my international package was returned because I refused to share my adhar details over a call, when all you need is KYC authentication for international deliveries. This adhar card obsession needs to die!",AmazonHelp,,142058,@274433 Our support team would be happy to help you out! Please contact us from here: https://t.co/vlvfJr4nN9. ^MP
61050,129971,"We submitted our app to @116439 over 2 week’s ago; why is it still in progress? We’re very disappointed &amp; annoyed
@115821 😡
@115851 https://t.co/5MTai6ZbB4",AmazonHelp,,,@129971 I'm sorry there hasn't been any progress on this. Please reach out to us at this link here: https://t.co/fZWLkVUdW3 ^VS
902193,334188,@115821 please tell me how a) my apartment (i was home in) is a business and b) what holiday it is that i’m missing https://t.co/DsyEBI0Pfh,AmazonHelp,,,@334188 Oh my! Thanks for reaching out! Who was the carrier for this order: https://t.co/cwl5OfevBC? Please let us know! ^KJ
1681751,511299,Giving @117093 one more chance. And will not ever recommend it to anyone ever again! Your service and customer service are awful!,AmazonHelp,,,"@511299 Hello Elizabeth! Thanks for reaching out today. Without private details, what issue are you having so we can help review. ^TM"
544444,246497,J'ai reçu ma switch mais pas Zelda avec @120533  vous me brisez le cœur. ( Le jeu est dans un autre colis) https://t.co/y5LU6oGMEb,AmazonHelp,,,"@246497 Bonjour, je suis désolée par rapport à cela, l'avez-vous signalé à notre SAV? ^FT"
942511,343434,"@AmazonHelp Vou tentar, mas da última vez que precisei usar o sac de vcs, não recebi resposta até agora...",AmazonHelp,,942510,@343434 Sempre que precisar da gente por favor não hesite em nos contatar de novo ignatia! Um feliz final de semana para você! ^JJ
1328539,429951,@AmazonHelp Nickel merci bien :),AmazonHelp,,1328538,@429951 Toujours à votre service. 😍 ^ASZ
1153253,391351,"@AmazonHelp Hi, wann wird die 2. Folge von Once Upon A Time Staffel 7 veröffentlicht? Normalerweise gehen die Folgen 1 Tag nach US-Ausstrahlung online, also Samstags.",AmazonHelp,,,@391351 Uns liegen hierzu keine Infos vor. Bitte behalte die Webseite im Auge. ^BL
520712,240206,@115821 I’m tryna figure out why I haven’t received my stuff that keeps getting delayed until another day. 🤬🤬,AmazonHelp,,,"@240206 I am so sorry your package has been delayed! We would like to look into this with you. When you have a moment, please reach out to us here: https://t.co/hApLpM3Ejd ^LS"
1701324,207104,@119625 @68521 is this released or comming up?,AmazonHelp,,1701323,@207104 The content is available here: https://t.co/jO2Sjq1Jek ^MJ
2619657,740263,"Hey, @115821, how about you not charge me $400 for the Prime Wardrobe items bc @115817 is slow? Also, your service rep sounds drunk.",AmazonHelp,,,"@740263 Thanks for reaching out to us! We'd like to take a closer look into this with you. When you get a moment, please contact us via phone or chat:  https://t.co/hApLpMlfHN Thanks ^SW"
2287324,621402,SOMEONE KEEPS TRYNA CHARGE MY AMAZON ACCOUNT AND I KEEP GETTING EMAILS @115821 HELP ME,AmazonHelp,,,@621402 We're here to help. Please contact us here via phone or chat so we can look into this issue: https://t.co/EKXRLsnxJu ^GG
972624,350706,@AmazonHelp I already have contacted you and got no helpful response. I'm left to take it up with my bank. Amazon's help was useless.,AmazonHelp,,972640,@350706 Sorry to hear this - what information did we provide ? ^TD
827432,317088,@115821 you really need to get better about #sustainable packaging and common sense packaging! This is ridics! https://t.co/OTyzwVelq7,AmazonHelp,,,@317088 We're always looking to improve! Please submit packaging feedback to our packaging team here: https://t.co/n4pD72YYFO ^WT
1394419,208981,"It seems that there is some delay, please update me the details , it is showing delayed it seems,  Order# 402-7090913-5820366 @AmazonHelp",AmazonHelp,,,@208981 Please don’t provide your order details as it is personal information. Our page is visible to the public.2/2^HN
809397,180440,"@AmazonHelp Please help me. I'm trying to place an order but can't get through
https://t.co/gmQZT6mD6V https://t.co/lOLuMrLEYg",AmazonHelp,,,@180440 Allow our support team to look into this. You can connect with us here: https://t.co/R3EfhzgU8B ^CB.
2898903,790725,"@AmazonHelp So yesterday, you told me to contact you if my order hadn’t arrived today, I did so and you never replied. It seems like you’re ignoring me",AmazonHelp,,2898902,"@790725 We'd love to look into this further, but we don't have access to your account for security reasons. Please contact us here so that we can address this properly:  https://t.co/hApLpMlfHN ^SA"
835808,318785,@AmazonHelp Your going to help me to resolve this issue are not as I have already given 14days no more time will be given to you,AmazonHelp,,835806,"@318785 Could you confirm if you have reverted to our mail ? If yes, do bear with us and we'll get back with an update soon. ^HT"
2176669,638022,@AmazonHelp Your link doesnt work..Call if you really feel you want to do something for your @48028 customers..,AmazonHelp,,2176670,"@638022 I get your disappointment. Twitter being a social media platform, we wouldn't have access to your account. Please get in touch with our support team here:https://t.co/rS49hgaADF so that we can assist you accordingly. ^MN"
1018824,361069,"@AmazonHelp Wenn sie Halloweenwitze erzählen würde, könnte ich das eher verstehen. Sie kennt ja ein paar.",AmazonHelp,,1018823,"@361069 Aber ein Witz war es trotzdem, oder? 😉 Lass dir einfach noch ein paar weitere erzählen. 🤡 ^KM"
2615110,739218,"hey @116090 the whole point of pre-ordering games months in advance from your website is to get the game on the day it COMES OUT, not a week after. I could have went to EB games this morning and avoided this BS.",AmazonHelp,,,"@739218 Hi, sorry to hear about the delay. Please contact us here: https://t.co/Q7Ftz6nj80 so an agent can look into this for you. ^JJ"
2692782,181237,"Still waiting...
(@AmazonHelp) https://t.co/ZA2l75dY1t",AmazonHelp,,,"@181237 Hi, Which date of delivery was given to you in your order confirmation? ^SI"
2910311,557584,@AmazonHelp Never seen such poor customer service! Bhupendra is clueless.,AmazonHelp,,,"@557584 I'm so sorry to hear this, Nick! We like our customers to have a great experience with us, and it seems we've let you down! Without posting personal account information, can you tell me more about your situation? ^FR"
734593,219399,@AmazonHelp Unfortunately no. I still don't where my order was delivered.,AmazonHelp,,734592,@219399 That's strange. Please follow this link to see the correspondence that was sent by us:https://t.co/DTSNmGldJf and revert to it. ^NK
2522310,718361,"Every book i order from Amazon seems to get damaged in transit

Like. Just wrap the books! A little!!",AmazonHelp,,,@718361 Oh no! So sorry for the trouble! We'd love to help! Have you had the chance to review available options here?: https://t.co/xjvkEN68qH
160414,152953,@AmazonHelp Please DM me. This link takes me to sign-in screen that I can't use because my account is locked,AmazonHelp,,160413,"@152953 There is a link near the bottom that says ""skip log in"". That should get you in. If you still wish to DM us, you can do so with the button provided below. ^TR https://t.co/1XyLaGkcaN"
1683096,511605,Companheiro do busão de cada dia @117804 ❤️ https://t.co/UNQEGy4R8e,AmazonHelp,,,"@511605 Olá Ronald! Com certeza, o melhor companheiro da vida, né? 😊 Me diga, qual eBook você está lendo? ^HC https://t.co/Xp0c7nXt2W"
1041637,366344,"This isn’t the first time @115821 claims they delivered my packages, but they are no where to be found 😣",AmazonHelp,,,"@366344 Oh no! I'm sorry you've not received your packages. Check out some of these tips on how to locate a missing package that has been scanned as delivered: https://t.co/0Zqxj1LGDL Please keep us posted, we'd love to help where we can. ^KL"
1064863,371411,@115850 if existing prime member purchase another prime subscription .when the 2nd subscription starts ...,AmazonHelp,,,"@371411 In order to get the 2nd subscription activated immediately, you need to cancel the existing subscription. ^RB"
1714259,519121,Anyone else getting signed up for @116618 subscriptions without authorization?,AmazonHelp,,,@519121 Do you have other users on your account: https://t.co/rho4pXvGzy? Remove unwanted channels here: https://t.co/6FVBNRziq8 ^AF
671659,280258,"Someone with my same name has commandeered my email address. I have access to their debit card, their Home Depot receipts, their Amazon account, and now they've linked a bank account. WTF?! Stop giving me your info!!",AmazonHelp,,,"@280258 Hi, that doesn't sound good! Did you reach out to your e-mail provider to see if anything can be done? ^KI"
728094,294420,"@AmazonHelp Hey guys, you've taken money for an Amazon Prime membership which I never signed up for - who can I speak to about this?",AmazonHelp,,,@294420 Hi- Did you perhaps have a free trial with us recently? You should be able to cancel directly via: https://t.co/db9agOACy9 ^NV
69863,131819,@AmazonHelp Ok...actually in my product how we can creat SKU code that is the problem. if sombody can guid that will be nice.,AmazonHelp,,69862,@131819 Let me help you here. Please connect with our seller support team here: https://t.co/hITbmQzz2y and they will be happy to check it out for you. ^AR
439671,297361,"@115850 Now it  is not working ..
Left soundbox get faulty..
Cant connect to Customer care toll free no https://t.co/UqEtUrbtYw",AmazonHelp,,439660,"@297361 Please don't provide your order details, as we consider it to be personal information. Our page is visible to the public. ^PS"
1228704,345301,"Random order for £560 of books has just appeared on my @115830 account going to my address, um https://t.co/PaVLRYmzMd",AmazonHelp,,,"@345301 We'd be glad to help with this! Let's take a look here: https://t.co/aaDyEz1VgE to see if there's an ""Edit"" option. ^FR"
276179,181978,@AmazonHelp Can you at least tell me where it is now? I paid extra for it to get here before Thursday - which is incredibly frustrating!!,AmazonHelp,,276178,@181978 Unfortunately we don't have that information here but you can contact us here:  https://t.co/JzP7hlA23B ^AS
2925550,144969,Ayúdaaaa!!!! Como los contacto para que tenga mi paquete @116875 https://t.co/2CLrgca3x2,AmazonHelp,,,"@144969 Hola, Gaby. Lamentamos mucho este inconveniente, puedes contactarnos mediante este enlace: https://t.co/beR78zMMYB
^CB"
425415,216202,@AmazonHelp I have already post screenshot kindly check &amp;crecerte,AmazonHelp,,425408,@216202 I understand your concern. Please use the link provided by my colleague 'GK' so we could sort it on priority.^RS
2829425,787926,"@AmazonHelp Hi, Danke für die schnelle Antwort. Ja, nach der Neuanmeldung in der App. hat es inzwischen geklappt. 👍🏻",AmazonHelp,,2829424,@787926 Ok super :) ^MS
30500,122716,"@AmazonHelp おそらく、返信しても意味ないと思いますが、一応予定日が31日から3日までなのでまだ気長に待ってます。
過ぎても来ない場合は再度連絡させていただきます。",AmazonHelp,,30499,@122716 誠に恐れ入ります。どうぞよろしくお願いいたします。TN
1149673,390541,"@AmazonHelp Hasta el momento no solo está notificación, si no ha llegado para el sábado, oct 28 vuelve para conocer más opciones. 
¿A que se refiere? https://t.co/ZT1jpAKjch",AmazonHelp,,1149672,"@390541 Agradezco la información Carlos, ¿podrías informarme si el producto está disponible en nuestro stock? ^AZ"
2282957,216571,"@AmazonHelp @117086 and i'm currently waiting on a preorder, but its status haven't changed",AmazonHelp,,2282958,"@216571 Hi, please check this information here: https://t.co/b4tpkNxeFV . ^MB"
285539,184025,@AmazonHelp Nope 😩,AmazonHelp,,285538,@184025 We want to help! Please contact in one more time so we can check this out &amp; view available options: https://t.co/EKXRLsnxJu ^GL
2611611,280805,Yo ! WTF Pokémon pas en stock chez @120533 et Skyrim a eu un 18/20 sur son portage ! Je peux m'acheter soit l'un soit l'autre ! PERSONNE VEUT M'OFFRIR LES DEUX PTN ? Je ne suis qu'un pauvre étudiant qui vous fait croire qu'il fait la manche le soir. 😢,AmazonHelp,,,"@280805 Bonjour, je suis désolée par rapport à cela😓 L'information a été remontée à notre service concerné qui est en train de traiter la situation, je vous invite tout simplement à patienter. Merci pour votre compréhension.^FT"
2500792,159139,@AmazonHelp I ordered a few bits to be delivered today 3 of which was delivered the last one didn't come I look online and it says it's returning as it was undeliverable do what is going on??,AmazonHelp,,,@159139 Oh no! I'm so sorry the item is being sent back to us. We may need to look into this in real-time. Please reach out to us here: https://t.co/JzP7hlA23B ^MJ
947694,268374,@115850 you people are torturing me since last 3 days by not collecting the faulty phone that has been delivered to me by mistake 1/5,AmazonHelp,,,"@268374 Sorry about the experience, Ajay. We have responded to your query here: https://t.co/Ghyge8BqMg. Please check. ^NK"
436353,218635,"@AmazonHelp Finally Ask.@115850 delivery this product Or not.IF NOT DELIVERY PRODUCT TODAY GIVE STATEMENT TO ME ""WE NOT HAVE SERVICE IN CHENNAI 600034",AmazonHelp,,436352,@218635 you as soon as we receive an update from them. 2/2 ^SH
1329537,430214,And @115850 says no return. I’ve contacted the seller for warranty claims. So lets see. Should have just bought some whiskey instead.,AmazonHelp,,1329538,@430214 Sorry to know about the defective product. Do let us know what the seller has advised? ^MS
1269539,417249,@115821 shipping is becoming worse &amp; worse. Thinking of dropping Prime. Can drive to the bookstore 10 minutes away and not wait 6 days😡,AmazonHelp,,,@417249 I'm sorry for the wait! Have we missed the delivery date given in your confirmation e-mail here: https://t.co/5DmMaFhJxz? ^KP
64192,130736,@AmazonHelp Still no call back...,AmazonHelp,,64191,"@130736 Hi Dan, were you not able to reach us via phone from the link provided? You can also reach us via chat to discuss the issue.^PJ"
581207,256954,@115830 this is not how I expect to open my amazon package 😡 https://t.co/wdvOgqOb65,AmazonHelp,,,"@256954 Oh my goodness! That's not how we expect you to open the package either. I'm so sorry your item arrived in this condition. Please set up a return for a refund or a replacement, here: https://t.co/YLb58chWfk  ^SP"
2838550,789979,"Amazon tracking shows this package was ""handed directly to a resident"".  Seriously? Package left by busy road for 24 hours @115821  @51424 https://t.co/ArIsSR3nfl",AmazonHelp,,,"@789979 I'm sorry your item arrived in this condition, this isn't what we like to see. Who's the carrier listed here: https://t.co/Y5jpI9ys9c? ^KP"
790206,308431,"Lleváis más de tres horas preparando un pedido, os ha pasado algo @116928 ?? #primenow https://t.co/EFsqJDM0KS",AmazonHelp,,,"@308431 Hola, sin compartir datos de tu cuenta como el número del pedido, ¿cómo te podemos ayudar? ^VL"
2286408,309923,"@AmazonHelp Details given at link , I want item to be delivered
I order on prime and it's getting delivered after 7 days.",AmazonHelp,,2286407,@309923 Thanks. We'll check and revert at the earliest. ^HK
2838492,789966,"Menuda ha liado hoy @116928 sin entregar los pedidos, dejándolos en una recepción donde no nos los pueden entregar. Encima los repartidores han marcado paquete entregado 📦 ❌ #Cybermondaymuynegro #blackfriday #averquepodemoshacer",AmazonHelp,,,"@789966 Hola Pablo. Disculpa esta experiencia de entrega. ¿Ya tienes el paquete contigo? 
^DB"
1033730,364559,"@115821 if I’m returning multiple items,and they were bought on different transactions, can I return them in 1 box w/ multiple return slips",AmazonHelp,,,@364559 Were they sold directly by Amazon or by a marketplace seller? ^PK
534131,243710,@AmazonHelp heres the link from Safari... https://t.co/sx4E59wRZv,AmazonHelp,,,"@243710 Thanks for the link, Keith. Let's try this. If you have a moment, please contact us directly here so that we can look into this for you: https://t.co/hApLpMlfHN ^SM"
360202,201311,@AmazonHelp I have a question about a preorder. Are you able to assist?,AmazonHelp,,,@201311 We'd be happy to try to help in any way we can. Will you please tell us more about what you need help with? ^CO
288010,184640,@115821 no delivery post delivery date order number 403-3211310-4289968 @AmazonHelp and promised to get delivery by 1pm but not received yet,AmazonHelp,,,@184640 as we consider it to be personal information. Our Twitter page is visible to the public. 3/3^AP
2740650,767781,@115850 Brut perfumes being sold at Amazon are completely fake. Perfumes are not returnable. What should I do?. Please stop selling such fake products.,AmazonHelp,,,"@767781 We apologize that you have received a fake product. All the health and beauty products come under the non-returnable category. However, contact our support team here :https://t.co/2t6DQoUmNZ and they will certainly check what best can be done. ^PR"
2573798,729893,ola @117086 meus livros saíram de tubarão pra criciuma na terça as nove da manhã e até agora o rastreio não atualizou sendo que teoricamente já devia ter chego aqui em casa dá uma ajuda aí parça,AmazonHelp,,,"@729893 Olá, Lucas! Sem compartilhar informações pessoais, pode nos fornecer a data estimada de entrega que foi enviada no e-mail de confirmação do pedido?. ^NB"
1097682,379031,@AmazonHelp Using my Phone Data. But I have Verizon and ever other app works,AmazonHelp,,1097677,"@379031 At your convenience, please reach us via phone or chat so we can troubleshoot this issue with you: https://t.co/EKXRLsnxJu ^BV"
1794076,539135,"@115821 My friend ordered apple iphone 7 for Rs.38999 but he got Intex mobile instead.
IRONY...",AmazonHelp,,,"@539135 Apologies for the mix-up, Utkarsh. Please ask your friend to connect with us here: https://t.co/TdDksLo6Mf. We'll check it. ^HD"
2283440,663618,@AmazonHelp I will. Thank you.,AmazonHelp,,2283439,@663618 Anytime! We're still here if you need us! 😁^KJ
1489136,465875,"@AmazonHelp Oh, except now I can't cancel the order! There's an 'error' stopping me https://t.co/8KcMjhYLHM",AmazonHelp,,1489135,@465875 I'm really sorry. Please contact us here for help:  https://t.co/hApLpMlfHN ^AT
175443,157206,"Got an email from @115830 ""your parcel has been left in safe place"" and sends me this photo. An expensive item and you have left it like that? https://t.co/ez67WDBVwW",AmazonHelp,,,"@157206 I'm sorry for the way this delivery was handled! We're available to address this concern. At your convenience, you may reach us via phone or chat here: https://t.co/oGDklGgbCZ ^SJ"
2718452,287913,"Huhu @AmazonHelp! Früher gab es mal eine 30-Tage-Test-Garantie ... sollte man in dieser Zeit unzufrieden mit dem Tablet sein, konnte man es kostenfrei zurückschicken und Geld wurde erstattet. Ist das noch gültig?",AmazonHelp,,2718453,@287913 Du kannst jeden Artikel innerhalb von 30 Tagen zurückschicken. Alle Informationen zur Rückgabe findest du hier: https://t.co/RSotcasuGJ Liebe Grüße ^TA
1279019,419288,Ja die Ware muss bruchsicher verpackt werden für den Versand. Aber DASS ist einfach nur lächerlich @116316 https://t.co/9ipvR8yXIP,AmazonHelp,,,"@419288 Hier hätte auch eine kleinere Verpackung gereicht. :( Hier kannst du uns helfen, uns zu verbessern: https://t.co/dLhbMTHfvK ^SI"
466710,226072,@AmazonHelp give the required information -pl do the needful,AmazonHelp,,466709,@226072 We have received the details. We will get back to you with an update at the earliest. ^HR
2544878,803939,@310672 @118706 @115821 Same exact thing happened to me yesterday,AmazonHelp,,2544877,"@803939 I'm so sorry to hear your package did not arrive! Did you have a chance to speak with us about this?
^AV"
771378,304228,"@115821 @AmazonHelp u are #1 but not in this instance. I needed this hat now. Plz DM me to fix
#CustomerService #business #travel https://t.co/M3THj4a8ev",AmazonHelp,,,"@304228 I'm sorry you received your order like this! We'd like to assist directly, please reach us here: https://t.co/hApLpMlfHN ^WM"
1769762,201404,@115850 What the hell is wrong with you. Learn a thing or two from your competitor @118702. you hardly ever need to call their customer support and if you do they resolve your query. On the other hand your delivery suck big time even for prime member. Up your game or gtfo.,AmazonHelp,,,@201404 That's quite a remark. Could you please elaborate on your concern so that we can make things right for you? ^SD
1731581,523169,"@AmazonHelp Kundenservice sagt ,nöö wird nix ,morgen dann 🙄 Konsole kommt 1 Tag später.. das müsst ihr euch mal durch den Kopf gehen lassen 😔",AmazonHelp,,1731578,"@523169 Diese Verzögerung tut mir leid. Wenn ich könnte, würd ich dir die Konsole selbstverständlich persönlich vorbei bringen. 😉😊 ^SM"
542206,245832,Qd le service @AmazonHelp te raccroche au nez et te bloque sur le chat alors que ça fait 3j que ta commande est affichée livrée par @7776 et que tu ne l'as pas reçu... Il est temps de trouver une solution les gars sinon je vais hésiter entre #escrocs ou #voleurs...,AmazonHelp,,,"@245832 Bonjour Elsa, navrée d'apprendre cela. Je veux vérifier votre dossier personnellement, pour cela je vous prie de remplir ce formulaire, afin de me permettre d'accéder à votre compte : https://t.co/HtUowg2UGX ^MA"
1071069,139212,@115821 Ordered a @46489 FR300 to replace it. I should've just ordered it to begin with.,AmazonHelp,,1071070,@139212 We're sorry to see this! Have you had a chance to explore any available return options: https://t.co/Jrw2NZmEGS? ^WM
351651,199648,"@AmazonHelp @AmazonHelp well played, cancelled the order and increased its price...",AmazonHelp,,351650,@199648 Pricing and offers are decision of the sellers. The prices available currently are the best which we can offer.  ^SB
86105,134798,"@119625 I think you should work on the subtitles. Some of my ""the mentalist"" subtitles, seem to be paraphrased. :)",AmazonHelp,,,@134798 Thank you for flagging this to us. I'll forward your feedback internally for review.^MN
2273273,660031,.@115830 Oops... bug... ${hash-get dateRange} https://t.co/BxQ8BNYkiG,AmazonHelp,,,@660031 Oh goodness! Thanks for letting us know. Will you link us to the product that you see this error on? ^AB
378511,205821,@AmazonHelp .com I believe.,AmazonHelp,,378510,@205821 You can request a callback here: https://t.co/yVU5FWROgc ^PK
1538756,476987,"@AmazonHelp さいとうたかをのサバイバル、ヤマケイポケットシリーズ、星の位置から緯度と経度を計算して現在地が分かるツール、斥候兵の心得などを同梱したサバイバルパックで売り出せばいいのにっていうか入れてる人はすでに入れてるかな？
どうもありがとうございました",AmazonHelp,,1538754,@476987 こちらこそ、丁寧なリプライをいただきありがとうございます。今後もご不明点などがございましたらお知らせください。MH
1887305,562891,@AmazonHelp 間違えてクリックしたので戻りました。Eメール来てません。リプありがとうございます。,AmazonHelp,,1887304,@562891 よろしくお願いいたします。 EK
918918,338139,Amazonってコンビニ支払い出来なくなってる？,AmazonHelp,,,@338139 商品によって「コンビニ・ATM・ネットバンキング・電子マネー払い」がご利用いただけないことがございます。https://t.co/HcRnh8KN8O  恐れ入りますが、お支払い方法選択画面で選択可能な方法でのお支払いをご検討ください。TN
734610,295767,"@115830 brand new it said!!
Water damaged I say!
How ridiculous!! 
I can’t get to post office to return it easily either!! https://t.co/SeHfstzG6X",AmazonHelp,,,@295767 Sorry to hear that. Get in touch here: https://t.co/JzP7hlA23B and we'll be happy to help. ^RS
944891,341650,"@AmazonHelp If any items Price is more than M.R.P, then what rule should be applied..",AmazonHelp,,934406,@341650 Please refer here: https://t.co/LC2Ps9CJAT for more info on pricing and M.R.P. ^HA
1478893,231455,"@115850 Hi, I require assistance with my order.",AmazonHelp,,,@231455 Could you let us know more about your concern? ^KA
136919,146885,"@AmazonHelp I am so upset I have just cancelled the whole order.

Have you an email address I can write to you at.

This is the first time I have ever received bad service from Amazon. He even brought me to tears",AmazonHelp,,136918,"@146885 Hi, really sorry to hear this. When you contacted us, can you advise what info you were given? Let us know. ^JC"
1024283,362399,"amo que pido algo por @116875 en Sabado en la noche y llega el Domingo en la mañana, totalmente vale la pena el Prime",AmazonHelp,,,@362399 ¡Corremos para llevarte felicidad! 😊 Esperamos que disfrutes mucho de tu pedido. 💞 ^JQ https://t.co/PGxw525khO
2609286,738010,@AmazonHelp This is the latest update. I am not at all happy it’s not looking like coming today. Your prime service gets worse. https://t.co/w8f7lrpsfu,AmazonHelp,,2609287,@738010 Sorry to hear of your order. Please keep us posted. ^MC
2560203,726685,"@AmazonHelp Coloquei lá HP edição capa dura que tenho só os 2 primeiros, HP e a Câmara secreta ilustrada, os livros da ABBI GLINNES (só tenho o primeiro), JULIA QUINN, box da agatha Christie, e por aí vai hahahahhaha",AmazonHelp,,2560202,@726685 Harry Potter é amor demais! Qual é o seu personagem favorito? ❤🤓⚡ ^DA
751713,299663,"Thank you @115821 #oneclick, for once again f*cking up my order",AmazonHelp,,,@299663 I'm sorry for any trouble! We'd like to help if we can. Can you tell us more about your issue? Pls don't give account info. ^KJ
2518040,717275,"@AmazonHelp for one of my packages yes, for the other one no.",AmazonHelp,,2518044,@717275 What was the delivery date for the late package? Have you had a chance to speak with us about any available options?  ^LR
283118,159034,@AmazonHelp This is our country we will not allow u #fraudamazon to make joke of us Indians.,AmazonHelp,,283117,"@159034 As mentioned earlier, we'll definitely work on the miss for further improvements. Appreciate your understanding. ^PS"
848118,321564,@120474 awful customer service!2 Foo Fighters tickets on payment screen then sent email to say I’ve been sold 1 &amp; you won’t refund!,AmazonHelp,,,"@321564 I'm sorry to hear this. Have you had a chance to contact us by phone? If not, you can do so here: https://t.co/qy3J24VGxb ^GR"
2644421,746133,@AmazonHelp Unfortunately that did not work,AmazonHelp,,2644419,@746133 Thank you for trying. Let's try some troubleshooting with our Kindle team directly here: https://t.co/hApLpMlfHN ^DW
226646,170103,"@AmazonHelp C’est simple: le télephone et le code porte de l’immeuble demandé lors de la commande n’est pas transmis à UPS=&gt;echec livraison, je rappelle Amazon,redonne le code puis rappelle UPS après 3h qui n a tjs rien recu #bigfail",AmazonHelp,,226645,@170103 Les éléments indiqués doivent normalement être transmis au transporteur. Votre livraison a donc été reprogrammée ? ^MH
1736149,524177,Finally ordered Amazon echo dot. Getting delivered tmrw. @115850  is definitely getting better! Looking forward to test prime music too!,AmazonHelp,,,@524177 Great ! We are so happy to hear that. Do ensure to check all the wonderful skills alexa has to offer. ^PJ
2291167,665470,@AmazonHelp そうさせて頂きますー！,AmazonHelp,,2291168,@665470 お手数をおかけいたしますが、どうぞよろしくお願いいたします。HM
918239,337991,@AmazonHelp How do I actually buy this for Kindle? https://t.co/bXuQFvqcFx,AmazonHelp,,,@337991 Some digital purchases aren't able to be made over the app. Are you able to purchase it from our website? ^NM
21093,120619,"Bad service &amp; no reply! Why do Amazon make it so hard to get in touch! Delivery due yesterday as paid for, not in 2 more days! @AmazonHelp https://t.co/dx43TTZIQK",AmazonHelp,,,@120619 My apologies Frances. What was the expected delivery date given at the time the order was placed? ^DC
1208738,306774,@115850 @AmazonHelp Any offer on cash addition to Amazon Pay/wallet for old users. Offers like Amazon happy salary day.,AmazonHelp,,,@306774 You can find the available offers here: https://t.co/dA5wWFcBOY. Kindly refer to it. ^AP
2360439,681660,Who in the world has a fax machine @120533? In 2017. #buyingonlineissues,AmazonHelp,,,"@681660 Hello,
Do you have an issue with our services? Can you give me more details?
^MD"
1093273,378013,@AmazonHelp Can you deliver now? I need an assurance on that awaiting revert from your end,AmazonHelp,,1093272,@378013 Apologies for the unpleasant experience. Kindly reach our support team: https://t.co/vlvfJr4nN9. We'll have it checked. ^GS
643688,272829,@115850 @36688 Amazon does not even give me a return option! It is as good as forcing people to be stuck with rubbish!,AmazonHelp,,643687,@272829 I apologize for this. We'd like to assist. Please fill this form: https://t.co/beaaDlIL5C and we'll get this sorted soon.^RS
825485,316607,@AmazonHelp hello I ordered something over a month ago unknowingly from a merchant and never received it &amp; the merchant has terrible reviews,AmazonHelp,,,@316607 We're sorry for the trouble you've had! Have you contacted this third-party seller to obtain any info about your order status? ^WM
490635,231873,"@AmazonHelp I'm saying that when you add items to a cart, Amazon doesn't show you the total amount charged for each group of items as opposed to just the total of everything",AmazonHelp,,490634,@231873 Let's work on this together in real time via phone or chat.  You can choose either option from here:  https://t.co/hApLpMlfHN ^CH
2859775,694480,@115821 parents tried to do some shopping and now my account has been blocked. Can you guys help me out here?,AmazonHelp,,,@694480 Oh no! Have you received any e-mails from our Account Specialists team? Be sure to check your junk/spam folders! ^MT
254003,176377,@AmazonHelp E siete stati talmente efficienti che la cosa che ho comprato era pure al 70% di sconto sul prezzo di cartellino. Vi adoro. ❤,AmazonHelp,,254002,@176377 E sei ricambiata! 💞 ^EA
1174734,396310,@AmazonHelp No it said estimated around September 26 and it's already October 24.,AmazonHelp,,1174733,@396310 Is your order being shipped by Amazon directly or third-party seller? You can find that info here: https://t.co/Y5jpI9gRhE ^KP
1548357,479331,@AmazonHelp amazonの箱は、色もついてないので、小鳥達の遊び場所には最適です🤗ボロボロになるまで、使わせてもらいます(笑),AmazonHelp,,1548358,@479331 そうなんですね！お役に立ててよかったです😁 EK
230939,158390,"@AmazonHelp Bank has denied raising a dispute,  as they have no information about transaction.",AmazonHelp,,230940,"@158390 As mentioned earlier, kindly respond to the correspondence which you've received from us. ^KN"
898418,333341,@AmazonHelp Your orders are always late and you have no control over your amazon transport services. All orders late and that’s it for me,AmazonHelp,,898420,@333341 please fill this form: https://t.co/GIJyeYqKE0 and we'll contact you. ^MP (2/2)
124702,143931,I forgot to cancel my amazon prime trial... there goes $100.,AmazonHelp,,,"@143931 If you haven't used any of the benefits, you're eligible for a refund. More information is available here: https://t.co/boQ3qtD62D  ^SJ"
2111084,622711,@AmazonHelp Thank you.It was supposed to be from an amazon center id say. I  called twice to check status and cancel at this point. 😞 https://t.co/TYoR8jF2YO,AmazonHelp,,2111085,"@622711 From the image it looks like the item is not available, were you given an ETA on the confirmation email? ^GA"
1507939,469992,"@132988 je suis fatigué de payer un abo prime @120533  pour que vos livreurs ne trouvent pas mon adress,@62151 trouve sans pb",AmazonHelp,,,"@469992 Bonjour, je suis désolée pour cela. Pour vérifier cela, je vous invite à remplir le formulaire suivant : https://t.co/HtUowg2UGX ^SB"
271583,133798,@115821 I would like a refund on my squaretrade warranty. Biggest scam. The machine just breaks and the warranty covers nothing. Money back!,AmazonHelp,,,@133798 I'm sorry to hear you're experiencing Fire Tablet issues! Please call SquareTrade at 1-866-374-9939 from 6am to 10pm PST. ^MV
2276520,662101,"@115821 Why has your recent upgrade suddenly started locking me out of my account for redeeming YOUR gift cards???? There is no sense in my account being deactivated; and reactivation in ""3-4 days"" is unacceptable; especially after being on the phone with 1/2 dozen reps in 2_hrs.",AmazonHelp,,,"@662101 Hey Danny, we're here to help address this! I've responded to your DM. ^JE"
103048,138662,Hey @120533 et @5977 le livreur qui dépose le colis comme ça c'est normal ? https://t.co/GSkSWWNpNo,AmazonHelp,,,"@138662 Bjr, je suis sincèrement désolé d'apprendre cela et vous prie de nous en excuser, pouvez-vous m'indiquer quel est le transporteur qui a pris en charge la livraison ? ^RA"
2289855,346490,@AmazonHelp It’s giving me a download error for various music. Isn’t that the point of a music streaming service?,AmazonHelp,,2289854,"@346490 We're more than happy to troubleshoot with you in real-time. We're available 24/7 via Phone, Chat, and E-mail here: https://t.co/hApLpMlfHN. Thanks for reaching out! ^EZ"
2787780,778251,"@AmazonHelp when will the returns be fixed on the website? I've been trying to return an item for a week now. I get an error message every time I hit ""return""",AmazonHelp,,,@778251 I'm sorry for the frustration! Have you tried clearing the cache and cookies on your browser? Are you also having the same issue when using the Amazon app to set up the return? ^DD
424020,215942,@115850 are you guyz trying to fool me. I discovered the maxima watch at 4.01 pm and you are sayi ng i am late. Do you think i am mad.,AmazonHelp,,,@215942 Hi! Are you referring to a contest or a lightning deal ? ^AM
1302362,424358,Ordered two display cases from @115821 ... both arrived broken in multiple places. #quality #thanksforthat https://t.co/5Ph5YITVIO,AmazonHelp,,,@424358 That is not what we expect! If you follow the steps here we would love to right this wrong! https://t.co/4EY4ay1lwK ^LS
2904360,804140,@AmazonHelp Mon compte est suspendu,AmazonHelp,,2904359,@804140 Dans ce cas vous devez suivre les indications indiqués sur l'e-mail de confirmation ^ME
1247801,412761,@AmazonHelp What is this for? Why why am I filling this out? And what am I supposed to link?,AmazonHelp,,1247800,@412761 A member of our Social Media team would like to look into this for you. Please provide your info in the link provided.  ^AG
2304130,668551,@AmazonHelp can i get the money back for a justin bieber i accidentally bought in 2015?,AmazonHelp,,,"@668551 Worth a try, but no. 😁 ^KM"
1258637,414911,&amp;by amazing I mean @115821 where is my package? USPS post office? Somewhere random in my complex?? Because its not at my door for pickup....,AmazonHelp,,1258638,@414911 I'm sorry for this issue with your order. Did the tracking info update? Please check here: https://t.co/Y5jpI9gRhE ^DO
2705723,759897,@AmazonHelp I really like the @115821 Logistics delivery status map that shows how many deliveries are ahead of mine. This increases my confidence in the delivery commitment.,AmazonHelp,,,@759897 Thanks for letting us know! Feedback is very important to us. ^TR
2301535,416673,@AmazonHelp wieso kann ich mich auf meinem Acc. nicht mehr einloggen? Trotz Passwortwechsel steht bei jeder Eingabe „falsches Passwort“.,AmazonHelp,,,@416673 Hast du es auch schon über ein anderes Gerät versucht? Ansonsten bitte hier melden: https://t.co/UIOLAGojPo Gruß ^TA
1662288,506920,"Woran kann es liegen, wenn @116316 plötzlich meine Zahlungsvariante ablehnt, obwohl gestern noch erfolgreich Sachen damit bestellt wurden?",AmazonHelp,,,@506920 Schau doch mal bitte hier: https://t.co/f17B22WRgp Liebe Grüße ^DW
2949400,396646,@AmazonHelp The Alexa app is not available in the Dominican Apple store. https://t.co/JEG3QDNef4,AmazonHelp,,2949399,"@396646 I apologize, but since the Alexa app is not available in the Dominican Apple store, you would not be able to properly set up your Echo Dot. ^VF"
1135027,387410,@AmazonHelp C'est une blague? Je  vous ai déjà répondu il faut lire les tweets que l'on vous adresse! Cdt.,AmazonHelp,,1135026,"@387410 Vous m'en voyez sincèrement navrée, sachez que c'est grâce à vos remontées que nos services s'améliorent.Je vous prie de patienter!"
234197,171760,@AmazonHelp Make things alright? Were you guys sleeping in the last 10 days?,AmazonHelp,,234198,@171760 As requested earlier please respond to the e-mail sent by us so that we can look into it. (2/2) ^MV
2176562,132485,@AmazonHelp never been this disappointed in amazon.,AmazonHelp,,,@132485 We're sorry to hear that. Without giving personal information can you tell us what's happened? ^MI
2297415,116345,"@AmazonHelp I think I got it taken care of,thanks!",AmazonHelp,,2297414,"@116345 That's great to hear, McKenzie! Please let us know if there's anything else we can do to help! ^CS"
2898964,803133,@115850   I need to return defective iBall power bank. Customercare numbers are almost impossible to get through,AmazonHelp,,,@803133 We apologize for the sweat. Allow our support team to investigate this. You can report this here: https://t.co/R3EfhzgU8B ^CB.
1166760,197670,@123813 Cuando lanzaran alguna App para Roku TV en México????,AmazonHelp,,,"@197670 En el momento no contamos con esta información, puedes estar pendiente de nuestra página web para más novedades. ^DA"
723303,293199,"Dammit @115821, hurry up!! I feel like the last guy picked at the allstar game (russ). Need to see @217158 and @71214 work! https://t.co/oSIpr3WdU1",AmazonHelp,,,@293199 I'm sorry for the wait! Late orders typically arrive on the next business day. Keep us posted on the delivery. ^MB
2444042,700797,After 45 min of my wife waiting on hold with a second @115821 customer service rep waiting to talk to a supervisor we were just asked if we could instead “purchase these items from a local store”... #SupervisorWatch2017 #stillwaiting #didyoujusttellustotakeourbusinesselsewhere,AmazonHelp,,,"@700797 I'm so sorry for the poor experience! That's not how we want you to feel. We'd like to assist. Without providing any account or personal information, can you describe what the current issue is?  ^AG"
474383,227899,"@AmazonHelp Where is our delivery, which @1811 promised would be delivered yesterday?",AmazonHelp,,,@227899 Sorry about that! Please contact our Customer Service by clicking here: https://t.co/9gDpckuXSq for assistance. ^MZ
2760866,121290,@115850 WTF Who did you delivered my package just gor MSG saying  you delivered my Package but i didn't receive it,AmazonHelp,,,@121290 That's odd. Kindly report it to our support team here: https://t.co/2t6DQoUmNZ we'll look into it and help you out. ^AP
757826,301093,@115850 sir I order Sony headfone it is very good I love it thanks you,AmazonHelp,,,@301093 We're glad you loved the product. Happy shopping! ^SQ
1950259,579273,@115830 Why do drivers lie about failing a delivery? And what is the point of paying for Prome when you don’t deliver?,AmazonHelp,,,"@579273 Are you seeing issues with a current order? If so, what does tracking show: https://t.co/aaDyEz1VgE We'd like to help! ^KN"
1442567,432687,@AmazonHelp Os vale la fecha de la amazon app? https://t.co/gD0QfHkMwA,AmazonHelp,,1442566,@432687 ¿Has entrado en contacto con la compañía de transporte para obtener más detalles? ^JQ
1429316,451985,"@AmazonHelp Bonsoir, j'ai reçu aujourd'hui mon casque HyperX Cloud II venant de votre site et un coussinet est abimé.
Pouvez-vous me contacter pour savoir comment procéder ?",AmazonHelp,,,"@451985 Bonsoir, je suis navrée que l'article soit arrivé endommagé, vous pouvez nous contacter via le lien suiavnt : https://t.co/qzuu0dgDXz ^ASZ"
977763,351898,@AmazonHelp @115830 why does it have to be so difficult and such a painful process trying to get a resolution? #drivingmemad,AmazonHelp,,,"@351898 Sorry to hear this. Without sharing personal/account info, can you please advise what happened ? ^TD"
142019,148048,@115830 #prime deliveries yet again not being offered for weekend delivery - becoming very frequent this and always when you try and order on a Friday,AmazonHelp,,,"@148048 I'm sorry for the troubles, Simon! Just to clarify, have you been able to speak with us about this? https://t.co/JzP7hlA23B. If so, what have you been advised so far? ^AL"
2033453,601264,@AmazonHelp Merci. Je parle au nom de ma compagne. Elle se chargera de remplir le questionnaire dès demain.,AmazonHelp,,2033452,@601264 d'accord dès réception du formulaire nous traiterons le cas. Merci ^RA
232666,171385,@AmazonHelp It says 404 not found? https://t.co/m4yi4fgiLr,AmazonHelp,,232665,@171385 Try this link instead https://t.co/i1urnNeFkm ^KM
5310,116932,@AmazonHelp Yes.,AmazonHelp,,5311,@116932 Can you tell us when this information was submitted? Account Specialists can take up to 2 business days to investigate an account when the information has been sent. ^EZ
179599,158302,@AmazonHelp I paid for the Order # 4__credit_card__ using my Amex Card; after so much of wait the #FedEx guy tells me it's a cod! #unacceptable #fraud,AmazonHelp,,179601,@158302 There must be some error! Let us look into this issue closer. Please contact us using this link: https://t.co/9mwpIdOzZn. (1/2) ^ZH
2709889,760940,So @115821 could you care to explain why the complimentary beef jerky wasn’t full? https://t.co/kHMT308eb8,AmazonHelp,,,@760940 Oh no! I'm so sorry your order arrived in this manor! We'd like to take a closer look into this with you; please reach out to us here: https://t.co/hApLpMlfHN ^QJ
38810,122363,@AmazonHelp I keep chasing u guys and finally ur reply https://t.co/wgHLRIVchr,AmazonHelp,,38809,@122363 Please don't provide your order details as we consider it personal information. Our twitter page is visible to public. (2/2)^SQ
1522618,473143,@AmazonHelp Found it thank you,AmazonHelp,,1522619,@473143 Thanks for keeping us posted! Let us know if you need anything else.  ^AG
1168769,394918,@115821 delivery svcs. How is it possible to have your package out for delivery to being lost in transit. Sounds to me the driver took it🙄,AmazonHelp,,,@394918 I'm sorry your order was lost in transit. Can you tell us who the carrier was for your package: https://t.co/Y5jpI9gRhE? ^VS
434525,218242,@AmazonHelp Thank you guys so much for your help! My package finally showed up ❤️,AmazonHelp,,434523,@218242 Glad you received your order. Thanks for keeping us posted. ^CO
734628,294819,@AmazonHelp U can contact me on my no 7903524736,AmazonHelp,,734627,"@294819 Please don't provide your contact details, we consider it personal information. Our Twitter page is visible to public. ^VN(2/2)"
1877583,560453,"やっちまった...
Amazonプライム会員、今年も解約すんの忘れた...
また1年よろしくお願いします...Amazonさん...",AmazonHelp,,,"@560453 Amazonです。更新後に特典の利用がなければ、キャンセル手続き後に年会費を返金いたします。詳しくはこちらをご確認ください。 https://t.co/JrKFIybs6n　
もし今年もご利用いただける場合は存分に特典をご活用ください。MH https://t.co/oKMO9gAajy"
31399,122921,@115850 y not ship Amazon pantry to all cities n towns.. v don't mind getting it in 3-4 days.,AmazonHelp,,,@122921 I'll be sure to share your comments on this as feedback with the team. ^OS
229775,170759,"@AmazonHelp Vous êtes les meilleurs, réactivité et précision, y-a pas un feuillet ou je peux vous mettre 5 étoiles pour l'assistance ?",AmazonHelp,,229774,@170759 Merci 😊 Votre commentaire me met plein d'étoiles dans les yeux ⭐️ ^SM
2576995,730690,"Ffs, forgot to cancel Amazon Prime which i signed up for the free month!! I’m now £7.99 down, i don’t need this shit 😭",AmazonHelp,,,@730690 So sorry for the unexpected charge! You can contact us here for further information on how to correct that: https://t.co/JzP7hlA23B ^LS
2641730,477521,"My Amazon app must be broken lol, everytime I look up “4K TV” all I get are HDMI Switchers and HDMI cords 🤔 @115821",AmazonHelp,,,"@477521 We're here to help! The search results for ""4K TV"" can be found here: https://t.co/fricWNCU7a ^SH"
248626,175068,@AmazonHelp I've already requested a call back from a supervisor within the hour... spend less time on fantasies like 'drones' and get another van!!,AmazonHelp,,248625,"@175068 Please let us know what options they provide. We are here to help if you need us!

-Zach W."
1330287,430357,@AmazonHelp I havnt made any purchases?,AmazonHelp,,1330286,"@430357 Did you locate the Prime on your account ? If so, did you manage to cancel for a refund ? ^TD"
1114855,383094,@AmazonHelp It’s hard to fathom why delivering a broom could be so difficult!,AmazonHelp,,1114853,"@383094 Apologies, here are some reasons for parcels being marked as undeliverable: https://t.co/KGYS1AWvms. ^JJ"
475087,228063,@AmazonHelp Ah just seen...Amazon Shipping,AmazonHelp,,475086,@228063 Thanks - please contact us for assistance :  https://t.co/JzP7hlA23B  ^TD
2827252,787498,Amazonから、どうみても使用感のある「新品」が届いた。折れ曲がった書籍とか、このパターン本当に多い。,AmazonHelp,,,@787498 使用感のある商品をお届けしたとの事で、ご迷惑をおかけしております。在庫状況に応じて交換または返品を承ります。こちらのヘルプページよりお手続き下さい。 https://t.co/O4ee8bIDTI EK
1594009,489872,"SALEでやすくなっていたFireHD8を購入。
昨日の夕方頼んだのに、もう届いた。
Amazonすげー!
#amazon  #kindle  #firehd8  #タブレット https://t.co/i8CRr4k5WF",AmazonHelp,,,@489872 Fireタブレットをご注文いただきありがとうございます！|∀・).｡oO(末永くお楽しみいただけますように・・・✨)　MH
1079366,374606,@AmazonHelp You guys screwed up my order - customer service is not helping - can you?,AmazonHelp,,,"@374606 We'd like to try to help!  Without posting acct info or order details, can you please provide a summary of the issue? ^AG"
1252571,277548,@AmazonHelp Well the corners and the spine are all bent in more than usual for a hardcover.,AmazonHelp,,1252570,"@277548 Sorry once again. If the item is not acceptable, we will be glad to help with a return: https://t.co/TqX7EBZ71X ^CR"
1470740,461378,@AmazonHelp いつも利用させていただいてます、またよろしくお願いします(笑),AmazonHelp,,1470739,@461378 こちらこそ、今後ともよろしくお願いいたします！🙇 YM
73445,132426,"@AmazonHelp Brilliant, one of the items doesn’t work and another has a defect, only the third time in the past week I’ll have to return items 😊",AmazonHelp,,73446,"@132426 Really sorry to hear this, Matthew. Please contact us via this link: https://t.co/JzP7hlA23B. We will do our best to get the returns process sorted for you."
707946,206099,@AmazonHelp I've done it two days back..,AmazonHelp,,707945,@206099 What is the error you're seeing when you try to change the number? ^HD
1375313,156884,"Disappointed that my halloween costumes, which were supposed to come from @115821 today, have been delayed &amp; might get here too late ☹️",AmazonHelp,,,@156884 Sorry to hear that! What  is the latest delivery date showing in the order details found here:  https://t.co/Y5jpI9gRhE  ^CH
431133,217515,@AmazonHelp Thanks for the prompt reply but I already had contacted twice before putting it here. Tracking number 937111651640....,AmazonHelp,,431132,@217515 Please don’t provide your order details as it is personal information. Our page is visible to the public.2/2^HN
2907859,805140,@115830 what's going on with Amazon Prime.  Renewed my membership last week. And now not working and can't contact anyone to resolve!!,AmazonHelp,,,"@805140 Hi Phil! We'd like to try to help. Without sharing account information, what's going on? ^AB"
1109451,187894,"@115850 why are the prices of products I wanted to buy are increased? Galaxy s7 edge, Levi's commuter and 513, Dell backpacks?",AmazonHelp,,,"@187894 efforts to offer you the lowest price, may result in fluctuations in our prices over time [2/2] ^HA"
162046,118240,Tengo una relación de amor-odio con @116875 🙄😍😩,AmazonHelp,,,"@118240 🙀 ¿Cómo, Angel? Nosotros solo tenemos amor para ti 😌❤️ ^LG"
294731,186205,Just renewed my #amazonprime membership for 499 through #amazonpay got 15% cashback. Wow one more year of the best offers. Thanks @115850,AmazonHelp,,,@186205 They joy you share with us is contagious. Nothing else makes our day. Happy to read your feedback. Keep 'em coming ^CB
1721639,520993,@115850 I need to order Polk s20 speakers any sort of offers going on,AmazonHelp,,,"@520993 Also, to check the products available on deal please check our Today's deal page. 2/2 ^KA"
1660803,506617,@AmazonHelp Wish we had that option. It would really be helpful for existing customers . Pls Start this option it will really increase long lived custmr,AmazonHelp,,1660802,@506617 Thank you for your feedback. We'll be sure to share your feedback to our concerned team internally. ^AM
101691,138276,"@AmazonHelp @119356 @138277 Amazon continues to cheat and lie. After numerous calls to customer service regarding my order number 406-4568236-5261953 worth INR4720, I've been issued latest ticket no.0132205331 (spoke 2 executive named Shashwat, who's the 6th person I've spoken 2 abt it)",AmazonHelp,,101693,"@138276 Apologies for the trail. Please share your details here https://t.co/GIJyeYqKE0, we would assist you accordingly.
Please don't provide your order details, as we consider it to be personal information. Our Twitter page is public.​ ^MD"
1242803,411549,"Hey @115821, y’all gotta stop letting these fake chargers be sold on y’all site man. I just got hustled 😩",AmazonHelp,,,@411549 I'm so sorry to hear this happened! We want to make this right. Can you confirm if this was sold by Amazon or one of our sellers? ^SD
1213519,404821,@AmazonHelp I know. I shouldn’t complain. Y’all are always good to me. I’m just impatient and I had a crappy day. Sorry. 😊,AmazonHelp,,1213518,"@404821 No worries! I hope your day gets better! If you need anything else, please let us know. ^BH"
941414,343178,@AmazonHelp Gracias. No quedaba claro que hiciese falta seleccionar el artículo en el pedido de un artículo. Esta vez lo miré con más cuidado.,AmazonHelp,,941413,@343178 Cualquier consulta adicional no dudes en contactarnos nuevamente. ^VL
2927108,809835,@AmazonHelp ありがとうございます。時間おいて試みます。,AmazonHelp,,2927107,@809835 恐れ入ります。どうぞよろしくお願いいたします。ET
2597096,735322,@AmazonHelp Para ayudar? Me gan estado mandando correos hasta en chino! Pero no resuelven nada...,AmazonHelp,,2597095,"@735322 Entiendo Tony, en este caso te recomendamos ponerte en contacto con nuestro departamento de Servicio al Cliente, ingresando en el siguiente enlace: https://t.co/beR78zMMYB ^KA"
1557689,481484,@120533 Depuis jeudi... https://t.co/hFwnOCULrS,AmazonHelp,,1557690,"@481484 Avez-vous contacté notre SAV pour leur faire part de la situation?
^MD"
1409078,447523,@AmazonHelp It says it was delivered September 27th,AmazonHelp,,1409079,"@447523 We'd like to look into this. If you have a moment, please contact us by phone or chat here: https://t.co/hApLpMlfHN. ^LH"
1159103,392671,@AmazonHelp I just tried that and still doesn't work ;-; It was for testing ssssshhhh,AmazonHelp,,1159102,@392671 We'd be happy to look into this with you. Please reach out directly to us here: https://t.co/hApLpMlfHN ^JA
2819240,785822,Amazonは大優秀なので10時間程度で商品を届けて頂きました。 https://t.co/AHzSDsVnw3,AmazonHelp,,,@785822 ご利用ありがとうございます。(((((((((((っ･ω･)っ ﾌﾞｰﾝ ET
2101916,620757,@115850  when shall the next  Great Indian Sale begin??  Very much excited to shop  from this brilliant online shopping site.  Hoping to get more offers and discounts next time.,AmazonHelp,,,@620757 We haven't made an announcement yet. Please stay tuned to our website. ^KA
526625,241745,Stll u r askng me 2 fill a form rathr than asking ur customer care team.I hv givn each and every information many times.@115850 have cheated my hard earned money.I would like to file an FIR. it's criminal act. @115851 Amazon.in order# 403-6619160-6184300 https://t.co/8jbnuXsijq,AmazonHelp,,,"@241745 Please don't provide your order details, we consider it to be personal information. Our page is visible to the public. (2/2) ^HR"
230073,170820,@AmazonHelp Awaiting your response,AmazonHelp,,230074,@170820 You can check for our response here : https://t.co/DTSNmGldJf . ^CB
1760496,529864,@AmazonHelp Hallo Amazon kann man wo einstellen welchen Lieferservice mann haben will und welchen bin Seher verärgert über einen. Danke,AmazonHelp,,,"@529864 Nein, eine Transportdienstauswahl ist nicht möglich. Du kannst uns aber Feedback übermitteln: https://t.co/ohyvGrpvrY Gruß ^DS"
1546352,478851,"@115850 Refund not processed,refund request placed before 3 months.i need to talk wiith amazon executive but my mobile number blocked.",AmazonHelp,,,"@478851 Sorry to know you haven't received your refund yet, you can chat or email us here: https://t.co/TdDksLo6Mf. ^PS"
280401,182815,毎回思うんだけどAmazonさん商品に対して箱デカすぎませんこと？？ https://t.co/RsgZ6nX6wi,AmazonHelp,,,@182815 アマゾンです。出来る限り商品に対して適切な大きさの梱包にてお送りできるよう努めてまいります。よろしければ、こちらから梱包についてのご意見をお送りいただければ幸いです。https://t.co/NEBmyKpUbH ET
477700,228483,@AmazonHelp No- just that it's with a carrier.,AmazonHelp,,477702,@228483 I'm sorry for the trouble Matt! Please use this link instead of the link that I sent earlier: https://t.co/aaDyEz1VgE Let us know if anything further is needed. ^MO
574002,254970,@AmazonHelp ありがとうございます,AmazonHelp,,574001,@254970 どうぞお楽しみください～♪ RI
494933,233030,Good to see @115830 know how to leave a parcel in a safe place https://t.co/viwszK3CfS,AmazonHelp,,,@233030 I'm sorry for the trouble this may have caused; are you able to verify that your unattended delivery preferences are set for upcoming deliveries: https://t.co/gQMMJcZAp1? ^WM
419819,215099,@AmazonHelp IT'S BEEN TOO LONG DUDES 😤😤😤,AmazonHelp,,419818,@215099 I'm sorry for the wait. What order status and delivery date(s) are you currently seeing here: https://t.co/Y5jpI9gRhE? ^KM
28434,122220,@AmazonHelp Weil es schon seid Montag unterwegs sein sollte ?!,AmazonHelp,,28436,@122220 Warte doch mal bis morgen ab. Noch ist doch alles im grünen Bereich. ^AN
1912020,201139,"@AmazonHelp Was mache ich, wenn ich einen Sicherheitscode per SMS erhalten habe, ohne dass ich einen angefordert hätte oder irgendwo eingeben müsste?",AmazonHelp,,,"@201139 Hi, kannst du dich den in dein Kundenkonto einloggen? Gerne kannst du dich aber auch bei meinen Kollegen melden und die prüfen, warum dieser verschickt wurde: https://t.co/ohyvGrpvrY. Gruß ^JS"
2803378,781980,i just wanna why everything in my package came except for my lashes @115821 🙂🙂🙂,AmazonHelp,,,@781980 I'm sorry for the inconvenience! We'd like to look into this with you further. At your nearest convenience please reach us here: https://t.co/CYqkdUakWJ ^GM
2290070,665264,"@115850 
Wrong product sent by Amazon. ORDER No. #407-1559410-6453943 SanDisk Ultra MicroSDHC 32GB UHS-I Class 10 &amp; #407-3680585-5586751 SanDisk Ultra MicroSDHC 16GB UHS-I Class 10 PLACED on 28-9-17. Complaint raised on 3-10-17. Then contacted 6 times. They not yet resolved. https://t.co/nM3kVaHJ74",AmazonHelp,,,"@665264 Please don't provide your order details, as we consider it to be personal information. Our Twitter page is visible to the public. 2/2 ^PS"
2516990,312323,@AmazonHelp Still haven't gotten my package,AmazonHelp,,,@312323 I'm sorry your package hasn't arrived! Can you tell us when it was expected and what the current tracking shows when you check here: https://t.co/Y5jpI9gRhE? ^EZ
319160,192122,@115850  I had ordered a book on 27th Aug but it still shows as dispatched https://t.co/PdVIFjZ1Ws,AmazonHelp,,,@192122 Please don’t provide your order details as it is personal information. Our page is visible to the public.2/2^HN
207577,165091,"@AmazonHelp From past one month I am writing only.its going to be one month tomorrow.i don't know you guys are are really care customers after sale. at least you could have tell that u are not refunding, use our falty product i wouldn't have wasted my time here.",AmazonHelp,,207576,"@165091 Sorry about this experience, we value your time. In this case, request you to reply to our email correspondence once again and we’ll check and get back to you at the earliest. ^BA"
1284568,420483,@116090 gift card claim code is not working please help,AmazonHelp,,,"@420483 We'd be happy to help, please contact us here: https://t.co/dNXwBZPiM6 ^AF"
849743,321915,Uhhhh @AmazonHelp my building doesn’t have a “mail room” and I didn’t receive the package. Soooo now what do we do? 🤷🏼‍♂️ https://t.co/1girQCO8zg,AmazonHelp,,,"@321915 Sorry for the delivery troubles, Nicholas! Will you let us know who the carrier is: https://t.co/Y5jpI9gRhE? ^AB"
1152526,391218,Trop sympa Amazon de m'envoyer mes colis en Colissimo quand je suis en abonnement Premium. :l @120533,AmazonHelp,,,"@391218 Navrée pour cela, quel est le mode de livraison que vous avez choisi en passant votre commande ? ^ASZ"
1171358,375959,@AmazonHelp Carrier was AMZL US,AmazonHelp,,1171357,"@375959 I am so sorry about this delivery issue, Joshua. Please give us some information here: https://t.co/BX1JBGQQxF ^BE"
2940265,270214,@AmazonHelp It’s not my recent order. It’s a pending order from Nov 5th on a promotional coupon. I’ve mentioned the days in my tweet. Appreciate if you can read it. TIA,AmazonHelp,,2940264,@270214 We cannot check your order/account details over social platform. Request you to reply to the email and we will connect with you accordingly. ^RW
1673043,509139,@120533 merci pour la rapidité de l'envoi De mon colis avec 1j d'avance 😀,AmazonHelp,,,@509139 Ça fait toujours plaisir ;) ;) Bonne réception !
210281,165772,@115850 worst ever sale on amazon . at least keep your rates same for 30sec  so people can buy . no sale just a show off.,AmazonHelp,,,@165772 I'm sorry for any inconvenience caused during the sale. Could you elaborate on your concern? ^HA
2744180,768584,@115830 your customer service is an actual waste of time!!,AmazonHelp,,,@768584 I'm sorry to hear we let you down! Would you be able to let us know what happened? ^DD
2296484,666742,Disappointed @115821 customer tonight. Placed order on Fri for Sat delivery. Was then told it would be Mon. It was then out for Sat delivery. Didn’t arrive. Then Sun delivery. Didn’t arrive. Needed it for trip tomorrow. @AmazonHelp https://t.co/zHMExHq6Rb,AmazonHelp,,,@666742 I'm so sorry for the delay! What is the status of the delivery showing now: https://t.co/aaDyEz1VgE? ^JF
60276,129778,I cancelled an order from @115821 and they wont refund the credit card rewards I used to purchase. SO ANNOYED,AmazonHelp,,,@129778 I'm sorry for the trouble! Reward Points refunds take up to 5 business days. More info here: https://t.co/nHXpFxFqq6 ^LJ
2939128,812368,"@AmazonHelp Ist ein Kontakt auch als Firmenkunde möglich wenn man nicht der eingetragene Ansprechpartner, sondern nur ausführender Sachbearbeiter ist?",AmazonHelp,,2939127,@812368 Es können lediglich an den Kundenkontoinhaber Informationen gegeben werden.
356681,200693,@AmazonHelp Check at your end.,AmazonHelp,,356682,@200693 We do not have access to your account details on Twitter. Could you please elaborate your concern for better assistance. ^OS
834845,318598,@AmazonHelp I already did that,AmazonHelp,,834844,@318598 We are right on it! Thank's for the feedback. I will definitely pass this internally. ^PR
286819,174955,@115850 very poor service Amazon,AmazonHelp,,286816,@174955 Kindly share your details using the link we had shared. We'll help you. ^CB
814356,313951,@AmazonHelp I hope I don’t have to comment back on same thread again.,AmazonHelp,,814357,"@313951 I understand your concern, Vikram. We'll get back to you soon. Appreciate your patience and understanding. ^HD"
1422347,120778,@115851 @AmazonHelp Your return pickup for 404-7148114-1043526 has been scheduled for 02-Nov between 1:00PM-4:00PM.,AmazonHelp,,,@120778 Please don’t provide your order details as we consider them to be personal info. Our Twitter page is visible to public. ^JC
2685153,755169,"@115851 I would like to thank you for putting the mystery and excitement back in ordering.  Ever since USPS took over we never actually know when a package will arrive, even if it says delivered.",AmazonHelp,,,"@755169 Thanks for reaching out to us, Robert! Are you currently having issues with an order? If so, what order status and delivery date(s) are you seeing? You can view your orders here:  https://t.co/Y5jpI9gRhE ^SW"
1507282,469819,@AmazonHelp How many times???,AmazonHelp,,1507281,"@469819 Apologies for the inconvenience, Prasoon. We've not yet received your reply. Once we receive your reply, we'll assist. ^SV"
1429408,452000,"@115850 @AmazonHelp please review Order

404-8576879-1321164

payed through sbi master card on mobile site am i eligible for sbi cashback?",AmazonHelp,,,"@452000 Please don't provide your order details, we consider it personal info. Our Twitter page is visible to public. (3/3) ^SV"
937277,342197,@AmazonHelp shows undeliverable which is quite frankly rubbish as it's been in process for 36 hours !!!,AmazonHelp,,937276,"@342197 Have you had a chance to contact us? If not, please feel free to do so here: https://t.co/JzP7hlA23B ^BG"
1138627,385782,@AmazonHelp This is what I purchased but it did not get delivered https://t.co/pysl6l4XOG,AmazonHelp,,,@385782 HA! That's brilliant! The order not being delivered though.. ugh! Were you given a reason why? ^AS
1155097,391732,"@AmazonHelp prior to submitting payment? there was no estimate that i saw, after checkout it said oct 31st was estimated delivery date",AmazonHelp,,1155103,"@391732 We aim to meet the delivery date provided in your confirmation e-mail. If we miss this date, please let us know! ^AB"
1406780,446982,@amazonhelp - You up the price of Cloud Drive by 5x and then throttle your own client so it's impossible for me to download my files. Classy https://t.co/3yg7e6Tqg6,AmazonHelp,,,"@446982 Hi, My colleagues from our customer service are pleased to check this: https://t.co/ohyvGrpvrY ^SI"
744104,297351,@AmazonHelp @115850 why do you want me to call time and again when u have all the details... I hv already called and written enough number of times,AmazonHelp,,744103,@297351 Kindly provide your details here: https://t.co/4YuNubWg7i I'll look into the issue and get back to you. ^SH
2899655,229449,"@AmazonHelp La fecha es hoy, pero recibo un correo que dice que hoy no será, que como pronto, será en 1 o 2 días, y el pedido lo hice hace casi 1 semana",AmazonHelp,,2899656,"@229449 Ricardo, en caso de que no recibas tu pedido en la nueva fecha de entrega informada, por favor contáctanos. ^HC"
362437,201841,Word to the wise: don't buy balloons from @115821 !!! Absolutely a terrible experience!!!,AmazonHelp,,,"@201841 Hey, that's not how we want you to feel! Can you tell us more about what happened, Kiki? ^LB"
463307,225125,@AmazonHelp UPS.,AmazonHelp,,463306,"@225125 Have you had a chance to phone us? If not, please do so here: https://t.co/hApLpMlfHN and we can contact UPS with you and check into any available options for this order. Please keep us posted! ^LB"
2896023,139240,"@AmazonHelp Account for hacked
Change password 
Account got locked
Suspension for 5 hours
Got new password
Unauthorized purchases
Request help
Account gets locked again
Rinse and repeat for the past 2 weeks",AmazonHelp,,2896024,"@139240 We’d like to take a closer look at this for you, please send us your info here: https://t.co/edkVIYdyMY ^TM"
1143145,389061,"@AmazonHelp Yep like 3 times, Fri, sat, &amp; sun now delayed til tomorrow :(",AmazonHelp,,1143146,@389061 I'm sorry for the delay. If your package does not arrive tomorrow please contact us using the link provided by ^AF. ^JF
944124,122180,@AmazonHelp AlReady Register of My 1st Address Amazon.in So Plz Sent2Me 3Items.. Waiting Now Our Msg&amp;Delivery,AmazonHelp,,944123,@122180 You can track your order here: https://t.co/pYHdlcABG1. Order should be delivered accordingly. ^RW
445659,220534,"Dear @115821 , I regard myself as relatively intelligent. Therefore I realised Black Friday was on the way when your 1st email arrived and fail to see the need for a further five every day since. Other people may even be more intelligent than I and therefore even more pissed off",AmazonHelp,,,"@220534 Hi, I can appreciate it can be frustrating to be sent the same message a number of times. It might be worth checking your marketing email preferences, this can be done here: https://t.co/ZUjCe2ruI1 ^BZ"
2583015,731998,I’m trying to figure out why my package still isn’t here @115821 🤔,AmazonHelp,,,@731998 I'm sorry your package wasn't delivered. Can you let us know what's the status of the tracking and who the carrier is? https://t.co/Y5jpI9gRhE  ^LL
1283918,420333,I'm done ordering from @116090. Over half my recent orders have had shipping problems and delays.,AmazonHelp,,1283919,@420333 Release-Date Delivery was not available for this game. You can learn more here: https://t.co/ED8KMRILfZ AF
2602203,256157,"@AmazonHelp Parcel arrived at a carrier facility 
Liverpool, GB
But when inquiring this morning why it says 17th 22nd they said it's still in transit",AmazonHelp,,2602201,@256157 Have you been able to raise an investigation with our customer service team directly ? This should certainly not be occurring with your orders and we would like to ensure this gets looked into. ^CR
2884235,800080,"Eh, what .@115821 @AmazonHelp ?

This was in stock, not even listed as ""only N left"" when I ordered. Why a sudden unspecified delay? https://t.co/YKN10DJdsA",AmazonHelp,,,"@800080 Hello Jen. We don't have access to your orders/account over twitter to check this for you but we'd like to address your concerns. Without providing any personal or account information, can you tell us more about any issues you're having?"
2691741,756667,"@AmazonHelp I'm trying to add amazon fresh to my prime account, but it keeps cycling back to my account once I log in without giving the option. Can you help?",AmazonHelp,,,"@756667 Hi, Eartha!  I am sorry that you're having some trouble signing up for Prime Fresh.  This link provides information and instructions for signing up:  https://t.co/FmSk0LeFGv  Please try this first, then reach out to us if you need further assistance!  ^SP"
99791,137847,@AmazonHelp @AmazonHelp your team doing totally farud with us we are seller if our account was suspend then why your team not giving any support or guide us. You charging a big amount commission and also doing farud,AmazonHelp,,99789,@137847 I understand that you're concerned regarding your seller account on Amazon. Could you please confirm if you've contacted our seller support team using the link provided earlier. ^MP
773835,304858,"@AmazonHelp No I did not, should I just try to completely uninstall then reinstall the app?",AmazonHelp,,773834,"@304858 Please do! If the issue still continues, please contact us here for real-time assistance: https://t.co/EKXRLsnxJu ^GG"
2761491,625793,"@AmazonHelp You just send mails , last time you sent mail to solve the problem within 48 hours, but you did nothing.",AmazonHelp,,2761490,"@625793 Sorry about the stretch in resolving your concern, Raj. However, I request you to kindly revert to our email correspondence with further query on this and we'll be happy to take it over from there. ^SF"
888249,330905,"@AmazonHelp No new information besides that there was no redelivery info ie we're not getting a replacement, and that she didn't have access to Prime Now orders (it was a Prime Now support callback!) so couldn't order a replacement. No assurances about the lost discount or anything.",AmazonHelp,,888248,@330905 I'd like to have a member of my team take a closer look to see what options are available for your order. Please provide your order details for us here: https://t.co/795Ofy98LK ^MB
2628850,742460,"@115850 #Alexa #Echo is not playing from @116935 anymore. Says ""it is not available for your region"" #India. Was working fine till yesterday. @AmazonHelp

@101519",AmazonHelp,,,"@742460 That's odd! May I know if you have reported this to our support team, if no please do it through : https://t.co/2t6DQoUmNZ so that they can check what went wrong? ^PR"
530799,242941,@AmazonHelp amazon told me a fraudulent purchase on my account had been cancelled but my money has now left my bank account - would like this resolved quickly?,AmazonHelp,,,@242941 Sorry to hear that. Please reach out to us here: https://t.co/JzP7hlRCV9 via phone or Live Chat and we can look in to this for you.^TI
1626678,498086,@AmazonHelp I contacted CS dept. Just because of that 1 delivery guy's goof up. I am now facing hell lot of time chasing the shipment. (1),AmazonHelp,,1626680,@498086 I'm sorry about the unpleasant experience you've had. We’d like to help. Please fill this form: https://t.co/GIJyeYqKE0. ^MP
2663733,130473,@AmazonHelp I responded back... Need someone to call me asap.,AmazonHelp,,2663734,@130473 We will reply you over DM. ^RW
1442346,454662,"@AmazonHelp Bonjour, j'ai précommandé Call of Duty WWII avec mon compte Prime et il n'a toujours pas été expédié alors qu'il sort demain..",AmazonHelp,,,"@454662 Bonjour, avez-vous une visibilité sur le suivi de votre commande ? ^AR"
598005,261766,.@115821 can you guess just stop using @118706? Like is that possible? Cuz they really do suck super hard,AmazonHelp,,,@261766 I'm sorry to hear you had a poor experience. Without giving account or order details can you tell us what happened? ^AN
1339589,432459,@AmazonHelp It says package was delivered but I didn't get it!??? https://t.co/kwJ8hpHyli,AmazonHelp,,1339588,"@432459 Sorry about the incorrect update. Please connect with our support team here: https://t.co/TK4yevTaND, we'll check it. ^NR"
967163,349554,@AmazonHelp Order #405-0688730-3012319,AmazonHelp,,967162,@349554 Please don’t provide your details as we consider them to be personal information. Our Twitter page is public. 3/3 ^SH
2311278,670311,"Amazon, you have failed me so many times this year. What does ""contact Amazon"" even mean, when there's no CTA or phone number? @115830 https://t.co/ROOzAkwLa4",AmazonHelp,,,@670311 Hi Raisa! You can contact us here:https://t.co/JzP7hlA23B to take action on your order!  ^SA
348801,199027,"@AmazonHelp Even that person stopped replying and again the same message ""we attempted delivery"" one of the most pathetic experience till date.",AmazonHelp,,348799,@199027 Sorry to know that. Kindly revert to our the email from Social Media Team and we'll get back to you soon. ^PS
1176289,396697,Amazonで商品頼んでコンビニ支払い選択して、5日も経ってるのに番号書いたメール届かないんですけどねΣ(-᷅_-᷄๑)どうなってるんだAmazon！おいおいおいおい（誰か並）,AmazonHelp,,,@396697 ご心配をおかけしております。お支払い番号は商品が出荷準備に入りしだい発行されます。発行時はEメールでご案内いたしますが、アカウントサービスのメッセージセンターでもその内容をご確認いただけます。https://t.co/T4O8Kak3dh 　MH
803980,311606,@118919 Your package with Dettol Liquid Soap Jar Skincare 900 ml could not be delivered. The package is being returned to the seller,AmazonHelp,,,"@311606 That is unusual, Anshul. Kindly check your email box and you will have a reason to why the item is returning ^KS"
1569586,484127,"@115821 @115850 @AmazonHelp @115851 Forced to use public platform cause dspite sending all requested info over email a dozen of time, no resolution!  dtails r on twitter itself",AmazonHelp,,1569584,@484127 Apologies for the trouble. Please check for a correspondence to your registered email ID here: https://t.co/8DAc10S7ww. ^RS
2151405,632255,"@115850 doesn't provide way to claim #gst input credit for Business purchases.
Even if I am giving all details they are denying this basic",AmazonHelp,,,"@632255 That's odd. We'd like a closer look, please drop in the details here: https://t.co/GIJyeYqKE0 and we'll reach out. ^MS"
385906,207291,@AmazonHelp This is atrocious! Customer care agents are pathetic. Bluedart is clueless. The address is correct as well. Please help !! https://t.co/S3SqNWbpX6,AmazonHelp,,,@207291 Please don't provide your order details as we consider them to be personal info. Our Twitter page is visible to public. (2/2) ^AS
1050728,368305,@115850 @115821 Delivered an opened/used headphones with a broken seal box in the name of brand new ones to a prime member!! #unethical https://t.co/lY51Mx74h1,AmazonHelp,,,"@368305 I'm sorry for the trouble. Let us fix this, please create a return/replacement here: https://t.co/3yqvLnyTxi ^RW"
2093962,618703,@115850  Not much but still happy. https://t.co/WC777iGK9B,AmazonHelp,,,@618703 That's really good news. Heartiest congratulations from our end. ^CB
844118,614718,@117086 KD as bikes e acessórios?,AmazonHelp,,844097,@614718 No momento nós não temos informações Daniel. Fique de olho no nosso site para novidades. ^JJ
1212296,404536,Thanks @116090 for shipping my preorder from the other side of Canada with no explanation. Now I miss out on release date.. 4 days late!? https://t.co/PyzJMwj83K,AmazonHelp,,,@404536 Sorry to hear about this. Please reach out to us here: https://t.co/Q7Ftz6nj80 and we can look into this further. ^PK
2147971,631348,Ok Amazon where’s my package,AmazonHelp,,,@631348 You can see up to date tracking info in Your Orders. What does the current tracking show: https://t.co/dLEsHyo7RQ ^NN
352105,199742,@AmazonHelp for d last time m telling tat link does not work just give me call back thru a leadership team member else u ll be in trouble,AmazonHelp,,352104,@199742 I'm adding the link again here: https://t.co/GIJyeYqKE0. Please use a different browser. ^HN
980019,352389,@AmazonHelp ご丁寧にありがとうございます！,AmazonHelp,,980018,@352389 とんでもないです。ご不明な点などございましたら、いつでもお知らせくださいませ。ET
697284,210802,"@AmazonHelp There are no order details that has been shared, its only shipment details, no pricing information or any other information is shared?",AmazonHelp,,697283,"@210802 As requested earlier, please drop in your details so that we can assist you further. 2/2 ^NK"
2850697,792660,@AmazonHelp Looks like it was delivered by ONTRAC,AmazonHelp,,2850699,"@792660 Have you had a chance to leave carrier feedback with our Customer Support team? If not, you can do so by contacting us here: https://t.co/hApLpMlfHN ^ME"
97549,137340,"@137341 I can't buy Kindle edition of emotional intelligence: why it can matter more than IQ (neither from device, nor from my  laptop) help please!",AmazonHelp,,,"@137340 We've checked this and looks like there is no issue with the book purchase. Could you please try using a different browser and check. If you've already tried that, you can reach out to team here: https://t.co/T6y6Xlutbs and keep us posted. ^VN"
1046532,367378,@AmazonHelp Je vous enverrais une petite photo de tout ça pour vous mettre au courant ! 😉,AmazonHelp,,1046531,"@367378 On attendra cela avec impatience ! 😌 
^KE"
2192518,463790,@AmazonHelp 2nd late package in a month ? I need it now :(,AmazonHelp,,,@463790 I'm sorry for the delay. Can you tell us more about what's going on? Are there any recent tracking updates here: https://t.co/aaDyEz1VgE? ^RA
350802,199464,@115850 I had received the invitation to buy the Amazon Echo https://t.co/wVrrHcxCLa I am ready to buy this.Thanks Amazon for such a cool.,AmazonHelp,,,@199464 Congratulations! You know what? I'm jealous of you right now. 😈 ^MP
663831,278204,This “out for delivery” “arriving by 8pm” and then not showing up thing is getting old @115821. https://t.co/Dhv20E2LvB,AmazonHelp,,,@278204 I'm so sorry for the delay! Have you received an email stating the reason for the delay?  ^AG
2042177,603869,Por fin me llego a sufrir pasandolo hoy mismo @116875 @237775 @82194 https://t.co/b1UCKialUN,AmazonHelp,,,"@603869 ¡Qué emocionante, Fernando! 😀 Esperamos que lo disfrutes. 😊 ^JQ"
250008,175404,@AmazonHelp Ohk but any other no of Amazon thorough I contact immediately,AmazonHelp,,250007,@175404 You may reach out to our team via Chat/E-mail using the link provided earlier. ^GK
1730195,522876,"@AmazonHelp Oui est je ne suis pas le seule 
Avec ce produit beaucoup de personnes on des problème .

https://t.co/Wh3TD9EEQS",AmazonHelp,,1730193,@522876 Avez-vous signalé cet incident à notre service client ? ^ASZ
2756046,771373,"@AmazonHelp Already did. Waiting for an update. Let see what action @115850 takes apart from ""apologizing for my inconvenience""",AmazonHelp,,2756045,@771373 Thanks for sharing your details. We'll get back to you at the earliest. ^SC
1721500,164814,#amazonpay मेरा 9750 रु. फंसा लिया अब वापस नहीं करते कह रहे पॉलिसी नहीं कम्पनी की.10दिन से परेशान हूं इसलिए @115850 से बच के रहना #Indians,AmazonHelp,,,@164814 We have answered to this query here : https://t.co/pQMaajYJRd. Please check and revert.^RI
2281409,663162,@115830 really not happy with the service I’m receiving for my money at the moment #amazonprime more like #amazonwhenwecanbebothered,AmazonHelp,,,@663162 Oh my! Michelle I'm sorry for any trouble. We strive to give the best customer service that we can. Without sharing any sensitive account information or details can you please tell us what is going on? We'd like to help if we can. ^MO
2261685,599699,"@AmazonHelp can't seem to get egift card to add to Cart or purchase with buy now. When I click buy, it takes me to cart empty screen. Help?",AmazonHelp,,,"@599699 I'm sorry for the trouble you're experiencing. When you have a moment, reach out to us here: https://t.co/EKXRLsnxJu ^AC"
1275049,415335,"Nothing more irritating than to read @119625 notification ""This video isn't available due to geographical restrictions"". @115851",AmazonHelp,,,"@415335 That seems odd. What would be the title, you are trying to stream? ^CB"
1466857,460464,"@115821, does it feel good to lie to customers after an hour 90 min call? Why offer a warranty on @60674 if you won’t honor it?",AmazonHelp,,,"@460464 I'm very sorry for this poor experience, Denise! Could you link us to the product and tell us more about what's going on? ^HM"
1735617,524036,@AmazonHelp Le SAV ne va pas me répondre à 22h je pense ... J'en ai plutôt besoin en plus un téléphone sans protection c'est un risque important :/,AmazonHelp,,1735616,"@524036 Notre SAV est disponible jusqu'à minuit , vous pouvez les contacter via le lien suivant: https://t.co/hgIrz98cdI ^BR"
1018195,354685,@AmazonHelp 14 oct at 8pm,AmazonHelp,,1018199,"@354685 I understand your concern, please contact us here: https://t.co/rS49hgaADF so that we can assist you accordingly. ^JS"
1508621,135324,@AmazonHelp is there anyone sensible that I could speak with to sort out a refund? You deliberately did not have a free number to call u on,AmazonHelp,,,@135324 We're happy to help sort this here: https://t.co/JzP7hlA23B We'll ring you after selecting the option to contact by phone. ^RA
2814415,784666,@AmazonHelp send an email to support and I did not get a response .. My account is __email__,AmazonHelp,,2814414,"@784666 Hola, Dariio. Con gusto te atenderemos en español. Por motivos de seguridad, te recomiendo eliminar el tuit, pues contiene información personal. Recomiendo entrar en contacto, por vía telefónica, con nuestro Servicio al Cliente: https://t.co/JHKlhRZS1q  ^CR"
1527952,474408,トラステからは届いたのにアマゾンから届かない,AmazonHelp,,,"@474408 Amazonからの商品が、未着の状況ですか？
予定日を過ぎても未着の場合、こちらからご連絡ください。https://t.co/J6YEizo6qC 出品者発送商品は、出品者に直接ご連絡ください。https://t.co/bpqWb4Zbe4 TY"
2757444,771692,@115821 Please explain why I received 4 free penis rings (that I did not order) with my lord of the rings key ring...I'm not complaining but I am quite confused. https://t.co/63YZ8ddgs2,AmazonHelp,,,@771692 I'm truly sorry! Which Amazon marketplace did you utilize to place the order (.com/.uk/.in/.au)? Who is the seller/shipper for this order? We want to look into this. ^SH
910320,336227,"@115828,  would be nice to play @130626 #WWE2K18 four days early like I was promised!! Oh wait, I CANT! @115821 #annoyed",AmazonHelp,,,"@336227 I'm sorry for the wait. To confirm, have we missed the delivery date provided on your order confirmation e-mail? ^MB"
911947,336582,@115850 i had ordered a 1+ 3T and acc. to details have been deposited at the warehouse in delhi since the last 3 days. so care to explain?,AmazonHelp,,,@336582 Could you please let us know the estimated delivery date?  2/2 ^SB
345114,198104,"It'd be nice if packages from amazon actually arrived on their ""guaranteed"" delivery day so I wouldn't waste my Saturday waiting for  them",AmazonHelp,,,@198104 I'm sorry your order hasn't arrived! What's the most current tracking shown here: https://t.co/Y5jpI9gRhE?  ^AG
969777,350164,@AmazonHelp Nein der ist im Schlafzimmer und die Frauu schläft noch 😂 wollte nur vorher wissen obs damit klappen wird 😉,AmazonHelp,,969776,@350164 Ahhh! ;) Dann lass sie schlafen. Der Stick steht ja auf der Liste 👍 Wenn später noch Fragen offen sind - sag gerne Bescheid. ^NW
98688,137601,@115821 rudest CSR agent EVER!!!!   Been shopping with you since 1999!  YIKES!  Prime membership FAIL  - is there anyone that YOU can get me in touch with?,AmazonHelp,,,@137601 I'm very sorry for this experience. Can you tell us more about what happened without posting account or order info as we are unable to access those details via Twitter? ^DO
1193304,400403,Amazonの注文履歴消えたんだけど、お支払いコードもでてこないまま消えた。原因わかるひとおる？,AmazonHelp,,,@400403 当サイトでは注文確認やお支払い番号発行時にはEメールでご案内をお送りしております。設定等により当サイトからのメールが受信いただけない場合がございますので、お手数ですがメッセージセンターをご確認ください。https://t.co/T4O8Kak3dh MH
421342,206130,@AmazonHelp This is utter nonsense now you will have goons to deliver packages. I have cancelled the order not sure will come back again to Amazon,AmazonHelp,,421341,@206130 Apologies for the unpleasant experience. Kindly share your details here: https://t.co/GIJyeYqKE0 and I'll contact you. ^GS
2436380,343892,@AmazonHelp It says it's our for delivery but that's since 1844 yesterday and still not here. Are you able to check any further In to where it is?,AmazonHelp,,2436379,@343892 Parcels can be delivered up to 21:00. Please keep us updated on its arrival. We're here to help! ^ZW
792028,204715,@AmazonHelp  https://t.co/0VVW9GlvRj,AmazonHelp,,792026,"@204715 The item is indeed qualified for Prime delivery. It's currently out of stock, but will be sent via Prime within one day. ^KM"
2675994,539475,@115821 3 strikes in 2 days does seem worth it to me! USPS telling me they “refuse” to deliver and sending gifts without boxes! #dafuq,AmazonHelp,,,@539475 I'm sorry you haven't received your delivery! Please reach out to us via phone/chat here: https://t.co/hApLpMlfHN ^TK
1141895,388790,@7108 Just downloaded the app update but can’t sync. Is the service having issues?,AmazonHelp,,,"@388790 Hey there, Michael! Sorry about the troubles with the app not syncing! Are you getting any error messages? Do you see books? ^FR"
1283071,420160,Thank you @AmazonHelp everyone knows: brand new = bent bitch https://t.co/R6JfcllXDT,AmazonHelp,,,"@420160 Oh no! Have you had the chance to check out the return/ replacement options, Edward? https://t.co/v3les8fRfz ^HM"
1779353,248271,@115850 need help 😡 fake e commerce site 😡,AmazonHelp,,,@248271 It looks like you've had an unpleasant experience with us. Could you please elaborate what went wrong? ^OS
1575431,308007,"@AmazonHelp No pantry orders and normal orders are deliverable , even there is no rain now in Chennai, first time facing such issue",AmazonHelp,,1574947,@308007 Kindly report this to our support team here: https://t.co/HQhpS2qeEd. We'll definitely look into it. 2/2 ^PS
2697188,757889,@115821  @49232 don’t you care about this????? https://t.co/LqAlL0gU8i,AmazonHelp,,,"@757889 Hello, I'm so sorry this happened and we want to help! When you have a moment, please reach out to us here so that one of my team members can research this for you: https://t.co/zhq94ZhIhk ^SM"
470087,226920,@AmazonHelp please help despite emails and many calls to customer services you still have the location of my home wrong.  You keep delivering my stuff to the wrong address and no one seems to care.,AmazonHelp,,,"@226920 I am sorry to hear this Craig. When you spoke to customer services, what resolution was offered to you please?^GA"
2289157,665042,"@AmazonHelp Courier said Sunday, orders says 11-14th, chat said would maybe be end day 13th. I'm upset choosing certain items&amp;prices bc of same-day &amp; now that was moot &amp; spent an hour in chat support getting nowhere, when if notified early enough this could have been resolved b4 closing time",AmazonHelp,,2289156,@665042 If the carrier has your package - they will have the most accurate information. Has their tracking updated to indicate a Sunday delivery ? ^TD
1402878,446172,@120533 Bonsoir je n'ai tjrs pas reçu ma commande que j'ai passé il y a 1mois !!! J aimerai comprendre ce kil se passe ?? Et où est ma cde,AmazonHelp,,,"@446172 Bonsoir, Je suis désolé pour cela :\ Le colis vous a été epxedié par Amazon ou par un vendeur tiers ? ^MH"
1191324,121400,"@121284 I hope tomorrow you are shipping my echo 
@115850 @AmazonHelp",AmazonHelp,,1191321,@121400 Rest assured we will notify you if there are any changes made to the dispatch &amp; delivery date. ^MJ
2269336,660358,Sir is it true? Is there any offer  exist today on @115850  ? pls. Help me.... @135833 @135834 @12295 @30964 https://t.co/dO3w2Zod2Y,AmazonHelp,,,"@660358 This offer isn't from Amazon.in, kindly refrain from accessing such links. We list all our offers on our website. ^AS"
415706,214140,@AmazonHelp Any updates on this?,AmazonHelp,,415704,@214140 I'm sorry for the delayed response. Please provide our team with your order details here: https://t.co/YNU9dALp3Q ^RA
323758,193111,@AmazonHelp I have not made any account changes. I thought the captcha this morning may have been an extra step you added. I’ve seen other sites do it.,AmazonHelp,,323757,@193111 We'd like to assist you with this. Use this link to contact in directly for us to do so: https://t.co/yXRomNxCVn ^GL
1299481,412878,@115850 @AmazonHelp  payment issue so call me urgently  9426890231 / 9687675505,AmazonHelp,,,@412878 Please don’t provide your details as we consider them to be personal information. Our Twitter page is public. 3/3 ^SH
2475940,707775,Hoy deberían haber llegado mis patines en line de @116928 pero seguramente por la maravilla de servicios de mensajería no será así https://t.co/4Jv2Yvpyhd,AmazonHelp,,,"@707775 Hola Jose. Disculpa las molestias, ¿ya te has puesto en contacto con el transportista para verificar el estado de la entrega? ^DB"
736516,296163,"@AmazonHelp D'autant plus que c'est pas la première déception du prime, retards, livraisons imprécises, je continue d'espérer ne plus être déçus",AmazonHelp,,736515,"@296163 Je transmets l'incident tout de suite au service en charge, afin que l'on puisse prendre les mesures nécessaires ! ^AR."
1456271,458013,@115850 Not being able to go home this diwali. Sad 😒. 5th diwali away from home. #sadDiwali    #sadLife,AmazonHelp,,,@458013 That sounds bad. What's holding you back? ^SV
1559303,481871,@115850 I never requested you for change in delivery timing. Why do u blame me?? https://t.co/dcc2R2xDPX,AmazonHelp,,,"@481871 Please don't provide your order details, we consider it to be personal information. Our page is visible to public.(2/2)^RI"
540918,141346,@AmazonHelp Yes. It should have arrived yesterday by 8pm.,AmazonHelp,,540920,@141346 I'm sorry to hear of this. Can you let us know what the last update on your tracking was? You can view this information here: https://t.co/Y5jpI9gRhE ^KI
1104626,380664,@AmazonHelp I'm having a problem finding the file/view claim option 😕 is there anyway someone could show me where that would be,AmazonHelp,,1104624,"@380664 Oh no! We'd like to look into this with you! Please reach out to us via chat, phone or email here: https://t.co/hApLpMlfHN ^ME"
2518071,717281,I needed what I ordered on Sunday to be delivered today not tomorrow or Friday cause Saturday UPS won’t deliver it either @Amazonhelp,AmazonHelp,,,@717281 I'm sorry your order is taking longer than expected! Have we missed the delivery date shown in your order confirmation? You can check here: https://t.co/Y5jpI9gRhE ^BN
1232878,409155,my pants are two sizes too big and my new belt from Amazon is delayed. major crisis,AmazonHelp,,,@409155 Sorry for the hold up! Have you been provided a new estimated delivery date? ^HM
1584517,487572,@115850 please take screenshots of offers otherwise they will not going to give you cash back if u dont have proof. I became fool.,AmazonHelp,,,"@487572 Sorry to know you've faced issues with promotions, Purab. Please reach us from here: https://t.co/rS49hgaADF we'll assist. ^SV"
768993,303621,@AmazonHelp Nao :(,AmazonHelp,,768992,@303621 Sinto muito saber disso Vivi. Você vai ter que ficar de olho no nosso site para novidades do produto.  ^JJ
2682660,754624,"@AmazonHelp No update from 24 hrs, 
Stun the product is showing delivered?????
WHAT IS THIS????? https://t.co/MQXiqJ8UZN",AmazonHelp,,2682659,"@754624 Please don't provide your order details, we consider it to be personal information. Our page is visible to the public.  ^VH"
734670,199744,@115850 I got my package. Thanks for the follow up with team. @AmazonHelp,AmazonHelp,,734666,@199744 Thank you for the heads up. You're welcome! :) Do keep us posted for further concerns. ^HD
224253,169578,Hey @AmazonHelp why does my Echo randomly start talking when I'm not using it? It's distracting and annoying.,AmazonHelp,,,@169578 Sorry for the trouble. Take a look at the dialog history to see what your device is responding to: https://t.co/P6nAoGjzD9 ^GG
2761229,772562,"@AmazonHelp Ah je pensais que vous étiez un SAV... D'accord, merci pour vos réponses",AmazonHelp,,2761228,@772562 Je vous en prie 🙂. ^FA
17910,119971,@115830 I’ve just earned a £6 promo for a purchase of gift cards. Where within my account is it? I can’t find it? I’ve got a confirmation,AmazonHelp,,,@119971 I'm sorry you're not seeing the credit! Many promos apply at checkout. You can learn more here: https://t.co/SMIdJzrWkH ^SG
2944212,175621,"@AmazonHelp I’m aware of what two day shipping means. I’m also aware that the delivery date was supposed to be yesterday, and that I pay $99 per year and your response is ¯\_(ツ)_/¯",AmazonHelp,,2944211,@175621 I'm sorry your order hasn't arrived as expected! Were you given an updated delivery date or a notice of delay? We'd like to help! ^ZW
1323377,425602,"@AmazonHelp @115821 @115851 I nid refund u r just mailing to wait but how mny days,even yr eng. said prod. is faulty आप की अपनी दुकान thn y no refund https://t.co/UZihwsohR6",AmazonHelp,,1323373,@425602 We'd like to help you. May I know if you filled in the details from the link provided earlier? ^BS
1353607,435673,I pay for @115821 prime and expect 2-day shipping. How come it's more rare than not that what I order actually arrives in 2 days?,AmazonHelp,,,"@435673 I'm sorry for the wait. Two-Day refers to the time taken to arrive, in business days, after your order has been shipped. ^MB"
2733966,766291,"@AmazonHelp Just tried, I don’t get it there either.",AmazonHelp,,2733965,@766291 You can contact is directly once your order has been dispatched and we can manually add these in for you  https://t.co/hApLpMlfHN ^SM
663789,278197,Apparently the @117795   delivery driver can park in handicapped spots to save himself 30 seconds of walking 😠 red Robin handicapped customers be damned. https://t.co/ZfEnRK61XY,AmazonHelp,,,"@278197 Hey Cody, thanks for reaching out! Was the driver delivering packages on behalf of us? ^AR"
416707,214410,@AmazonHelp filled,AmazonHelp,,416706,@214410 We have responded to you via an email on the registered email address. Kindly revert to the email sent for more information. ^KS
301503,187922,@115850 just saw ur latest ad related to prime videos. either delete that video or m deleting my account. offended by content on jee .,AmazonHelp,,,@187922 We'd like to check this further. Could you please help us with the link of the ad? ^VN
1082393,375317,Shout out to @115821 who make it impossible to #indiepublish. Pls make your website more accessible for grandmas like me. #selfpublishing,AmazonHelp,,,"@375317 Hello Tay! We offer several ways to publish through Amazon, check it out here: https://t.co/vK66Xqxvjg Hope this helps! ^KL"
130278,145383,@AmazonHelp From when will I able to exchange OnePlus 5 for it?,AmazonHelp,,130277,@145383 I'm sorry we do not have an announcement. Kindly stay tuned to our website for an update! ^EM
2895921,515492,"@AmazonHelp What I don't understand is if it's not lost (which I've been told that it isn't), why wasn't it put out for delivery the next day?  Any ideas?",AmazonHelp,,2895920,"@515492 On the email you sent a picture of, I see it an explanation of  ""external factors"" . I cannot access your account via Twitter to give additional details. If you have more questions please contact us via phone or chat 
 https://t.co/hApLpMlfHN"
593477,254954,Failing @115821 Prime service needs to reevaluate its use of incompetent @118706 . #badservice #DontRiskYourChristmas,AmazonHelp,,,@254954 Terribly sorry for your delivery experience! What does the tracking info say here: https://t.co/Y5jpI9gRhE ^JZ
1115785,150681,"@AmazonHelp Also @115851, it'd be really nice if @115850 would stop behaving like a govt. agency asking me to fill the same form 10 times. https://t.co/Qex01kqHT1",AmazonHelp,,1115784,@150681 An email has already been sent with a reply. Kindly check it from the link shared here: https://t.co/NTkrxpsbHJ ^HR
2981864,822426,@AmazonHelp 連絡とっていません。ありがとうございました。,AmazonHelp,,2981863,@822426 恐れ入ります。どうぞ今後もお気を付けくださいませ。　リプライありがとうございました。　SM
2913233,806461,"Hey @120533 , c'est normal que mes commandes amazon prime expédiées via @77516, n'arrivent jamais ?",AmazonHelp,,,"@806461 Bonsoir, je suis vraiment désolée pour la gêne occasionnée, quelle est la date de livraison estimée de votre commande ? ^ASZ"
2948192,814237,"@115850 @115821 @115851 I am totally unsatisfied with your service. I placed an order, the expected delivery of which was after 18 days of order, which wasn’t delivered even after that. It is something unexpected from a company of such repute.
#failedamazon",AmazonHelp,,,@814237 We apologize for the delay in the delivery of the order. Allow our support team to investigate this. You can report this here: https://t.co/R3EfhzgU8B ^CB.
2317876,291137,"@AmazonHelp Amazonからの配達通知で配送番号の連絡があった段階で、既に不在として処理され持ち帰られているのです。
いつ届くかも分からないし配送業者も分からないまま、持ち帰りました〜と能天気にAmazonアプリから通知が来ると流石に苛立ちます。",AmazonHelp,,2317875,@291137 ご不快の念をおかけし、申し訳ございません。個々のご注文の状況などについては、カスタマーサービスにて確認の上、ご対応させていただきますので、前回ご案内したリンクよりお問い合わせください。ET
1612451,494806,@AmazonHelp Pretty much done with Amazon after this,AmazonHelp,,1612452,"@494806 I understand your frustration. Typically, late packages are delivered the following business day. Please keep us posted if your package does not arrive by Monday, as we want to ensure it arrives.  ^GM"
1002880,346582,"@AmazonHelp 3 parcels failed on prime in 3 days, exactly what am I paying for? Not a great record 0/3 parcels delivered",AmazonHelp,,,"@346582 I'm sorry for the trouble! Without telling us any account info, could you tell us what's going on? ^MH"
1260855,383566,@AmazonHelp Yes ! I did the needful. Now its upto you,AmazonHelp,,1260854,"@383566 Thanks for the confirmation, Himesh. Our team will check and get back to you with an update soon. Request you to wait. ^NK"
1879131,320152,@AmazonHelp Not received any call from Amazon,AmazonHelp,,1879130,"@320152 Kindly check the latest correspondence we sent to your registered account and respond to it, we'll reach out to you soon. ^MA"
916596,337613,"@115850 Cheats should learn frm u how to cheat cstmrs,1st u say Order in Subscribe &amp; Save more,then you incrs price, #AmazonCheat #SICK https://t.co/7iNzlLW5dk",AmazonHelp,,,@337613 Allow our support team to look into this. You can connect with us here: https://t.co/R3EfhzgU8B ^CB.
96801,137127,@AmazonHelp Is this a seriously Amazon Email or just a Fake Phishing Email ? The sender email address is inside the red Area. (Iam from Germany) https://t.co/YPQcFF8848,AmazonHelp,,,@137127 Diese Mail stammt nicht von uns. Bitte klicke in dieser auf keine Links. Mehr Infos zu Phishing Mails findest du auf unseren Hilfeseiten: https://t.co/5p0uhdmHVK ^SK
980491,352476,@352477 @120535 @120533 On ne commande plus chez @120533 ou ailleurs si @120535 fait partie des services et qu'aucune option de remplacement est proposée ?,AmazonHelp,,980492,"@352476 Bonjour, rencontrez-vous un souci avec une livraison en cours s'il vous plaît ? ^FA"
2682205,754526,@115850 not sure if I am humoured or plain disappointed. 🤔 https://t.co/jhmTfCPS8k,AmazonHelp,,,@754526 Thank you for flagging this to us. We've shared this image with our fulfillment team for necessary improvement. ^PJ
843593,177329,"@AmazonHelp Apparemment ! Je ne l'ai pas encore vu justement 😄
(J'ai tellement de séries TV à regarder 😅)",AmazonHelp,,843592,"@177329 👍 Pour le moment je vois ""the big bang theory"" et j'attends les épisodes avec impatience 😂 et vous ? ^SN"
442784,219957,@115821 @115850 I requested the invoice of 💻 but your seller sent me the invoice of Mouse😥😥😥,AmazonHelp,,442785,@219957 Sorry to know about the confusion with the invoice. Kindly respond to the correspondence sent by us and we'll get in touch with an update. Appreciate your patience. ^AK
877646,328343,"@AmazonHelp This is what I get , can I change the language somehow ? https://t.co/FL4nrSyKSg",AmazonHelp,,877644,"@328343 Hmm, odd that it would recommend French for Belgium! I'm sorry about this! This link might help out: https://t.co/Q16Ofvig40 ^BE"
1929431,574155,@AmazonHelp I have tried that before I tweeted keeps saying error !,AmazonHelp,,1929430,"@574155 Due to the error message, please contact us via phone or chat here: https://t.co/JzP7hlA23B Keep us updated! ^DA"
427340,216557,@AmazonHelp What  email address can I contact you on? We are not getting any where on here,AmazonHelp,,427339,@216557 You can contact Customer Support trough this link: https://t.co/OjvUxwnzPe. ^DA
2102502,620878,"携帯に届いたアホメッセージ。
スマホで有料動画なんか見ないよ。
Amazonも年単位で利用してないし。
法的手続き？やってもらおうじゃないの。
こっちも法的対抗措置をとるまでだ。(^^)
（間違ってかける人がいるといけないので電話番号は消しました） https://t.co/Pb1mRkOLNn",AmazonHelp,,,@620878 ご存知かと存じますが、当サイトからそのようなメールをお送りすることはございません。当サイトの名をかたるフィッシング行為が増えているようです。連絡先に電話をしたりしないようお気を付けください。https://t.co/k4jy2iTq1Y  SM
2603032,559935,@AmazonHelp  https://t.co/mXHm0wMvOi,AmazonHelp,,2603030,@559935 Je vous prie de supprimer votre numéro de commande. Quel est le transporteur de votre colis ? ^MA
1729682,522756,@119625 Guys Bosch Season 3? Hopefully its soon available on prime india.,AmazonHelp,,,@522756 where we highlight the latest movies and TV shows we have available.(2/2)^CB
2667312,738153,@AmazonHelp Vendido por Amazon,AmazonHelp,,2667311,"@738153 Vale, te recomiendo entonces contactar con nuestro Soporte al cliente para brindarte más información sobre tu pedido: https://t.co/OjvUxwnzPe ^DQ"
2269103,660321,"@AmazonHelp Merci j'ai bien compris, mais du coup les consommateurs doivent s'attendre à un changement du prix (à la baisse) ou bien un changement du prix au litre? Car si on compare le prix du contenant de 500ml, je suis tenté de dire qu'Amazon surfacture le 1L ;) https://t.co/tlmBpyLlJ5",AmazonHelp,,2269102,"@660321 Comme indiqué précédemment, le service concerné a été averti et prendra les mesures nécessaires en cas de détection d'erreurs. Merci de nous l'avoir signalé.
^ARC"
1378722,440965,"Amazonから返金されてた
わけわからん",AmazonHelp,,,@440965 突然失礼いたします、公式サポートです。返金された理由がご不明ということでしょうか？恐れ入りますが、返金についてお知らせのEメールなどは届いておりませんでしたでしょうか？TN
118744,142322,"@AmazonHelp Thank you but as I said in my first tweet, it needs to be escalated since no action has been taken. I need more than just a link to your contact us page  @115821 #fraud",AmazonHelp,,118743,"@142322 We don't have access to your Amazon account over Twitter. When you contacted us, what options or information did we provide? Did we mention anything about forwarding your information to our Account Specialists? ^GG"
1374940,360295,@AmazonHelp ¿Qué puedo hacer en ese caso? Muchas gracias por tu ayuda 3/3,AmazonHelp,,1374943,@360295 ¿En cuál pagina realizaste el pedido?¿Cuál es la fecha estimada de entrega del pedido?¿Que muestra la información de rastreo? ^JD
511729,237645,@115830 rubbish delivery service over and over again. And again.,AmazonHelp,,,@237645 Oh no! Did we miss the delivery date listed here:  https://t.co/Y5jpI9gRhE ? ^TL
453214,222534,@115830 disappointed with your #prime service ordered a book to get it on day released all day your service said it was on track to be delivered by 8pm so made sure someone was in as would be too big for letterbox only to greeted by this message tonight https://t.co/aUsHGWbvJw,AmazonHelp,,,"@222534 I'm so sorry for the unexpected delay on your order! Please keep us in the loop, and let us know if you haven't received it by Tuesday. ^JN"
2933559,811204,Amazonで買ったやつ全然届かないんだけどAmazonは詐欺とかないよね？？？🙄,AmazonHelp,,,@811204 こんばんは、アマゾンです。ご心配をおかけしております。注文履歴(https://t.co/Fqubye968c)に記載のお届け予定日は過ぎておりますか。予定日内の場合はお待ちくださいますようお願いいたします。ET
2863396,795373,"@AmazonHelp who would I need to contact about my recent order that says delivered but nothing was ever received to mailbox, door, etc.?",AmazonHelp,,,@795373 Hey there! I'm sorry you haven't received your package yet! Here is a help page with some helpful steps on what to do if this situation occurs: https://t.co/szHa8gqg6X ^GM
1457237,198159,@130293 ¿Pensáis arreglar los problemas de audio de Noragami Aragoto?Lleva mas de mes y medio con  el mismo problema.,AmazonHelp,,,"@198159 Hola, lamento el inconveniente. ¿Lo has reportado con Servicio al Cliente? ^KS"
2104299,621231,"@115830 You guys are absolutely shite, Amazon prime delivery was expected yesterday, did not come, may come today by 10pm- NOT good enough!!",AmazonHelp,,,@621231 Apologies for the poor experience. What does the latest tracking advise - https://t.co/Jr1kcqQUJY ? ^TP
685652,283675,"@AmazonHelp Petite question : quand un album sort par surprise, recevez vous des infos peu de temps avant ou pas.",AmazonHelp,,685654,"@283675 Nous n'avons malheureusement pas encore d'informations sur la sortie de cet album. Soyez assuré que ce sera partagé avec vous, dés nous aurons plus de visibilité à ce sujet. ^SA"
2979698,405710,@116313 デリバリープロバイダという業者の利用をやめてください。再配達入れたのに、連絡なしで配達員が来ないし、担当ドライバーに電話してもなんでそうなっていたか自分は担当ドライバーじゃないわからないようなこといわられるし。プライムの意味がない。アマゾンＥＣＨＯを買った意味もない。,AmazonHelp,,,@405710 配送業者は商品のサイズやお届け先など様々な情報によりシステムにて自動的に選択しており、お客様にてご指定いただくことは出来ませんことをご了承ください。配送業者にご連絡いただいても問題が解決しない場合は、お手数ですがカスタマーサービスにご連絡ください。ET
2772395,774916,@115821 you guys lost my package and won’t send me a replacement. Can someone help???,AmazonHelp,,,@774916 I am sorry to hear about the lost package Ellie! How was the conclusion reached that a replacement could not be arranged? Is that information that was provided by customer service on a phone call or chat? ^CH
176494,148235,@AmazonHelp  still doing nothing huh?  So Amazingly Amazonian of you guys.  USELESS,AmazonHelp,,,@148235 Please tell us what went wrong and we'll be glad to help you. ^MK
388028,207835,"@AmazonHelp Hello, someone stole my account, he changed the mail i can't recover it, what can i do ?",AmazonHelp,,,"@207835 Hello, sorry about that :/  is it on Amazon.fr ?"
138237,147134,"@AmazonHelp @115850 Help, here you don't appear to be helping me with the issue. You are saying same what your Guys have told me earlier. 

Can you assure me that in next sale I will be able to book that handset? 

I have booked one on 22nd Nov. and I just want that to be delivered to me.",AmazonHelp,,138236,@147134 I understand your concern about placing another order in the flash sale. We'll be glad to help you. Kindly share your details here: https://t.co/beaaDm0muc and we'll get this fixed. ^SC
2570405,728977,@AmazonHelp This is all fake you are showing same winners for 25th August quiz and 25th September Quiz.,AmazonHelp,,2570406,@728977 Sorry for the hassle. Could you please help us with the links to the page? ^HN
2450527,702291,@115830 Poor show. Paid £98 for new luggage to arrive by 1pm today (I leave 2moro nite). 2 agents tell me 2 different stories. No emails.,AmazonHelp,,,@702291 information/options were provided to you when you contacted us? ^HC (2/2)
268192,179947,@116618 so the Thursday night game won't load. I have 250 mps internet. Wtf!,AmazonHelp,,,@179947 I'm sorry it's not loading! Are you getting any error messages? Have you tried restarting your device? ^AM
2761246,772565,Amazonプライム会員なので見れるんですけど！！ぷぷ！！！,AmazonHelp,,,@772565 Amazonプライムへご登録ありがとうございます。プライム・ビデオでは色々な作品をご用意しておりますので、お楽しみいただければ幸いです。お気に入りの作品が見つかりますように。😊 ET
297935,186976,Really want to stop shopping with @115821 because my account is always being compromised. DO 👏🏾 BETTER 👏🏾,AmazonHelp,,,"@186976 We're sorry to hear about this, Taj! We take account security very seriously. Please contact us: https://t.co/jzvkhdlrK5. ^SD"
735329,295904,口座のお金の確認とかしてたらアマゾンでキャンセルしたはずの商品を買ったことになっててお金引き落とされてるんだけどこんなことあるの。,AmazonHelp,,,@295904 ご心配をおかけしております。注文や取引の情報を確認のうえご対応させていただけないでしょうか。よろしければ以下リンクよりカスタマーサービスにご連絡ください。https://t.co/J6YEizo6qC (24時間年中無休対応) HM
2136200,628419,@115821 @AmazonHelp this doesn’t make sense. Making my spot hott having ya civiIiian dressed runners dropping off multiple packages a day. @84881  you see this? https://t.co/aQZ046eqMq,AmazonHelp,,,"@628419 Depending on points of origin, your order may be split among different carriers. I'm sorry for any inconvenience. ^WT"
435168,218350,@AmazonHelp I ordered a wireless music player headphone product not delivered yet msg recieved delivered and delivery date was yesterday still not got.,AmazonHelp,,435167,"@218350 Have you reported this to our support team: https://t.co/vlvfJr4nN9? If not, please do so ^HA"
1582623,215408,@115850 what is this? No proper customer care service...teach them manners...and (1/2),AmazonHelp,,,"@215408 Please don't provide your order details, we consider it personal information. Our Twitter page is visible to public. ^ZH"
708510,289376,"@AmazonHelp Hi, does this email belongs to you?
Thanks",AmazonHelp,,,@289376 We'd love to help! Without adding personal/account information can you tell us more about the email you're referring to? ^ME
2184670,639867,"@AmazonHelp Ah yeah when I checked the Amazon page it says now expected 9 Nov - 16 Nov, original estimate was for today.",AmazonHelp,,2184671,"@639867 We're happy to look into this for you. At your earliest convenience, reach us here: https://t.co/JzP7hlA23B ^LI"
350750,199405,"@115821 @115850 

ATS in Hari Nagar, Delhi sucks big time. Most of the time they update a wrong status blaming customer for their failure.",AmazonHelp,,,@199405 We've responded to your concern here:https://t.co/57ipqHsbaO. ^HA
1275027,418462,"@115850 
My order #408-2638784-9394763 was for 2 pcs of Pop sockets. Recvd only 1 pc
Pls refund or send me d pending item
#CustomerService",AmazonHelp,,,"@418462 Please don't provide your order details, we consider it personal information. Our Twitter page is visible to public.(2/2) ^ZH"
1366266,438057,@AmazonHelp All I need to know is where I can take the parcel to send it! Is it to a pass my parcel shop or can I take it to a post office?,AmazonHelp,,1366267,"@438057 Sorry, we're unable to access your account via Twitter. Please, use the link below to get further assistance. Take care! ^DA"
2721796,763644,o site da @117086 não está abrindo para mim. para vocês está?,AmazonHelp,,,@763644 Está sim Alexandre. Já tentou em outro navegador ou outro dispositivo? ^JD
2909178,805436,@AmazonHelp This is Amazon.de,AmazonHelp,,2909177,@805436 Please contact my colleagues for further assistance: https://t.co/dDmBEPionb Kind regards ^MF
660360,277296,@AmazonHelp Today at 8:00PM. Post office that my package is located at is closed however. This happens every single time I order something. I have to get in contact with either Amazon or the Carrier. Unbelievable.,AmazonHelp,,660361,"@277296 Were you able to get in contact with us? If so, what information or options was provided? ^JP"
1910382,569112,If y’all don’t have an @116439 you’re lucky. This is the most annoying shit ever,AmazonHelp,,,@569112 I'm sorry for the trouble with your device! Can you tell us a little more about what's going on? ^SB
1304655,424870,"@AmazonHelp I sent in a request to address this damage, but I can't return it now.  I needed it for tomorrow.  I have to buy a replacement case.",AmazonHelp,,1304654,@424870 We'd still love to look at available options. For a faster resolution reach us by phone here: https://t.co/hApLpM3Ejd ^LR
461244,794303,@115821 I’d like to change my order; is it too late?,AmazonHelp,,461241,"@794303 Hi there, Thomas! That depends greatly on when the order was placed! Things can move pretty quickly here on the internet. Depending on what you need to do, follow this link and see what changes you can make! https://t.co/Y5jpI9gRhE  Let us know if it works! ^JD"
2836955,789604,"@AmazonHelp Já! Vou ler Sapiens, que já tinha começado a leitura 😍. Mas parabéns pela agilidade, foi impressionante!",AmazonHelp,,2836954,"@789604 A sua leitura vai ficar mais lindona com o Kindle! ❤ Ownt, é tudo para ver você feliz! 🏃‍📦 ^DA"
2104275,431088,@115830 how long does a transcript discussion take to be mailed,AmazonHelp,,,"@431088 Hi Danny. Did you select an email copy of a chat transcript to be sent, or ask the agent you were speaking to for a copy? ^TP"
1547864,479216,ばあちゃんの携帯にAmazonの未払いのやつが来ちょって今日中にっちメールが来ちょったんやけど、ばあちゃんAmazon使ったことないし詐欺よね？？,AmazonHelp,,,@479216 Amazonを騙るEメールやSMSを受信された場合、連絡したり個人情報を登録したりしないようご注意ください。当サイトからのEメールかどうかの識別方法についてはリンクをご参照ください。https://t.co/xWXio7AP2Z TN
205191,164606,"@115821 @11088 @AmazonHelp thanks, still hasn't shipped. Delivery says today, tomorrow or Friday so we shall see.",AmazonHelp,,205192,@164606 Feel free to let us know if you haven't received it by Friday. We want to make sure you're taken care of. ^GG
1748,116094,@AmazonHelp that is not my apartment!!!!!!! This is the sending time!!!! Where is my package!!!!!!!!!! https://t.co/EIY6DZUCDC,AmazonHelp,,,"@116094 (2/2) Also, for your security, I'd recommend deleting the image, as it contains your tracking number. ^WT"
354642,200295,@AmazonHelp I don’t want to cancel in case it shows up tomorrow but I’m just bummed because my other two pets got their costumes and I wanted to take,AmazonHelp,,354641,@200295 I understand your concern and I'm sorry for the delay. Please keep us posted upon the arrival of your order. ^GM
830168,317679,"@115850 I am an existing prime member, how can i renew my prime membership before it expires?",AmazonHelp,,,@317679 for the next year is added to your cart automatically.Please refer https://t.co/9OJHAgxsHU to learn more about the program(2/2)^SF
2369623,683845,Typical...@115821 ... the bigger y’all get the WORSE YALL GET...  cant rely on getting packages and your customer support is terrible now.,AmazonHelp,,,@683845 I'm truly sorry for the frustration and missing shoes! We'd love to help resolve this issue. Have you explored options for refund or replacement here: https://t.co/Y5jpI9gRhE? ^SH
2303622,668431,En fait si j’ai bien compris maintenant @120533 fait exprès d’expédier les produits (pourtant en stock) avec 2-3 jours de retard et en plus de passer par @120535 pour être sûr qu’on ai pas notre colis avant une bonne semaine et qu’on ai envie de prendre Amazon Prime ? 🤔,AmazonHelp,,,"@668431 Bonsoir,
Avez-vous un souci avec la livraison d'un colis?
^MD"
2154494,632987,@115821 you really let me down fam,AmazonHelp,,,@632987 Hello! I'm really sorry we disappointed you. We want to help if we can! Can you tell us more about what happened? ^AJ
520757,240218,driver left my order from @115821 in front of a locked office building that definitely won’t be there in the morning. How dumb can you be?!,AmazonHelp,,,@240218 I'm so sorry for the trouble! We'd love to have your order-specific feedback. You can share more information here: https://t.co/hApLpM3Ejd ^LR
315746,191386,"@AmazonHelp that’s too bad, thanks!",AmazonHelp,,315747,@191386 You're welcome. Sorry for any inconvenience caused. ^NV
2940325,812640,"hello, @115850 why the delivery guy was asking my mom for the #adhar number? I ordered that gift and paid online.  What is it now?  Are you playing with your customers?",AmazonHelp,,,@812640 I understand your concern. We'd like to take a closer look into this issue. Kindly drop your details here: https://t.co/beaaDm0muc and we'll get in touch with you soon. ^BV
1917081,571004,@115850 @115821 never fails to disappoint! Now they can deliver the item but cannot pick up return from the same place. Because who cares once the product is delivered right! And we talk about hassle free returns! :/ #keepitup @115821 @115850,AmazonHelp,,,@571004 Sorry to know about the return issue. Please connect with us here: https://t.co/00q4Sqj9zL and we'll check this for you. ^KA
1379525,441150,アマゾン騙るのはダメやろ。 https://t.co/xvJSmVDNym,AmazonHelp,,,@441150 こんにちは、アマゾンです。画像のように当サイトを装う架空請求詐欺やフィッシングが増えておりますので、お気を付けいただければと存じます。 YM
776050,305434,"@AmazonHelp Order ID ends with xx-9369806.
Scheduled delivery is 10/11, last updated Out on Delivery at 11:53am",AmazonHelp,,776051,"@305434 I'm sorry for the delay! Late packages tend to arrive the next day. Please keep us posted, we want to make sure it arrives. ^AG"
2297472,666957,@115821 @AmazonHelp Ordered prime 2 days ago (fri delivery) Important equipment for wedding. Says can’t be delivered because Amazon didn’t verify pymt yet.,AmazonHelp,,2297476,@666957 Did you receive any guidance as to how to solve the issue? ^EM
142872,148250,@AmazonHelp Well as I said it’s multiple but I would have thought if I ordered something from prime today (Friday) at 10am I wouldn’t have to wait till Monday to receive it? Plus I’m in Swansea and the amazon warehouse is about 4 miles from my house 😂,AmazonHelp,,142871,@148250 Thank you for the information. Some items can take longer to process. You can find more information here: https://t.co/G8voAavjiV. ^AL
669230,279580,@115821 do you have a way to see who I just spoke with on my account? That dude was the best CSR ever!,AmazonHelp,,,@279580 Thanks for taking the time to let us know you had a great experience! Please respond to the e-mail that is sent after your call as this is the best way to provide direct feedback on the service you received!
468753,226617,"@115850 wtf I ordered a wireless gamepad and got wired gamepad, are you drunk? https://t.co/spQ88OSX0Z",AmazonHelp,,,@226617 I'm sorry the product you've received is different. Please report it to our support team here: https://t.co/2t6DQoUmNZ we'll look into it and help you out. ^AP
1007728,358466,@115850 asked for refund Order# 404-7401584-6902710 got a reply-ur cheque was deliverd to sum1 else by mistake so we can't initiate a new1,AmazonHelp,,,"@358466 Please don't provide your order number, we consider it to be personal info. Our Twitter page is visible to the public. ^MP (2/2)"
1464307,459878,So @115830 this is how my purchase was delivered to me today. Definitely not big enough for the letterbox! https://t.co/he86x3oCgk,AmazonHelp,,,@459878 I'm sorry your order was received this way. You can view your available options here: https://t.co/4kcm4dPZpT ^CO
534065,243701,@AmazonHelp Finally the parcel has arrived after much ado. It's only 4 days late but hey.... it's finally here. #bittersweet,AmazonHelp,,534063,@243701 Thanks for the update. I'm happy to hear it arrived. Please let us know if you need any further assistance. ^BH
197529,162473,"@AmazonHelp for amazon uk same day prime is ready for ng7 but it says ""...no results for this search with Same-Day to your address.""",AmazonHelp,,,@162473 Some items and addresses may not be eligible for Same-Day delivery. More info about this here: https://t.co/jDRhVZDj8k ^GL
475123,228070,@115830 Advent candle ordered 26 Nov still says delivery date pending It's the 1st day of Advent today so badly let down by #AmazonUK. First time I can remember not having an Advent candle on this date 🙁,AmazonHelp,,,@228070 Sorry to hear that. We'll be happy to look into for you. Please reach out to us here: https://t.co/JzP7hlA23B ^RS
663713,278184,i just receive the #thecarpenters #karencarpenter Vinyl collection through @116875 SO HAPPY! https://t.co/iFfUD3vwPu,AmazonHelp,,,@278184 Hi Paola!  We are so happy too 😎🎧 Which one are you going to listen first? ^LC
1254113,414179,火曜日に注文した密林の荷物が届いてない。,AmazonHelp,,,@414179 アマゾンです。注文履歴(https://t.co/oQRQshgtsZ)に記載のお届け予定日を過ぎている場合は、カスタマーサービスにてお調べします。こちらからご連絡ください。https://t.co/NtNAX37Sr4 ET
1736799,256568,@AmazonHelp done. but still didn't received any email or sms.,AmazonHelp,,1736798,@256568 Thank you for the confirmation. We'll check it and update you in the next 12 hours. Appreciate your patience. ^AM
568353,253351,@AmazonHelp Yes but it continues to happen so whats the point? Both Fed Ex and UPS... once I pre-ordered two CDs and one of them didn't even ship for a week after release. And only then after I complained.,AmazonHelp,,568354,"@253351 I can definitely understand the frustration with these delays. We'd like to look into this further with you, but unfortunately we're unable to access your account via Twitter. Please reach us by chat/phone here: https://t.co/hApLpMlfHN ^HS"
2673168,752587,Just got the @90454 App on @116439 signed in and it's telling me to register with @16300 but I already am! No other option?,AmazonHelp,,,"@752587 Hi, have you tried deleting and reinstalling the app? ^TS"
2935836,811657,"@AmazonHelp Par contre, pour le colis d’aujourd’hui, je n’arrive pas à le trouver dans mes commandes car cela doit être une commande du club des Testeurs... Je fais comment ?",AmazonHelp,,2935835,@811657 Il faut contacter notre SAV et vous aurez toutes les explications ! ^AR
2602285,736493,"Hola @116928, ¿en qué momento tu servicio Premium empezó a ser tan malo? O lo más importante, ¿cuándo volverá a ser Premium de verdad?",AmazonHelp,,,"@736493 ¡Hola Cristina! Lamento las malas experiencias que has tenido con tus pedidos Prime, en este caso nos podrías comentar ¿que ha sucedido ó si tienes algún pedido pendiente de recibir que va con retraso? ^JL"
180893,158497,"@AmazonHelp don't feign ignorance. for this long chain and so many conversations don't tell me I got to fill the form again.,\",AmazonHelp,,180892,@158497 We will reach out to you soon. 2/2^SB
320381,192339,"@AmazonHelp Yes I have reported, But what about my order which is supposed to be delivered on 6th Oct with #PRIME....#3DAYSDELAY",AmazonHelp,,320380,@192339 We would like to help you. Please share your details with us here: https://t.co/GIJyeYqKE0. We'll get in touch shortly. ^CB
2280499,662936,@115821 what should I do with the multiple packages your delivery service has mistakenly dropped off at our house?,AmazonHelp,,,"@662936 We'd like to take a look into some options with you. When you have a chance, please reach out to us here: https://t.co/hApLpMlfHN ^TH"
1031891,364161,"@AmazonHelp Yes it was shiped, it says leave the seller facility but it didn’t since that day",AmazonHelp,,1031890,"@364161 Does the order show shipped/fulfilled by Amazon, or shipped/fulfilled by a seller? ^CL"
2867095,796276,7:56 where is my Amazon package https://t.co/bqgPn3K9eq,AmazonHelp,,,@796276 Sorry for the delay! What's the tracking for this shipment state? You can find that here: https://t.co/Y5jpI9gRhE ^TR
1598713,491011,When amazon says they “attempted” to delivery your package but you know they’re lying bcus you’ve been at home specifically to not miss it,AmazonHelp,,,@491011 Oh no! Can you please clarify who the carrier was? ^BA
180394,158427,"@AmazonHelp Total waste of time interacting with @Amazonhelp and the CS team, an utter shambles all round.",AmazonHelp,,180393,"@158427 We're here to help! When you spoke with us, what insight or options were provided? ^JE"
1268319,416965,@116928 Bon dia! A fecha de hoy aún no me ha llegado el libro siendo la fecha de entrega el 31 de octubre. Mal....,AmazonHelp,,1268317,"@416965 Sin compartir información sensible del pedido por este medio, ¿qué muestra exactamente la información de rastreo actualmente?^VM"
718080,291949,@116313 アマゾンさん僕のスーファミ 返してくれませんか？,AmazonHelp,,,"@291949 このたびは、ご迷惑をおかけし申し訳ございません。
本件についてご注文いただいたお客様に後日https://t.co/st4oU5QbhPよりご連絡を行わせていただきますため、そのご連絡をお待ちいただきますようお願いいたします。　MH"
385072,207166,"@115850 tried to order product to said pin.On front page it's sows item will be delivered,but in payment option it's shows not deliverable https://t.co/YV7NToDoks",AmazonHelp,,,@207166 Sorry to know you're having trouble ordering an item. Kindly connect with our team here: https://t.co/R3EfhzgU8B. ^PS
179935,158356,@115850 Package is in same city.called customer care two times. No use! @12339 dumb service. Please reply. https://t.co/lT0sPaNSFE,AmazonHelp,,,@158356 Please don’t provide your order details as it is personal information. Our page is visible to the public.2/2^HN
2319595,672306,"@AmazonHelp @115850 @1840 One more day has passed without any updates. Why is it so difficult to unlock my account? If you can’t unlock, refund my prime membership amount. ?
#nothingprimeinamazonprime",AmazonHelp,,2319594,"@672306 I realize there's been a delay, Rahul. Please understand that we're unable to check the details via Twitter. I'd request you to respond to our specialist team's email for further information. ^JC"
2772324,774906,"@AmazonHelp My package is shipping UPS, can you let them know to deliver to the main office?",AmazonHelp,,2772322,"@774906 We're unable to view your account details via Twitter, but we'd like to help. When you have a moment, please contact us here: https://t.co/hApLpMlfHN ^RA"
1676399,509966,@115850 is trying extremely hard NOT to take your money. Thanks Amazon! You do realize I always only ever ordered in India. https://t.co/SJWzz3ArSF,AmazonHelp,,,@509966 Please connect with us here: https://t.co/z9yN0BsE5O and we'll get this checked. 2/2 ^HD
872299,327084,"@AmazonHelp hi, need some help - should I dm?",AmazonHelp,,,"@327084 Hi there, Nichola!  Without giving personal or account info, can you tell us what's going on?  We'd love to help!  ^MW"
2744210,340699,@115830 my book didn’t arrive today 😞 Paid ‘one day delivery’ on Friday. Advice please? Thanks.,AmazonHelp,,,"@340699 I'm sorry to hear you haven't received your book! What was the expected delivery date from your order confirmation? Also, what is the current tracking status showing here: https://t.co/ijxJ9jCwr9? ^JS"
2263197,658860,@AmazonHelp Me llegaron estos dos correos despues de que la primera ves no llegó https://t.co/Fg8de5pLq4,AmazonHelp,,2263196,"@658860 Mario, recuerda que no es recomendadle anotar números de pedido, en este caso, te recomendamos por favor esperar hasta el 22 de Noviembre, ya que esa es la fecha máxima de entrega, e informarnos en caso de que no lo recibas en esa fecha. ^CB"
2636927,744274,@115821 you're really telling me that i preordered this album LAST MONTH yet i get delayed? um,AmazonHelp,,,@101833 Oh no! We'd love to assist you with this. When was the official release date for this album?   ^GP
318207,191928,". @115830: we’re sorry Mr Bradford your parcel will be there by 10am tomorrow &amp; I’ll call you back at 10am personally.

10.56am...nothing",AmazonHelp,,,@191928 Sorry to hear this Liam - we do not do deliveries before 10am - has the tracking updated to indicate it's on the road ? ^TD
2905900,804692,@248243 @116618 Love to watch it but the Amazon app errors on the shield when playing a video !,AmazonHelp,,2905901,@804692 Sorry to hear about the errors. Is there a specific error code being listed? ^MI
2875682,798327,@AmazonHelp I don't know where the carrier is or really what that is but I have the tracking number do you want me to dm it to you?,AmazonHelp,,2875681,"@798327 We do not have access to your account information. If you are unable to access the carrier information provided in the link above, please reach out to us here: https://t.co/hApLpMlfHN for further assistance. Thank you. ^AP"
483125,229907,"@AmazonHelp 😹non è vero,ancora no! 😹📦",AmazonHelp,,483124,@229907 Ci siamo quasi! 😂 ^FA https://t.co/s24jk2RQ9K
1173037,395903,Hate to be this person but a vendor on @115821 - @49876 sent damaged goods &amp; won’t take it back/return $ #buyelsewhere #crooks,AmazonHelp,,,"@395903 I'm sorry for the trouble! Have you tried reaching out to the seller via e-mail? If so, what insight was provided? ^MH"
1429835,120849,"@AmazonHelp Prime a encore frappé ! #FailAgain 
Commande non expédiée, donc je ne vois pas comment je la recevrai aujourd'hui ! https://t.co/VpEW3fePYl",AmazonHelp,,,"@120849 Bonjour, désolée d'apprendre cela :/ je vous prie de le signaler à notre SAV via ce lien  https://t.co/hgIrz98cdI ^SN"
1786155,154677,@116875 https://t.co/2Yc8xwYdHd,AmazonHelp,,1786150,"@154677 Hola Alex, ¿Hay algo en lo que te podamos ayudar? ^AV"
527132,242007,Probably my final physical order with @115830 everything digital I get fine but these Christmas orders have been an absolute joke,AmazonHelp,,,"@242007 Hello, I am very sorry to hear this. Without sharing personal account information can you share with us what has gone wrong? We would like to help if possible. ^CR"
335225,195906,@AmazonHelp thank you but i cant see the option anywhere to downgrade,AmazonHelp,,335224,"@195906 Do you see ""Change Payment Option"" near the top left? You should be able to change your subscription type there. ^LB"
180499,158445,@AmazonHelp I was going to take the phone call but I got disconnected from chat after they asked for my number. Can I request the call here?,AmazonHelp,,180501,"@158445 That would be handy, but no, we aren't able to do that. ^EM"
29664,122516,"@AmazonHelp thanks DJ, that did allow me to play music now using spotify as if it was a bluetooth speaker but I was really hoping to link it for voice control, etc. Could it be that my wife is the echo account owner? I feel like that shouldn't have an effect tho...",AmazonHelp,,29663,"@122516 Thanks for the additional information, Eric! We'd like to take a look into this with you. When you get a moment, please contact us via chat or phone: https://t.co/hApLpMlfHN ^SW"
1494293,270756,@115850 Next day delivery is extending up to 5 days along with a drama that product delivered to neighbors. Losing customer delight.,AmazonHelp,,,@270756 We're sorry to hear this. Kindly report it to our support team here: https://t.co/vlvfJr4nN9 for more assistance. ^RS
1153243,391349,El servicio #Prime de @116875 es una belleza! En 12 horas llegó mi pedido 😜 https://t.co/AHhfZM6LhS,AmazonHelp,,,"@391349 Entrenamos para brindarte el mejor servicio posible, ¿ya lo estrenaste? 😉😄 ^KS https://t.co/zEHZPMjh1O"
2176499,139232,"@AmazonHelp No ,leave that, can you answer my questions here in public?
Why ia nowhere in your policies mentioned that  prime promised date can be breached??",AmazonHelp,,2176500,@139232 I understand that you had an unpleasant experience. I've noted your comments and forwarded them internally for a review. Please let us know if you've shared your details in the link provided earlier? ^BV
2831650,788409,@115830 why is your Amazon Prime one day delivery actually 3-4 days? Order today get it 30 Nov? NOT one day then!,AmazonHelp,,,@788409 Hi there! It's that time of year again. Black Friday and Cyber Monday weeks are the busiest time of year and it slows everything down. This help article can explain it better than I can: https://t.co/bM6LwZ05w6  We apologize for any inconvenience. ^SP
2318042,209609,@132988 @120533 j'ai peur ! https://t.co/Zs2jlSey75,AmazonHelp,,,"@209609 Bonjour, je comprends votre situation, en vérifiant, je vois que vous êtes toujours dans les délais.
Veuillez patienter jusqu'à 18h, en cas de non-livraison n'hésitez pas à nous tenir informé.^FT"
477766,228494,@AmazonHelp I'm looking forward to see the regional content,AmazonHelp,,477765,"@228494 We surely will work on it, Simar. I'll also forward your feedback to the concerned team internally. Please stay tuned. ^NK"
1724748,521660,@115821 I get this error every single time I try to open the app when on LTE (not on Wifi) even tho my connection is fine - what’s the deal? https://t.co/MzNo9nEonm,AmazonHelp,,,"@521660 I'm sorry about the app issues! To clarify, does this error come up when connected to Wifi, or just when you're on LTE? ^TK"
147234,149450,@AmazonHelp Excellent resolution! https://t.co/psSxzyD6QU,AmazonHelp,,147233,"@149450 The resolution provided over email by our team is the best we could offer. Unfortunately we won't be able to assist any further on this issue, but we'll be more than happy to provide any help you may need in the future. ^PJ"
1601336,491594,Amazonプライム、もう少ししたら体験切れるけど、ゴーカイジャーが全話見れるだけで年3900円なら全然安いので継続する(°ω° ),AmazonHelp,,,"@491594 |ω・)
継続をご検討いただき、ありがとうございます！
色々なコンテンツをご準備しておりますので、是非引き続きお楽しみください♪TY"
2949435,814537,"@117086 Oi gente, preciso de uma ajuda de vcs, por favor.",AmazonHelp,,,"@814537 Olá Rafael, como podemos lhe ajudar? Sem compartilhar informação pessoal ou da conta, o que aconteceu? ^LG"
288615,184766,@AmazonHelp I got it now. Alexa was just being a stubborn bitch. We have talked things out and have come to an understanding,AmazonHelp,,288614,@184766 Thanks for keeping us in the loop! Good to hear the dot is set up. If you need anything else don't hesitate to reach out. ^EP
765803,303020,@AmazonHelp これ自動で返信すんのかな？,AmazonHelp,,765802,@303020 |ω・).｡oO(自動ではなく、中の人がリプライしておりますよ～)TY
2847439,791920,@AmazonHelp 407-8397421-6855520,AmazonHelp,,2847438,"@791920 Da Twitter non posso visualizzare l'ordine. Se ci dai maggiori informazioni sull'accaduto, possiamo aiutarti! ^CS"
2102641,469296,"@AmazonHelp I suggest you get a dedicated customer relations representative to look at my case, if you are SO  desperately wanting to ""help"".",AmazonHelp,,2102640,@469296 Have you completed the Form provided by ^CN so we can assist ? (https://t.co/tkLCr7DNil)  ^TD
2105815,621528,@AmazonHelp Is there any hope that I'll get my product in time?,AmazonHelp,,2105814,@621528 Thank you for filling your details. We'll ensure to deliver the package as per the delivery date. ^MN
2141322,629678,@AmazonHelp Just the agents seemed to offer excuses as to why change of delivery date on prime order...finally got a sub par resolution of prime extension for 30 days,AmazonHelp,,2141324,@629678 I'm so sorry for the delay. Please keep us updated! We would like to ensure it arrives. ^AY
1334919,431405,"@AmazonHelp Sir this link is not helping me any more 
Ask my order no. &amp; Provide me details",AmazonHelp,,1334918,@431405 We need your details shared via secured link to gain access to your account. Please let us know the issue with the form. ^VN
539717,245178,It's xmas season n yet @115821 decides to be shitty. Give me my money back. They messed up my shipping address and damage to a package n said it was lost. Shitty customer service who can't help me n had to speak to so many n give me different answers. Never again.,AmazonHelp,,,"@245178 I'm terribly sorry for your previous experience with us, Jadine! Were you able to get a replacement or refund for the damaged item arranged? ^JZ"
926323,339798,@AmazonHelp No you just have stooped my weekend delivery’s for no apparent reason,AmazonHelp,,926322,"@339798 Just to confirm, are you referring to the available shipping options during checkout?"
62155,130235,"@115833 Hi. Echo+ won’t discover 1 of 3 hue bulbs. Have reset bulb twice, tried diff lamp, reset Echo &amp; 1 still won’t connect. Help?",AmazonHelp,,,@130235 Oh no! Have you tried some of our troubleshooting tips? Find them here: https://t.co/MXAlgErG8Z ^BA
437980,219048,vous avez intérêt à m'en réexpédier un autre pcq vu l'état le disque dur il tiendra pas 1 an @AmazonHelp,AmazonHelp,,437984,"@219048 Bonjour, désolée d'apprendre cela :/ le mieux serait de contacter notre SAV via ce lien  https://t.co/hgIrz98cdI ^SN"
892727,331978,@116928 me a llegado un tomo asi. Pero se que soys los putos amos y lo solucionareis  #loveamazon https://t.co/wMD04P1Jri,AmazonHelp,,,"@331978 Hola Marcel, lamentamos lo sucedido. Puedes verificar las opciones en este caso aquí: https://t.co/q4bM5Hat4C. ^LG"
1831133,147601,@AmazonHelp Gamer spotted,AmazonHelp,,1831134,"@147601 😄 well, do keep us posted, if you have any other concerns. ^MS"
648455,274095,"I just bought #JohnnyDepp adult coloring book on Amazon! 

Maybe I can fake artistic talent! 

@115821   Thank you Amazon https://t.co/HebTTr4oP1",AmazonHelp,,,"@274095 Fake it until you can make it, right? Or as Johnny Depp would say, ""I think the thing to do is enjoy the ride while you're on it."" Enjoy your new coloring book adventures and please share some of your awesome artwork with us! ^NS"
2269185,647618,@AmazonHelp dear Amazon either #refund #money in 24hrs or I have to file an #FIR,AmazonHelp,,,"@647618 I get you being upset about a refund. As the details are shared with us, we will get back with an update soon. Appreciate your patience. ^BS"
1073207,373241,"hi guys, @115821 delivery sucks :-)",AmazonHelp,,,"@373241 That's not what we like to hear. Without posting any personal/account info, can you tell me a bit more about the issue? ^GG"
605084,263832,@AmazonHelp Sold by Amazon eu s.a.r.l,AmazonHelp,,605085,"@263832 Hi Luke, as mentioned, it could be too far into the dispatch preparation process. Could you contact us so we can look into this further: https://t.co/oGDklFYAep?^PJ"
1554843,480879,@AmazonHelp Hi like most of my shipments this is Amazon shipping and you have missed multiple deliveries in 2017.  Very sad as prime was amazing,AmazonHelp,,1554842,"@480879 I understand your disappointment, Damian! We want to help make this right. Please contact us: https://t.co/JzP7hlRCV9 ^SD"
2510882,715697,@AmazonHelp iPhone se,AmazonHelp,,2510881,@715697 I do get your concern. We've already escalated this to our team and we are working on it. This should be resolved soon. ^MM
2128902,626705,@115830 seriously this is how my parcel came. Prime delivery. This isn’t acceptable https://t.co/pZo3f8ZJ5R,AmazonHelp,,,@626705 I'm sorry your parcel arrived like this! Was anything inside damaged? To see replacement options: https://t.co/7NlAFmdYDy ^MB
820662,315479,@AmazonHelp they tell me there’s no record of the account ever existing but i used it for several months. they say someone will email me but they don’t,AmazonHelp,,820661,"@315479 We want to help, but are unable to see account details via Twitter. Please contact us again here: https://t.co/hApLpMlfHN ^HM"
180726,158477,"@AmazonHelp Merci ;)
^CL",AmazonHelp,,180727,@158477 Avec plaisir :) . ^BR
1543276,478098,@AmazonHelp Segun la descripcion del producto: “Vendido y enviado por Amazon México.”,AmazonHelp,,1543277,@478098 Gracias Daniel. Si no te llega tu pedido al final del día por favor contáctanos nuevamente. ^JJ
2419011,606294,Thanks @115830 for the safe delivery of my mother's pressie - sure she'll be glad to get a cardboard box covered in the liquid of the contents I bought 😒😡 https://t.co/v1mvDLmrSr,AmazonHelp,,,@606294 Oh no! I'm so sorry you found your parcel in this condition! We want to make sure this is addressed. Can you tell us who dispatched this parcel? ^MJ
1165289,394095,@AmazonHelp I called the helpline 1800 3000 9009 it is not getting connected,AmazonHelp,,1165293,"@394095 I'm sorry about that Prateek.  You can contact us via phone, chat or email from here: https://t.co/vlvfJr4nN9. ^GD"
2298430,667185,I just bought this 😎 Blu-ray from @120533 🇫🇷🎥 #BluRayDvdCollection https://t.co/NCRpv0KyWV,AmazonHelp,,,"@667185 😍
^SA"
175375,157185,@AmazonHelp The carrier is Amazon Shipping. I'm currently unaware of how to contact them. But incredibly frustrated by high promises,AmazonHelp,,175376,"@157185 Thanks for the information, Morgan.  We'd love to look into this for you, but we can't access your account via Twitter. Please reach out to us with the phone or chat options here: https://t.co/JzP7hlA23B ^AR"
498547,231580,@115850 The last order I placed on you was something like this. The one i have ordered and the one i have received is attached.Refund was initiated no doubt. I can UNDERSTAND your policy of refund is very strong but why would we order if we get a refund instead of the product? https://t.co/muetXxCiQR,AmazonHelp,,,"@231580 I'm sorry for the inconvenience you had to go through, Rubul. I'll ensure to share your feedback to our concerned team internally. ^MK"
205251,164624,@AmazonHelp Is this your fax number? 1-206-922-5821 they are requesting my e-mail address by e-mailing to my e-mail address😬 https://t.co/eZkqXEaULg,AmazonHelp,,,@164624 You can locate information on this process and confirm our fax number on our Document Requests page here: https://t.co/M7JAGAcLAE. Please reply to the most recent e-mail you've received from our Account Specialists with any questions on this verification. ^JR
2925582,809480,"@AmazonHelp Entrega garantizada hoy,  nunca vinieron y lo marcan como entregado en lo que parece ser una sucursal,  mañana a batallar para ubicarlo y recogerlo.",AmazonHelp,,2925583,"@809480 ¡Hola, Daniel! Lamentamos las molestias ocasionadas, ¿el producto es vendido y enviado por Amazon o por un vendedor externo que utiliza nuestra plataforma? ^LC"
495830,233269,@AmazonHelp After an hour with multiple people on phone was finally told I will get an email from account specialist team and handled within 1-2 business days. CC put back nothing else was. Another hour on phone today again will get email.,AmazonHelp,,495829,"@233269 I completely understand the frustration and concern regarding the trouble with your account, Mike! Our Account Specialists typically respond within 24 hours, please continue to work with them as they are the best equipped to restore your account. ^HM"
1198532,401608,"@AmazonHelp Trying to pick some sunglasses but 99% of sunglasses is with prime. I’m trying to get sunglasses, not other stuff.",AmazonHelp,,1198531,@401608 Have you used the 'Refine By' option that appears in your search result to filter options: https://t.co/kV5oU8Alxb? ^RM
1396137,444665,"@AmazonHelp À la base, sa a commencé par un E01 et sa se termine (pour l'instant) par un G10 je m'attend au pire par la suite ! https://t.co/s29VaQJI2h",AmazonHelp,,1396136,@444665 C'est lui qui a mis le carton dans cet état ?😅 ^MA
2287523,374252,@AmazonHelp please provide me with a contact for customer service escalations. Thank you.,AmazonHelp,,,@374252 Thank for reaching out to us. Please click here for help: https://t.co/Q7Ftz6nj80 ^MO
2551953,635740,@AmazonHelp If you want to help then send a code that works! I've got about 10 that don't!,AmazonHelp,,2551952,"@635740 I'm sorry, we don't have access to your account via Twitter and don't take personal information over social media. ^AN"
138088,147107,@AmazonHelp Sold by Kmtom and fulfilled by Amazon. Baleaf 210D Oxford bike cover. But on website it now says Nov 29-Dec 4. My tweet was from phone msg.,AmazonHelp,,138089,"@147107 Sounds like we're waiting for some to arrive. If it comes into the warehouse sooner than noted on the site, we'll e-mail you with an update. ^KI"
99825,137856,@115821 how can I update my email address? I've gone through it a dozen times with a dozen passwords and I get this. https://t.co/CoAW8igTO4,AmazonHelp,,,@137856 I can understand your frustration! Contact us here and we can address this with you  https://t.co/JzP7hlA23B ^DJ
335221,195904,"- Alessio è arrivato il pacco che aspetti da @120540
-
#tusiquevales 
 https://t.co/SCnZtLq6hA",AmazonHelp,,,@195904 Non osiamo immaginare l'apertura 😂😂😂 ^VE https://t.co/HihRPgTIyP
363667,202184,"@AmazonHelp Seems dey are not willing to help. Ive a response from them asking to send the modem over to Mumbai. Will that help?
https://t.co/zM2SFGmnTd",AmazonHelp,,363671,"@202184 I am afraid, we would require a Service Denial letter from an authorized service centre to work on this for you. ^MP"
2305307,644784,I’m hella disappointed in Amazon rn. All I want is my package...😕,AmazonHelp,,,@644784 I'm sorry for the disappointment! Have we missed your delivery date shown in your confirmation e-mail? ^AR
231866,171207,@AmazonHelp I was contacted by siri.. who promised me a call back yesterday still waiting for the same,AmazonHelp,,231863,@171207 Please respond to the email correspondence and we'll be glad to help you. (2/2) ^SI
1472549,448715,@115850 I have submitted detail twice kindly check.,AmazonHelp,,1472546,"@448715 through: https://t.co/beaaDm0muc so that we can work on this right away, without any further delay. 2/2^SC"
250568,175555,@115821 I had a package that supposedly was delivered today and sign by me? But  i never receive the package wth so who lying?,AmazonHelp,,,@175555 I'm sorry for this issue with your order. Who was the carrier listed for this order? Please check using this link: https://t.co/Y5jpI9gRhE ^DO
2289568,665148,昨日の夜Amazonでポチったらもう届いた😃 https://t.co/kfY4aEz1go,AmazonHelp,,,@665148 早くお届けできてよかったです😊✨ どうぞお楽しみください🎵 RI
424323,215995,"@AmazonHelp Reporting is next step...
First show me what u said..
R u saying that third party app Komparify is the one to be used for recharge?",AmazonHelp,,424322,"@215995 We have our own portal, Ravi. You may follow this link to recharge your mobile :https://t.co/Fr1F2yRknT ^NK"
1128047,385944,"@AmazonHelp So you don't seem to b serious about it. 24 hours passed since I dropped my details, no call, no SMS. 
Do I have to move to Consumer Forum ?",AmazonHelp,,1128045,@385944 and send us the details using the link provided by 'VM' and I will look into the issue right away. (2/2)^SF
971038,294193,@AmazonHelp @115821 team its more than 3 days &amp; no resolution. Is the plan that you keep playing around here &amp; my RETURNABLE date is over? Why so slow?,AmazonHelp,,971037,"@294193 reported the issue. Having said that, we're working on it and will get back to you with an update very soon. ^JC (2/2)"
1967725,583077,@AmazonHelp You lost my soaps and it tells me to contact Amazon. When I hit the link it shows me this https://t.co/55aNCK8zUw,AmazonHelp,,1967726,@583077 I'm so sorry for the difficulty you're having. Feel free to call us anytime using this number: 1-888-280-4331 ^MH
1336189,219482,@AmazonHelp @AmazonHelp @149473 my mobile hasn't pickup from last 17 days. Very worst service provider. Doesn't value their customer.,AmazonHelp,,1336197,"@219482 Apologies on the delayed pickup, that was not intended. If you replied the email received from us, we'd get back to you. ^BS"
232359,171315,Un grand merci au livreur d'Amazon qui m'a ramené chez moi alors que j'avais crevé en pleine campagne,AmazonHelp,,,@171315 Oh que c'est gentil 😍 ^SM
2924581,809255,Super happy to have received my new toy @5503 #EchoShow #BlackFriday. Looking forward to creating new skills! https://t.co/hIOJPr7X7R,AmazonHelp,,,@809255 What a great purchase! We hope you enjoy it as much as we do! ^KL
910741,336307,@AmazonHelp Ok thank you!,AmazonHelp,,910740,@336307 You're welcome. Glad we could help. Reach out again if you have any questions for us in the future. ^JF
86132,134801,"@AmazonHelp And when I complained, they were unhelpful and blase. They told me even today that it might arrive today. Despite UPS telling me that it wouldn't. They are rude and ill informed. And they lied.",AmazonHelp,,86131,"@134801 Hi Ryan, really sorry that you've had a bad experience trying to get your issue resolved. Please allow us another opportunity to look into this for you: https://t.co/CYqkdUakWJ ^JC."
1719159,520452,"@AmazonHelp Sólo cuento con una tarjeta, ya la puse de nuevo y tampoco",AmazonHelp,,1719160,"@520452 En este caso, te recomendamos entrar en contacto con nuestro departamento de Servicio al cliente por medio del siguiente enlace para más ayuda: https://t.co/beR78zMMYB ^FZ"
970249,350246,Amazonプライム会員になってるんだけどなんでだろう...解約できるのかなぁ...,AmazonHelp,,,@350246 アマゾンです。Amazonプライムは解約(退会)できます。有料会員移行後に特典利用がなければ年会費を返金いたします。お手続き方法についてはこちらをご参照ください。https://t.co/wBhE66OPXK ET
149173,149986,"La peor experiencia comprar en @116875 mi pedido está pendiente cuando se supone ya deberían entregármelo muy mal, aún sigo esperando su llamada 👎🏻",AmazonHelp,,,"@149986 Hola Mónica, lamentos lo sucedido. ¿El producto fue vendido y enviado por Amazon o por un vendedor externo? ^FZ"
1290965,421899,@AmazonHelp Livraison en cours....,AmazonHelp,,1290973,@421899 Quel est le transporteur de votre colis ? ^MA
318455,191977,"@115821 @115850 @AmazonHelp this is your packaging ? No outer box, nothing. See how you are delivering the orders. https://t.co/jn2AU4UaN8",AmazonHelp,,,@191977 Sorry for that Rahul. Please share your feedback here: https://t.co/Huc7jc5Pdp. ^HN
986849,353861,@AmazonHelp Thanks for your response! I used amazon.de to make my order.,AmazonHelp,,986848,@353861 I don't have access to your account. Please contact our customer service in German or English via https://t.co/xIcdaedBRk ^DW
1530943,374544,@AmazonHelp Jaja que geniales son!!! Ya se les extrañaba! Si ya lo estrené espero entrenen! Para probar que tan buenos son!,AmazonHelp,,1530942,@374544 ¡Definitivamente! Comenzaremos a entrenar hoy mismo. 😁 ^JQ
1403250,263698,@115850 @AmazonHelp @115821 https://t.co/Kc9p8o7Ziz,AmazonHelp,,,@263698 Did the customer who has the issue with the delivery reach out to us? ^HA
2356720,211923,Thank @115821 you we’re so helpful not where is  my package now their now tracking info at all. https://t.co/ZLR7JwLvgL,AmazonHelp,,,"@211923 I'm sorry you haven't received your order! Have you had a chance to report this to our Customer Support team: https://t.co/hApLpMlfHN? If you have, what insight could we provide?"
862522,324801,@AmazonHelp That already tired one,AmazonHelp,,862509,@324801 Apologies. I’d like to assist you. Please fill this form: https://t.co/beaaDm0muc and I’ll contact you at the earliest. ^NK
2312002,670497,@AmazonHelp Ps4..,AmazonHelp,,2312001,@670497 I'm not sure why the game is unavailable. We have no further information outside of the details outlined on our website. I'm sorry for any frustration. ^ST
2427456,696999,Fuming at @115821 😡,AmazonHelp,,,"@696999 We hate to hear this! Without posting personal account information, can you tell us what's going on? ^KP"
1325878,429377,"@AmazonHelp @115850 YES, You missed it. My order no. is 404-5817555-2501927 @115851",AmazonHelp,,1325877,"@429377 Please don't provide your order details, as we consider it to be personal info. Our page is visible to the public. 2/2 ^OS"
2337556,676300,"@115850 Phone number provided to website isn't working right now, so I cannot connect to the courier facility.
Any help?",AmazonHelp,,,@676300 I'm sorry for the trouble. Please connect with our support team here: https://t.co/2t6DQpbXFx for further assistance. ^RW
2438402,699422,"@AmazonHelp I was told to wait until the 15th and if it doesn’t come by then , then they will send me a replacement.",AmazonHelp,,2438401,@699422 Thanks for the addition information! Please let us know if it doesn't arrive tomorrow so we can look into other options. ^SW
868101,326116,"@AmazonHelp Merci de votre réponse, mais j'ai réglé le problème par téléphone au final !",AmazonHelp,,868100,"@326116 Parfait! Ravie que tout soit rentré dans l'ordre...
^MD"
2603041,559935,@AmazonHelp Je discute avec Ahmed par chat actuellement ^^,AmazonHelp,,2603039,"@559935 D'accord, on reste à votre disposition en cas de besoin ! ^AR"
635680,270744,"@232617 @AmazonHelp Hi there, I've tried to reschedule it but I'm not sure what else to do. It just says 'technical issue' which is frustrating.",AmazonHelp,,635681,"@270744 I'm so sorry to hear this, Jessi! In this case, please contact us by phone or chat so that we can help investigate this closer with you: https://t.co/JzP7hlA23B. Please keep us posted! We want to make sure this is fully resolved for you! ^SD"
1151096,135249,@AmazonHelp Kommt da heute noch was? Oder soll ich neu bestellen? Geduld ist aufgebraucht... @122924,AmazonHelp,,1151094,@135249 Den aktuellen Status kannst du so prüfen: https://t.co/4B3oa9Q76t Melde dich zur Klärung am besten nochmals telefonisch. Gruß ^MH
791501,308734,Hey @119625 we desperately need user profiles for Fire TV. Anyone and everyone at home is using it and spoiling the experience,AmazonHelp,,,@308734 department in our company. Thanks for taking the time to let us know about this. (2/2) ^JS
309912,189990,@AmazonHelp How can I use my student email to sign up for Amazon prime?,AmazonHelp,,,@189990 You can find more information on how to sign-up for Student Prime here: https://t.co/fBMm3xSMB4 ^AG
1421367,450387,@AmazonHelp I had some orders (although ordered same day) delivered to my assigned neighbour. Order no 205-0118279-8061179 i am waiting on.,AmazonHelp,,1421368,@450387 Has tracking been provided for this order? ^NV
2888198,800864,"@AmazonHelp You guys are so pathetic
I’ve just asked to deliver it one day before it’s estimated delivery time and you guys returned my product back
I needed it today and now you can’t even deliver on your estimated delivery date that is tomorrow",AmazonHelp,,2888197,"@800864 That's not cool; we're sorry for the inconvenience. While we won't be able to reinstate the canceled order; we request you to place a new one with the available fastest shipping and we'll ensure the delivery.Also,we'll be sure to share this internally for improvement.^VN https://t.co/1XyLaGkcaN"
1433644,452868,@115850 Now I have placed order again but this time I will have pay ₹100/more for the mistake which was not mine but by delivery boy. https://t.co/6juUHXFMIZ,AmazonHelp,,1433646,"@452868 Please don't provide your order details, as we consider it to be personal information. Our Twitter page is public.​ 2/2 ^NK"
1217510,405688,"@AmazonHelp Yes, the first thing I checked, not my first rodeo. Still nothing.",AmazonHelp,,1217509,"@405688 (2/2) If that doesn't help, can you reach us by phone: https://t.co/hApLpMlfHN? ^MG"
454600,222881,@115821 I was just refused the right to speak to a manger. What a way to show your customers you care. Definitely when you paid for overnight shipping Monday and still no product Thursday.,AmazonHelp,,,"@222881 Thanks for reaching out! I'm so sorry for the delay. When you spoke with us, what option was given to you? ^LH"
78823,133577,Hey @115821 what is going on with your provider @115817? I’ve ordered 5 things and 4 of them have been delayed. Ordered a Prime on 3 of them. On is now 7 days late...should have just bought it at the store,AmazonHelp,,,"@133577 Hi Justin, what were the expected delivery dates provided in your order confirmation emails? Have these dates passed? ^TS"
280154,182771,今日アマゾンから届くはずのスーファミ、届かないからヤマトに問い合わせたらamazonのシステムエラーで全て返品されたらしい。。。,AmazonHelp,,,"@182771 このたびは、ご迷惑をおかけし申し訳ございません。
本件についてご注文いただいたお客様に後日https://t.co/st4oU5QbhPよりご連絡を行わせていただきますため、そのご連絡をお待ちいただきますようお願いいたします。 RI"
837152,319239,"@AmazonHelp Commandé hier reçu se matin , super livreur qui a pris la peine de monter les étages et 26 euros le jeu https://t.co/ArLrkONSuP",AmazonHelp,,837151,@319239 Parfait ! Avez-vous déjà commencé le jeu ? ^FA
1134014,387201,"why have amazon charged me for a year long prime account, do u think I have a spare £79 to waste on fuck ups:):):)",AmazonHelp,,,@387201 Hi Georgia- If you wish to cancel your subscription use this link: https://t.co/15jbkSkcuQ ^NV
2727070,120919,@AmazonHelp How and where do I make an official complaint?,AmazonHelp,,,"@120919 We're here to help! Without providing account or personal information, can you please tell us more about what's happened? ^AC"
2884829,800207,"@115830 I am so fed up with your Amazon Carrier. I can assure  you that I will never order from you again. I am a  subject of discrimination.I am waiting for my parcels (204-2145674-7661952 *Q20883654194* and 204-6604910-5294713 *Q68357902093*) since Friday - ""external factors""",AmazonHelp,,,@800207 Sorry to hear you've had a negative experience Emily. We would ask you don't share personal information such as order numbers over Twitter as it is public. Can you tell me a bit more about the issue you're experiencing?^TI
1428576,451825,Amazonのやつ来たんだけど不良品かよ,AmazonHelp,,,@451825 申し訳ございません。返品・交換のお手続きの際は、こちらのURLから返品受付センターをご利用ください&gt; https://t.co/InpU88Rh5P ご不明な点がありましたら、ご遠慮なくお知らせください。 YM
440056,219445,@AmazonHelp Please I am very tired of hearing this ? I really need some update.,AmazonHelp,,440055,"@219445 We'll get in touch soon, appreciate your patience. ^MJ"
182541,158928,"@AmazonHelp I keep calling your phone line, but it offers me discounts on credit cards, traveling, internet, cable and other weird things!!!",AmazonHelp,,182542,@158928 Try using this link to set up a phone call with us: https://t.co/LMMzFEY4MR ^GL
222715,169199,"@115850 
Pickup planned since 28sept and not yet done, inefficient people are sitting at customer care, postponed return pickup and refund",AmazonHelp,,,@169199 I'm sorry about the pending pick-up. Kindly share your details here: https://t.co/beaaDm0muc and we'll check it. ^GK
2216645,647629,@AmazonHelp i have . long back all i need is an invite to amazon echo. thats all.,AmazonHelp,,2216644,"@647629 Thank you for the confirmation, our team would get back to you shortly. ^MD"
2600207,736058,Dear @115850 you could have done better with packaging. @27836 https://t.co/8IFkJvxxiw,AmazonHelp,,,@736058 I'll surely pass on your comments to our concerned team internally. You can also provide feedback regarding our packaging here: https://t.co/2MST3nmG4e ^SH
846916,321285,"@AmazonHelp Bueno, pues tras entregar el paquete a un desconocido, el nuevo paquete que me envía Correos Express, lo han enviado a otra localidad...",AmazonHelp,,846915,"@321285 Lamento el inconveniente, Diego. ¿Has contactado con la empresa de transportes para verificar lo sucedido con la entrega? ^KS"
2802345,781727,@AmazonHelp by 8pm today 11/21. No package. Account now says no new delivery date. #NotAHappyPrimeMember,AmazonHelp,,2802346,@781727 Please reach out to us via phone or chat so we can have a closer look into this with you: https://t.co/FqR78iQl0B ^CL
1478857,463412,@AmazonHelp But the second episode is out,AmazonHelp,,1478856,@463412 We'll keep adding new content on prime video. Keep checking it for all the latest updates. ^MA
518810,124647,Amazon's delivery drivers clearly don't know what a door looks like https://t.co/lFzZcpU4iC,AmazonHelp,,,"@124647 Oh no! I'm sorry for this issue! I'd like for a member of my team to look into this further. When you have a moment, please leave your details here: https://t.co/Pb6mLCV8un ^HM"
83535,134352,@AmazonHelp being a prime customer i never expected this irresponsibleness from amazon guys!! chances are amazon going to loose one customer today. can you please share the delivery guys contact,AmazonHelp,,83534,@134352 We can't access your account details over Twitter. Allow our support team to investigate this. You can report this here: https://t.co/R3EfhzgU8B. ^CB
1234682,188731,Now I really need help from @10265 and @1015 to get my money from @115823 to my bank account. https://t.co/Ez5fUxlB9V,AmazonHelp,,,"@188731 I get your concern, Vinay. I'll be sure to share your comments with internal teams for review. ^SV"
1092346,377765,"@115821 Sir 
Your delivery boy of order no.402-5119506-5336359 has cheated us he refused to take card payment and took rs1009 instead of rs 109.",AmazonHelp,,1092349,"@377765 Please don't provide your order details, as we consider it to be personal information. Our page is visible to the public. 3/3 ^PS"
1893377,186698,.@AmazonHelp I’m getting worried is it today or Saturday? 😐😐😐 https://t.co/GcltJbL12g,AmazonHelp,,,"@186698 Oh no, that's strange! Have you contacted USPS for the latest update and location on the package? What did they advise? ^AX"
129224,145094,@115850 i am having trouble with my account and refund... Please help,AmazonHelp,,,@145094 Could you tell us if your account is on hold that you are unable to login and check the refund details? ^SF
900365,182223,@AmazonHelp i don't receive my order,AmazonHelp,,900364,@182223 As said earlier our team is actively working on the issue and we'll get back to you as soon as we receive an update. ^VM
530027,242739,"@AmazonHelp The issue is that I have been subjected to nothing but poor service, bad merchandise and unacceptable behaviour by your customer service representatives.",AmazonHelp,,530029,"@242739 Hi Vin, we would need some details on what's happened, without posting account sensitive info, in order to be able to help. ^TS"
1955323,270206,@AmazonHelp Maybe you should say what's eligible as just received this after speaking to your CS. They're saying delay of one day. It's taking 5 days. https://t.co/ANmUeFHsVQ,AmazonHelp,,1955324,@270206 Can you give us please the link of the item so that we can check ? ^MA
2301079,576392,"This is why I love shopping w/@115821! 💕 @AmazonHelp, thank you so much for taking care of my terrible situation, quickly! 😊👍🏽",AmazonHelp,,,@576392 It was absolutely our pleasure! We'll be here if and when you need us again! We got your back. 😊 ^JD
564915,252348,@AmazonHelp Where do I find that,AmazonHelp,,564916,@252348 When you click on the link scroll to the center of the page and the step should be available there. ^AG
831080,317905,@AmazonHelp Nope. They cancelled the one that was supposed to arrive 10/7. And will try to get the next subscription order out.,AmazonHelp,,831079,@317905 I hope it arrives OK next time. ^KM
2376150,685375,"@AmazonHelp No, it separated my order in two but put the book into a later shipping group, when it should be available sooner.",AmazonHelp,,2376149,@685375 We'd like to look further into this and explore possible options with you. At your earliest convenience please reach out to us here: https://t.co/CYqkdUakWJ  ^GM
436895,218758,"@AmazonHelp @137605 Efectivamente, me informan de que no va a llegar hoy, dada la hora que es. ¿Cómo debo proceder si, finalmente, no recibo mi paquete hoy?",AmazonHelp,,436900,@218758 En ese caso te recomiendo reportarlo directamente con nuestro Soporte al Cliente. ^AZ
23180,121049,"@AmazonHelp J’ai commandé lundi deux produits, bénéficiant de Prime j’ai opté pour la livraison le soir. Ils ne sont jamais arrivés.",AmazonHelp,,23179,@121049 J'en suis vraiment navré. L'avez-vous signalé à notre SAV ? ^ARC
2667333,751420,"@115850 how can I contact local amazon in Chandigarh, ny delivery is held as I was not available to receive the package.",AmazonHelp,,,@751420 I understand your concern regarding the delivery of the package. Please reach out to us here: https://t.co/vlvfJr4nN9 and we will help you. ^AH
1919757,571544,"@115850 i am regular customer but now these days your services too poor, also product quality not good. Late delivery. Go for only profit",AmazonHelp,,,"@571544 Sorry for any hassles, Suraj. I'll be sure to forward your feedback internally. Has any of your concerns gone unaddressed? ^MS"
117853,142142,@136314 I'm a prime member and seen lots of talk of a 4 month trial for unlimited at 99p but I can't seem to find this offer on the app when I go to upgrade?,AmazonHelp,,,@142142 Hey! Is this the promotion that you're looking for: https://t.co/qKSsS2nbef? ^JO
1165291,394095,@AmazonHelp My issue is resolved!,AmazonHelp,,1165290,@394095 We're glad to know that your issue was addressed. Keep us posted for any further concerns. ^SQ
291738,185474,@115850 hi is there is a faster way to get invitation for amazon echo devices? I waited for it to launch in India for so long!,AmazonHelp,,,"@185474 Due to heavy demand, we send limited number of invites each week. Keep an eye on your inbox. (2/2)^YP"
1421317,428738,@AmazonHelp No,AmazonHelp,,1421318,"@428738 sorry to hear that, its not what we want you to experience. What shipping speed did you choose? ^AS"
715470,291192,"@115821 porém a caixa do box estava amassada, fazer o favor de melhorar o transporte",AmazonHelp,,715471,"@291192 Boa noite. Sinto muito, por favor, relate o acontecido ao nosso SAC, através do link: https://t.co/qGpkDwGRhX ^CR"
1419616,450010,@115821 Order dog food in stock. Ship date changes 4 a week. Customer service doesn't understand English. I need the food it's not a pair of socks,AmazonHelp,,1419615,@450010 I'm sorry you haven't received your order yet! Did we miss the estimated delivery date here: https://t.co/Y5jpI9gRhE? ^TN
1996381,140641,"@115830 the old ""put the parcel in the bin on bin day"" safe space. Good plan guys. Can't see any issues.",AmazonHelp,,,"@140641 Very sorry to hear Elliott. Please get in touch - https://t.co/JzP7hlA23B we'd like to look into your concern further, and escalate directly with the carrier. Please keep us posted. ^TP"
1439449,454055,@AmazonHelp I want a damn refund and I will not be buying any clothes from Amazon until you do something to control the Chinese forgery bullshit.,AmazonHelp,,1439446,"@454055 We're happy to look into this for you. At your earliest convenience, reach us here: https://t.co/hApLpMlfHN ^LI"
1724902,521703,Amazonプライムナウがなかったら死んでた(1年ぶり3回目),AmazonHelp,,,"@521703 !!( ; ﾛ)ﾟ ﾟ  ﾅﾝﾄ・・・
Prime Nowが、お役に立てているようで、嬉しく思います！！
引き続き、Amazonをよろしくお願いします(o*。_。)oペコッTY"
2333294,443073,@AmazonHelp Uhh ya. Same goes for safari on osx... it's a broken page render that should very likely not be browser-centric..m,AmazonHelp,,2333293,@443073 Please reach out to us here so we can get this reported: https://t.co/YYAYLQ5Cd0 ^CL
294715,124282,@AmazonHelp Wow ! Vous êtes top vous :) merci bien,AmazonHelp,,294714,"@124282 À votre service, merci d'avoir partagé vos impressions :) ^FT"
1424269,450942,"@120533 Votre technique du ""on a du annuler votre commande quelqu'un s'est connecté sur votre compte""....",AmazonHelp,,1424278,"@450942 Bonjour, je suis désolée pour cela!
L'avez-vous signalé à notre SAV, je vous prie?^FT"
474303,227893,How can @115830 say payment is declined when the money came out my account the day before? Like I can actually see the funds have left my bank.,AmazonHelp,,,@227893 Hello. This may be an authorization charge where we first attempt to hold the funds. If we are unable to successfully charge the card these amounts are automatically released. You can find out more here: https://t.co/fbqnfGbAn3 ^NV
2549033,724279,"@AmazonHelp if you are unable to return my Amazon pay balance then please delete my account and settle my dues.
#WorstExperience",AmazonHelp,,,"@724279 digital items on Amazon.in. Please reach out to us, here: https://t.co/vlvfJr4nN9 for any issues. (2/2)^YP"
1516036,471743,@AmazonHelp Finally the return was picked up and I got the refund. Thank you for the help.🙏🏻,AmazonHelp,,1516035,@471743 Glad to know that you have received your refund. Thank you for keeping us posted. ^SB
455471,223120,El traje que pedi para la Godiposada no va a llegar a tiempo. SAD! CC / The suit I ordered for my job christmas party won't arrive at time. SAD!  @AmazonHelp :(,AmazonHelp,,,@223120 ¡Hola! ¿ Nos podrias indicar si tu pedido es vendido y gestionado por Amazon o es vendido por un vendedor externo?
2470090,706549,"Hi @AmazonHelp I just received notification delivery wasn't successful because I'm not in and will be attempted tomorrow. I have provided a Safe Place on my account, and need my products asap today!! Please advise, I need my items urgently today",AmazonHelp,,,"@706549 Hi, I'm sorry to hear this. Drivers are instructed to leave packages in your safe place only if it is safe to do so. If there were people close by at the time the driver may have thought it safer to take it away and re-deliver tomorrow. https://t.co/fCC1zpH7u2 ^KK"
2290857,665414,@AmazonHelp Sent AGAIN !,AmazonHelp,,2290856,@665414 Thank you. We'll work on it and get back to you with an update soon. ^NR
1872004,481701,@AmazonHelp Being a prime member if you're giving such kind of service than its simply pathetic n what's the use of opting prime membership than???,AmazonHelp,,1872001,"@481701 I'm afraid, we'll not be able to provide any additional insight in this matter. 2/2 ^HD"
651696,274977,@AmazonHelp These are the phones I received https://t.co/EjOPj9k6nD,AmazonHelp,,651694,@274977 Sorry for the trouble. Kindly share your details via link mentioned earlier and we'll get in touch with you soon. ^AK
365211,202515,"@AmazonHelp I've had it all! Connected at various forums at various times!  Fed up from going here and there, why can't you solve right here and now!",AmazonHelp,,365210,@202515 I'd like to take a closer look. Please share your details here: https://t.co/GIJyeYqKE0 and I'll get in touch with you. ^HD
1719253,520470,It's my sister's Bday today n I was bit unhappy on myself bcz I placed her gift's order late n that's why estimated delivery date was after her Bday but very thanks to @115850 they delivered it way before the estimated delivery date. Thank u very much #Amazon #BirthdayGift,AmazonHelp,,,@520470 We try to deliver happiness early :) Tell us how the birthday girl likes the gift! ^BS
2278401,662470,"@AmazonHelp 3 problèmes déjà signalés, sans suite. Chronopost sévi tjrs. Vous ne servez à rien.",AmazonHelp,,2278400,@662470 Quelle a été la réponse fournie par notre SAV ? Y'avait-il une enquête ouverte à ce propos ? ^BR
1043738,366800,"@AmazonHelp worst ever experience from Amazon India.After placing an order for the same product 3 times, I am yet to receive it 1/n",AmazonHelp,,,@366800 Please share your details from the link here: https://t.co/beaaDm0muc to assist you accordingly. (2/2)^HR
739090,296764,@AmazonHelp This has to go to customer complaint forum. This is FREAKING UNBELIEVABLE,AmazonHelp,,739089,@296764 I’d like to understand this better. Please fill this form: https://t.co/beaaDm0muc and I’ll contact you at the earliest ^RW
667004,278942,"@AmazonHelp  @115851 - Technical Support Rep, Grey just crushed my Echo issue!  AWESOME Customer service!  #Resolved BTW:  #CLTisPrime",AmazonHelp,,,"@278942 That's what we like to hear! Thanks for letting us help you today, and thanks for choosing Amazon! ^WT"
2509244,715320,@AmazonHelp No error messages. Tried on multiple TVs and different hdmi inputs. Unit is just dead.,AmazonHelp,,2509243,@715320 Thanks for responding! Have you tried requesting a refund or replacement here: https://t.co/JCENd6Vy0V ^QJ
2446254,701303,"Don’t do this to me, @115821 … I need my #Oathbringer fix. @678744 @95367 https://t.co/DjI7wneCn5",AmazonHelp,,,"@701303 I'm so sorry for the wait. If you have a moment, we'd like to look into this. Please reach us by phone or chat here: https://t.co/hApLpMlfHN. ^LH"
2773027,775057,@AmazonHelp Please admit your mobile app customer service is down. It is pretty useless. I am not planning to mail the details . I don't have access to web but jus the app. Is it not possible to do anything with your app in mobile?,AmazonHelp,,2773026,@775057 Apologies for the miscommunication. Upon checking the application its working fine. You may try selecting any option to get in touch with our customer service for telephonic conversation. ^MN
2769806,774361,"@AmazonHelp When is the next buy back offer, any idea ?",AmazonHelp,,2769807,@774361 We haven't made any announcement on the same at the moment. Stay tuned on webpage. We have lots in store coming up for you. ^CB
1054056,369045,@120540 il servizio kindle unlimited è stato attivato non c'è  traccia su app. Ora disattivato. Avete perso un cliente per tutti i servizi,AmazonHelp,,,@369045 Puoi darci maggiori informazioni sull'accaduto? Come possiamo aiutarti? ^EA
1464159,459847,"@115821 what's up? Need Stupid Watergate updates. Why is only this episode of @17711 @17712 not available in my ""location"" https://t.co/wyK0H7QGAQ",AmazonHelp,,,"@459847 I'm sorry for the trouble streaming episode 29. We want to help if we can. Please reach out to us by phone or chat here: https://t.co/EKXRLsnxJu, so we can look into this further with you. ^JN"
2105864,621534,"Esse app da amazon prime é muito bugado , episódio seguinte começa sempre sem som , e sem legendas . @117086",AmazonHelp,,,"@621534 Olá, sinto muito o inconveniente, poderia me informar se está lhe aparecendo alguma mensagem de erro? ^AZ"
1570795,484382,@115850 https://t.co/ZIBhPKJjLs,AmazonHelp,,,@484382 Regional content is an integral part of our content in India. Please stay tuned as we expand our content selection. ^AK
170965,155873,Is this a joke? I come home to an empty box @115821! WTF!!! https://t.co/zEh2VlLr67,AmazonHelp,,,@155873 I'm sorry for the trouble with your delivery. This is not what we want to see and we'll do all we can to help! Please call or chat in so we can look at available options together here:  https://t.co/hApLpMlfHN ^SG
1394448,444285,@115821 has yet to ship my copy of #AssassinsCreedOrigins that was released yesterday to EVERYONE &amp; yet no word or email explaining why...,AmazonHelp,,,"@444285 So sorry for the delay! Was your order eligible for Release Day Delivery? For more info, visit us here: https://t.co/8BidkcNtf7 ^TK"
2198897,643164,i️ accidentally sent an @115821 package to my old house and the picture they attached just makes it so much sadder https://t.co/nTqbObW5tO,AmazonHelp,,,"@643164 I'd like for a specialist to review this for you, Kathryn. When you have the time, please tell us more here:https://t.co/DkFfrJt4fi We'd be happy to help in any way. ^SK"
2473456,707241,@24906 @120533 je peux savoir pourquoi on le dit que j’ai reçu mon colis alors que pas dutout !! https://t.co/Vook0LJdNO,AmazonHelp,,,"@707241 Bonjour, avez-vous effectué des recherches auprès de votre entourage, s'il vous plaît ? ^SB"
1466060,460283,God bless @120533 grace à ça je peux lire ton livre sur mon portable depuis le Canada et pas attendre 2 mois pour le recevoir @80282 ! J’ai hâte ! 😍👌🏻🇺🇾,AmazonHelp,,,"@460283 Hello, merci d'avoir partagé vos impressions😍votre saitsfaction est notre priorité, bonne lecture à vous 📖^FT"
2634728,743819,@AmazonHelp Yep. This was the replacement for the one that has been 'out for delivery' for over a month. And it hasn't arrived either!,AmazonHelp,,2634730,"@743819 We want to help, Jenni! Have you already reached out to us via phone regarding this? If not, please reach out to us here so that we can take a look into this for you: https://t.co/hApLpMlfHN ^SM"
234157,171759,@AmazonHelp where can we get the details for the procedure of selling our items on Amazon?,AmazonHelp,,,@171759 Hi - on which Website (.com / .co.uk / .in / etc) would you like to sell ? ^TD
80555,133884,@AmazonHelp It was a gift I received.  I am waiting to reorder the correct size.,AmazonHelp,,80554,"@133884 If you still had questions about the return, we'd like to help out! Please contact us here so we can take a closer look into this for you: https://t.co/hApLpMlfHN ^SA"
399086,210360,@AmazonHelp hey there. Could you please tell me why Amazon Prime Now is currently not delivering in my area? I have a WA13 postcode. Thanks!,AmazonHelp,,,"@210360 Hi Alice, when you enter you full postcode here - https://t.co/LzTvLGg43v  are you advised no delivery to this area? ^TP"
420026,199507,"@115850 - Its regarding Order# 408-8121690-7261949. I had placed this order on 25th Sept, expected date of delivery was 4th oct.",AmazonHelp,,,@199507 it to be personal information. Our Twitter page is visible to the public. (3/3)^AP
117831,142135,@AmazonHelp It must have changed overnight. Same with one of my other CDs that was scheduled to arrive today.,AmazonHelp,,117830,"@142135 I'm so sorry for the delay with your package! We want your order delivered. Please reach out to us if you don't receive your order by Thursday-November 30, 2017. ^MO"
56879,128885,"@AmazonHelp Or any other from Maharashtra state, then probably need to mention it's not for Maharashtra state. We won't bother checking it 2nd time 2/n",AmazonHelp,,56878,@128885 Kindly help us with your pincode and we'll let you know if the item can be delivered to it. ^SH
2853592,437566,@AmazonHelp @115821 You were the carrier. You lied that it was signed for. Extremely disappointed. https://t.co/K6D8wNffNA,AmazonHelp,,2853591,"@437566 I want to make sure this gets escalated further. We don't have access to order details through Twitter, so when you have a chance, please send us the order information here: https://t.co/tBXMOvHqcp ^BH"
1380613,229449,"@116928 @AmazonHelp enserio, que hago con vosotros, 5 paquetes en menos de 1 mes, con 3 empresas de mensajería diferentes, que hacemos? de quién es la culpa?",AmazonHelp,,1380614,@229449 Hola. Lamento el inconveniente. ¿Cuál es la fecha de entrega indicada en el correo electrónico de confirmación del pedido? ^CR
911971,336586,密林さんからのお荷物届かない( •́ㅿ•̀ ),AmazonHelp,,,"@336586 ご心配をおかけしております。お届け予定日を過ぎても未着の場合、こちらからご連絡ください。https://t.co/J6YEizo6qC 
出品者発送の商品の場合は、出品者に直接ご連絡ください。https://t.co/bpqWb4Zbe4 MH"
1221863,238950,"TIL one day from now is Monday 

thanks @115821 😭 lol https://t.co/9zw51cbKlt",AmazonHelp,,,"@238950 I'm sorry for the wait. Shipping speeds refer to transit time, in business days, once shipped: https://t.co/r0KirTNTzl ^JE"
319515,192123,@115850 Below message on WhatsApp true or spam?? https://t.co/29vl8ORWCQ,AmazonHelp,,,@192123 This offer is inaccurate. Please refer to genuine offers only on Amazon.in. ^SH
2291251,665481,@AmazonHelp ありがとうございます！持っていたわさび漬けをつけながら、一気に食べてしまいました。お肉美味しかったです♫プライムはよく利用してるのですが、フレッシュはお試しでしたが、野菜がスーパーの配送と違うものがあるので嬉しいです！,AmazonHelp,,2291250,"@665481 まったりステーキにわさび漬け・・・・・( º﹃º｀ )ｗｗｗｗｗｗ
いつもプライムをご利用いただき、誠にありがとうございます！（このたびはフレッシュのお試しも…）
これからも末永くご贔屓に…m(*-ω-)m RI"
244714,174124,@AmazonHelp hey I pre ordered Star Wars battlefront 2 and I still haven't received my beta code for Xbox one. Can you help out?,AmazonHelp,,,"@174124 Hi, thanks for reaching out! Can you let us know when you placed your order, Rayson? We're here to help in any way we can! ^FD"
2540317,722372,@AmazonHelp Livré aujourd'hui à mon adresse et dans le suivi de colis disponible en point relais,AmazonHelp,,2540316,"@722372 Si le colis doit vous être livré aujourd'hui, je vous invite à patienter. Dans le cas contraire, vous pouvez contacter notre SAV afin qu'il fasse le suivi et vérifie le nom du point relais. ^SM"
2460017,704458,@AmazonHelp Yes Confirmed,AmazonHelp,,2460016,@704458 We apologize for the delay in the cash back. Allow our support team to investigate this. You can report this here: https://t.co/R3EfhzgU8B ^CB.
2871543,797317,"Third time in two weeks I’m hunting my packages like a Neanderthal, @115821",AmazonHelp,,,@797317 Oh no! I'm really sorry for this experience. We'd love to help! Can you please give us more details on what happened? Thanks! ^AJ
1630999,499175,@115821 @115850 @AmazonHelp I have just received the worst customer service form @AmazonHelp in the most policy driven non human way.,AmazonHelp,,,@499175 Certainly not what we expect to happen. Kindly let us know what went wrong. We would like to help you. ^CB
2144417,630474,"Hi @123644 (cc: @48443): my son got this scam in the mail and confused it for a legitimate @115821 mailer. It has the Amazon logo and calls itself “AWS” (“Amazon Wealth Services”). I’m pretty sure this has nothing to do with Amazon, right? https://t.co/IXhSWs0RTI",AmazonHelp,,,@630474 Thank you for making us aware. We'll be sure to get this to the right team.  ^AR
288084,184646,@AmazonHelp do you have any answer?,AmazonHelp,,288085,@184646 I'm afraid we're unable to access that link. Please let us know about your concern and we'll look into it. ^HA
598990,262065,"@AmazonHelp Tried, no help. Issue is with the delay in dispatch. I ordered the same item last Sunday. I had to cancel it after a week since there was no progress. This is the 2nd try with another seller!",AmazonHelp,,598989,"@262065 When you spoke with us via phone or chat, what insight were we able to offer? Did we advise anything? ^WT"
1558079,481578,"@AmazonHelp The delivery man says he has left the package at the door, but the proof photo, It's not my house !! #badservice @116090",AmazonHelp,,,"@481578 I'm sorry, Harold! I'd like to have a Logistics Specialist look into this with you: https://t.co/AHJLFo6p5F ^LB"
2710405,667438,@115821 your delivery partners are horrible. Over the past several months we have order multiple items and they are delivered to the wrong address. Your cust service has been horrible as well. In the last week there have been 11 pkgs missing or delivered wrong in our complex.,AmazonHelp,,,@667438 Oh no! Is there a particular carrier you are having issues with? ^BE
1267606,416806,@AmazonHelp it's actually amazon.ca oops! is there an Amazon Canada one?,AmazonHelp,,1267605,"@416806 Hi, Carol-Anne!  The .com link will work just fine.  Please submit your information there so we may further assist. Thanks! ^KL"
1611044,318693,@1384 @115851 Everytime I order it's getting modified just before the delivery #poor &amp; #miserable #CustomerExperience,AmazonHelp,,,"@318693 Apologies, did you report about this to our customer service team? ^SI"
2835624,789283,@AmazonHelp Okay sent an email via the link provided. Can't call at the moment as I am at work.,AmazonHelp,,2835623,"@789283 Thanks, we'll be sure to respond as soon as possible. ^BG"
2230437,650886,"@115821 needs a ""Never ship with @132668"" Option. ALWAYS lost or late with no good tracking. Shipped nearly 2 weeks ago, no updates. https://t.co/m7vuWgPRZe",AmazonHelp,,,"@650886 Oh no! I'm so sorry, Shane! Have you had a chance to contact the carrier regarding this order: https://t.co/A8QSIUhsnp ^LB"
1143111,387080,@AmazonHelp So what will I do if you add new movies after ending of my prime membership? Because I am not going to renew it.,AmazonHelp,,1143113,"@387080 I understand your concern, Vivek. We'll forward your feedback to the team concerned for review. ^HD"
93562,136278,"#signsyourearealadult @136279 recorded #Amazon delivery guy chucking my package, but I'm more concerned with him walking on my lawn. https://t.co/W9Ju0Eujtb",AmazonHelp,,,"@136278 Oh no! I'm so sorry to see this, Peter! Thanks for bringing this to our attention. I'd like to have a member of my team investigate this. When you get a moment, please provide us with some additional details: https://t.co/XGQueUCRef Thanks! ^SW"
1684566,429774,"@115830 Come on, don't let me down... Ship it already :) https://t.co/NvYqUoN3Wr",AmazonHelp,,,@429774 Keep us updated on its arrival! ^ZW
1179640,235758,Looks like @115830 don't want me to keep using them or renew my #AmazonPrime 1 day shipping takes 4 days.,AmazonHelp,,,@235758 I'm sorry to hear this! Have we missed the delivery date given in your confirmation e-mail here: https://t.co/wBGKKc6elY? ^KP
1121309,384515,"well. thanks so much, @115821, for sending me the wrong product when the one I actually ordered was selling out forever.",AmazonHelp,,,@384515 Apologies - Have you been in touch? Check what options are available to you here - https://t.co/6O57L5HgJZ ^TP
2343942,378865,@AmazonHelp Yes but why didn't they call on my door? Why wasn't it delivered to my requested neighbours who are also in?,AmazonHelp,,2343941,@378865 May I ask who was the carrier for your order? Have you had deliveries to this address previously without issue? ^MI
2834224,788969,"My package from @115830 arrived like this, the most expensive item was not to be found!! Could have fallen out anywhere. https://t.co/IMhb6cgTHR",AmazonHelp,,,"@788969 Oh no! I'm sorry to hear about this Anette, but we're here to help. Can you reach out to us here:  https://t.co/JzP7hlA23B and we can take care of this situation for you? ^AZ"
919079,338177,Oye @123813 ¿cuándo estarán disponibles los episodios nuevos de Mr Robot? Sufro.,AmazonHelp,,,"@338177 Hola Utelias, mantente atento al sitio web. Anunciaremos las novedades por ese medio. ^LG"
1433889,452927,I'm watching American Horror Story #telfie #AHS @116618 #PrimeVideo #AHSRoanoke  https://t.co/m7oVwWkVXx,AmazonHelp,,,@452927 Ah! Too spooky for me! Enjoy your movie and eat some popcorn for us! ^BE
2126754,227845,"@AmazonHelp @115851 In the past I have, certainly.  But it doesn't seem to matter much, as from what I experienced, it hasn't changed at all.  Best bet is to order in bulk, although sometimes it amazing what you can cram in there. Would love a response to my Free Shipping question too.",AmazonHelp,,2126755,@227845 Free shipping refers to standard shipping (5-8 business days). You can learn about shipping here: https://t.co/XytJZMdUp7 ^AR
1352883,283422,@AmazonHelp is this not over kill? Do you not make any smaller packaging? https://t.co/o62px7blx7,AmazonHelp,,,"@283422 Oh wow! So sorry about that, Ben! You're more than welcome to submit feedback on the packaging here:https://t.co/bE5YIsJBIi! ^SA"
507167,236413,does it count as christmas spirit if i got my christmas tree on amazon prime now,AmazonHelp,,,@236413 We'd certainly like to think so! 🎄 😃 ^JR
1016400,360481,"@AmazonHelp Yes, you have. I've been indoors all day waiting for my order that @116324  / @115830 clearly had no intention of delivering.",AmazonHelp,,1016399,@360481 I'm sorry that we missed the delivery date! Contact us via this link: https://t.co/hApLpMlfHN ^AR
1529960,474839,@AmazonHelp Yeah I am an Expat in Berlin and I wanted to use english skills… But Alexa does not like that. Surely it be ok to Choose to use a skill...,AmazonHelp,,1529958,@474839 Our customer support will have a look into this: https://t.co/ohyvGrpvrY ^SK
2283735,663672,@AmazonHelp Obrigada por terem retirado a cobrança,AmazonHelp,,2283732,@663672 A cobrança já foi deletada do cartão? ^MB
1379907,441233,"@AmazonHelp I have reached to them said no option apart from waiting, this was really not expected from Amazon worst customer experience experience",AmazonHelp,,1379905,@441233 we'll check this for you. 2/2 ^RS
990763,353498,@115821 Yet not return of goods done or any contact from your side.. Unhappy with the service,AmazonHelp,,985097,@353498 Could you confirm if you've shared your details in the link provided earlier? ^SQ
2957012,816249,"Vous êtes vraiment les pires, j’ai jamais vu ça @120533",AmazonHelp,,,"@816249 Bonsoir, je suis navrée pour la gêne occasionné, quel est le transporteur en charge de la livraison, S'il vous plaît ? ^ASZ"
403506,211501,@AmazonHelp Only mavic pro. Thanks anyway.,AmazonHelp,,403505,@211501 Keep us posted for any further concerns. ^SQ
103141,138687,@115830 having to return 4 damaged items as the packaging you sent them in wasn't fit for purpose. Throwing items into an empty box isn't acceptable.,AmazonHelp,,,@138687 Oh no! I'm sorry your items arrived damaged. We are always looking to improve when packaging items. Please provide feedback here: https://t.co/xewqQithff. ^AL
179550,158293,@1315 Lovefilm states that no payments will be taken after 30th September ... so how come my account had £6.99 taken from it yesterday ?,AmazonHelp,,,"@158293 Hi Peter, we've replied to your DM. Thanks for contacting us! ^JJ"
2941952,812837,@AmazonHelp Eu tô parecendo uma criança que ganhou brinquedo novo kkkk,AmazonHelp,,2941951,@812837 É muito amor pelo Kindle né? Manda uma foto bem linda para gente ❤️ . ^AZ
445497,220503,@115830 I ordered a xbox360 game instead of Xbox one. I want to get refund asap so I can place another order for the correct one,AmazonHelp,,445498,"@220503 Hi Suzanne, you can cancel an order as long as it has not entered the dispatch process, more info here: https://t.co/yCmEry8puu If you are unable to cancel I would recommend refusing the delivery so that it is returned for a refund. ^TI"
2929485,810407,@AmazonHelp Yes missed deliverey for today. Prime,AmazonHelp,,2929488,"@810407 Oh dear! I'm sorry your package didn't arrive. Please take a moment to see if the tracking has been updated on the order. Also, did you receive an email stating there would be a delay? ^SP"
2343975,677885,@AmazonHelp I do not have a wish list &amp; they are addressed to me at my address in 2 separate packages with same contents?,AmazonHelp,,2343976,@677885 Hmm interesting- is there a receipt or tracking info on/in the packaging? ^NV
2477517,655873,#LGq6appquiz hope I get selected this time for a gift @115850,AmazonHelp,,,@655873 We wish you all the best. ^MN
970626,350313,@AmazonHelp So we had to chase the contents round the garden to recover them and clear the mess. Hermes didn’t use the safe place,AmazonHelp,,970624,"@350313 Hi, sorry to hear that! Are the contents undamaged? You can reviewreturn/replacement options: https://t.co/BjuXE6veDS ^TS"
2402400,610631,"@AmazonHelp I ordered 4 quantities of a 5-pack photo frames (so 20 total), but have only received 4 frames in total. Unsure if this is a seller or Amazon issue - how can I get refunded for the 16 paid but missing frames?",AmazonHelp,,,@610631 Oh no! So sorry you didn't receive the correct quantity! Please contact us here: https://t.co/JzP7hlA23B so we can get this issue resolved for you. ^AD
1765203,530051,"@AmazonHelp Any luck please ? I’d rather get the item/update than have to shop elsewhere in future. This has never happened before, I’m shocked at the poor delivery by your seller. I have made my feelings known and will speak to my advisors. https://t.co/Vur1O9uuIc",AmazonHelp,,,"@530051 (2/2) However, if they don't reply to your inquiry. Learn more about our A-to-z Guarantee here: https://t.co/uLPdi1cGa0 ^SK"
1722127,467057,@115850 have you guys like lost it? you are giving me a link to your website? like really? who is handling your customer service? https://t.co/jZP0uJhxdY,AmazonHelp,,,"@467057 requested in the form, we'll reach out to you soon."
2663070,750492,@AmazonHelp I called customer service and they weren’t of any help,AmazonHelp,,2663071,@750492 What insight was provided when you contacted us? Were they able to find the charge on another account? ^AM
2932789,811057,@AmazonHelp  https://t.co/RkovqWB8fz,AmazonHelp,,2932788,@811057 I'm sorry to hear about the delay. Can you contact us here:  https://t.co/JzP7hlA23B so we can take a look for you? ^MI
179313,158257,@AmazonHelp Received an email from account specialist - reset password to get back in. Reset password and still getting password incorrect.,AmazonHelp,,179314,"@158257 Hey, please respond to the email from our Account Specialists. If the issue persists reach out - https://t.co/zYVX1Qi29G ^TP"
912728,244118,"@AmazonHelp salve, potrei sapere il vostro nuovo numero verde? Ho provato con i due trovati su internet ma sono entrambi non attivi",AmazonHelp,,,"@244118 Ciao, come possiamo aiutarti? ^FS"
279378,182606,@AmazonHelp I have replied multiple times,AmazonHelp,,279375,"@182606 If you've replied to the correspondence, you'll receive an update from our specialist team. Request you to wait. ^SQ"
294823,186217,@AmazonHelp no email found not any correspondance even. can u plz send email to the registered email id?kindly dont stretch the issue rather dn solve it,AmazonHelp,,294822,"@186217 You should have received an email from us to the account which is registered with Amazon, please check and revert. ^HN"
1993433,589948,"@AmazonHelp I’ve provided 4 reviews yesterday and the 4 have been rejected. Sorry, but, which rules I didn’t meet? #IWantToLearn #DM to Me",AmazonHelp,,,"@589948 Hi, Jonathan. We're happy to try to help! You can DM us at the link below. Please don't provide acct specific or personal info! ^LB https://t.co/1XyLaGkcaN"
324203,193231,@AmazonHelp Atención al cliente me lo solucionaron para el lunes. Muy eficientemente,AmazonHelp,,324202,@193231 Excelente. Mantennos al tanto de la entrega del paquete. ^MB
1267678,416508,@AmazonHelp @115850 thanks for help. i got my phone today. well appreciated.,AmazonHelp,,1267677,@416508 We're glad to hear you received your phone. Appreciate your cooperation throughout this process. ^MA
1468331,460812,@AmazonHelp Ok so why aren't my orders shipping next day like they did previously?,AmazonHelp,,1468332,@460812 Some items require additional preparation time. We always aim to meet the delivery date provided during checkout. ^MB
1116974,383566,@AmazonHelp It seems you have delivered same product on two addresses and at same time. Moreover the address which I provided was closed for Diwali eve,AmazonHelp,,1116973,@383566 We'd like to fix this for you. Please fill in your details here: https://t.co/GIJyeYqKE0 and we'll get in touch with you. ^JC
1637202,500729,"@AmazonHelp Yea, didn't work good at all because it does not search for what you asked it to...",AmazonHelp,,1637201,@500729 You may need to rephrase your questions.  Please reach out to us and we can take a look with you: https://t.co/EKXRLsnxJu ^AM
1138331,388130,"Venho por meio deste tweet, declarar publicamente, elogios a @117086 pelo respeito ao cliente com ótimos preços e entrega rápida",AmazonHelp,,,"@388130 Hola leegado, agradecemos muito o seu carinho, me diga, que fez a gente para merecer esses elogios? ^HC"
2400931,550901,"@132994 @AmazonHelp @115850 has not yet deliver my 5 yet 

It's out of the estimated time now",AmazonHelp,,2400934,@550901 Sorry for the delay. Could you please contact us here : https://t.co/2t6DQoUmNZ so that we can take necessary actions. ^PR
1128663,386061,Why the hell is our @115821 fire stick acting up today 😡,AmazonHelp,,,"@386061 Hey, have you tried restarting? Disconnect the power cord from back of device or from power outlet, and then plug back in. ^TS"
255474,176752,"@AmazonHelp My account is amazon.ca ,can i use this link?",AmazonHelp,,255473,@176752 Sorry about that! This link should do the trick: https://t.co/iQacxkuwUq ^JZ
356395,200620,@AmazonHelp Yes it's all ok in concern to my bank. By the way I have cancelled my order now.,AmazonHelp,,356394,@200620 Sorry for the hassle. I'll surely pass on your feedback to the concerned team internally. ^HN
1402147,446014,"@AmazonHelp Gracias por el interés! Es lo de siempre con SEUR, entregas garantizadas para hoy que no llegan por estar ausente sin haberte movido de casa",AmazonHelp,,1402146,"@446014 Siento el atraso Sergio, ¿has entrado en contacto con el transportista para verificar lo sucedido? ^AZ"
2136225,628425,@507017 @115830 @AmazonHelp @116245 It's awkward to get out without a baby... Or that's maybe because I'm lazy! I've had 4 issues with #Amazon orders in the last three months! And endless assurance it's been resolved. One such order couldn't be delivered to an amazon locker! One of their designated pickup points!,AmazonHelp,,2136227,@628425 Sorry you've had trouble with your last 4 deliveries. Please provide more details here: https://t.co/kF9tiM7xNf ^AF
1363789,437553,"@AmazonHelp When I check the order's tracking info says, ""Shipped with AMZL US Tracking ID TBA510147692000"" . Here's the Order#... 111-0181501-5652209",AmazonHelp,,1363788,@437553 I'd like to have a member of my team look into this with you. Please send us your details here: https://t.co/qvaJ1E1jgZ ^JM
2663755,750489,@115851 @115821 What kind of scam operation you got going here? Sellers are not happy. This won’t last. @550788 @119736 @15370 @39107,AmazonHelp,,,"@750489 Hi Kim, in order to look into your concern further, please forward your details via the link previously provided. ^TP"
2569189,637988,@AmazonHelp Pls why i cant have a free delivery for this product for address 683544.Pls can i have a free delivery....It would be very kind,AmazonHelp,,,"@637988 You can avail free delivery, if the order cost is above Rs. 599.  ^PJ"
2367287,222536,"Arrive home, find a parcel dumped next to the door, no message sent to me to let me know delivery was attempted, nor handed to a neighbor, just left in the stairwell. Prime as well. Not impressed with that, @115830",AmazonHelp,,,"@222536 I'm so sorry about this! Have you had a chance to update your delivery preferences in case you're out?  If not, you can do so by following the steps here: https://t.co/krKDFhk7KE ^JY"
412725,213507,@AmazonHelp Hoje pela tarde. ^ ^,AmazonHelp,,412724,"@213507 Ah, que legal. Ele vai ficar bem lindo no seu estante! :3 ^CR"
2768236,774043,why the hell amazon told me that my order has been shipped but will arrive on FRIDAY?,AmazonHelp,,,"@774043 Hi Philippe, are you using https://t.co/nUUp5MLhYl or Amazon.fr?^FT"
1721710,521005,@115851 @1840 @115821 @115830 @AmazonHelp https://t.co/gCyYV9Qgld,AmazonHelp,,1721711,@521005 Let me check this out for you. Please drop your details here: https://t.co/j1Wd1Ksd0O so that we can get in touch with you. ^VM
2981007,822194,Frustrated #Amazon says package was delivered but no package I was home at the time they sent delivery notification 😲😠,AmazonHelp,,,"@822194 I'm sorry you haven't received your order! Occasionally orders are accidentally scanned as delivered early. In these cases, they're usually delivered within 1-2 business days. Please let us know if you don't received it soon! ^SB"
18418,120093,@AmazonHelp 連絡しましたよ。仕様だそうで。どういうつもりか存じませんが、かなり問題のある仕様だと思いますが。,AmazonHelp,,18417,@120093 当サイトのご利用に際しわかりづらい点があり、お手数をおかけいたしました。いただいた貴重なご意見は、真摯に受け止め、サービス向上に努めてまいります。　SM
2877806,798785,"@AmazonHelp a) Order replacement for 1 of the item. Shipping will be expedited all good there. b) Another item was ordered at a discounted price before, which rep is not agreeing to match now. Not acceptable. c) One of the item (ship&amp;sold by Amazon) now has wait period of month or more. :|",AmazonHelp,,2877805,@798785 I know how frustrating this can be. Please leave feedback via the survey that can be found at the bottom of the emails sent after correspondence with our Agents. ^BA
306919,189280,"@AmazonHelp I've spent hours on the phone with amazon support to no apparent avail, why would this link be any different?",AmazonHelp,,306918,@189280 It will send your information directly to our Social Media team so we can escalate an investigation. ^AM
701347,287423,@AmazonHelp No I haven't to be honest I know nobody can do anything to help me. When you pay for something you have an expectation. Mine haven't been met. It's annoying but I'm not starving and I'm not sick so shouldn't moan. But if I paid extra would I get it any quicker? Probably not.,AmazonHelp,,701346,"@287423 I'm sorry we've not been meeting expectations! That's not the service we strive to provide. We'd like to look into these delivery issues for you and see what options are available. If you'd like, you can get in touch with us anytime here: https://t.co/JzP7hlA23B ^TH"
2784322,149159,Nice. @115830 are useless again. 5th time I have been promised next day delivery and haven't gotten it.,AmazonHelp,,,@149159 Oh no! We'd like to take a look with you. When you have a moment pls reach us via chat or phone: https://t.co/JzP7hlA23B ^KN
77501,133265,"@AmazonHelp Muchas gracias, ya está solucionado! Esta tarde lo tengo en casa! 🤗👍",AmazonHelp,,77500,"@133265 Perfecto Carolina. :D 
¡Que tengas una excelente tarde!
^DB"
1497904,467779,@AmazonHelp Is there a specific number I can call? Because customer service don’t know what to do,AmazonHelp,,1497903,@467779 Please reach out to our careers team by chat using the following link: https://t.co/B7hUIaXgAZ ^GR
236147,172244,"@120540 Ciao, ho annullato un ordine in quanto tempo riceverò il rimborso sulla mia carta di credito",AmazonHelp,,,"@172244 Se l'ordine è stato annullato, il pagamento è stato solo autorizzato. Per informazioni: https://t.co/CBF1hlpRWN. ^EA"
983398,353140,"@115850 Very unpleasant  experience with Amazon India regarding missing items. Even after 4 days of complaint made, still no response",AmazonHelp,,,@353140 I'm sorry for the trouble. Please fill this form: https://t.co/beaaDm0muc and we’ll contact you at the earliest. ^AU
1099643,379497,@AmazonHelp ##complaint many time in last one week but Amazon customer not bothered to call single time###pathetic experience##,AmazonHelp,,1099640,@379497 I'm sorry about the ill experience. Please share the details and we'll look into this and help. ^HA
1033096,364426,"NO MAMESSSSS, gracias @116618 por #MrRobot https://t.co/3D3nT9Z7kM",AmazonHelp,,,"@364426 Perfecto para iniciar el fin de semana, Panti 😉 ¡Que disfrutes! ^LG"
80579,116058,@AmazonHelp Still nothing,AmazonHelp,,80578,"@116058 Hi, we'll be in touch with an update as soon as possible. Apologies for the wait. ^TS"
500846,234636,@AmazonHelp It was an Amazon Prime membership mistakenly taken from my account. Got the money from the charges back but since I had to pay interest on my credit card from those charges I am still out of pocket,AmazonHelp,,500847,@234636 We'd like to see how we can assist with this. Please reach out to us here: https://t.co/JzP7hlA23B ^GP
777880,305629,@115850 unable to contact Amazon. Whats there for customer redressal??,AmazonHelp,,,@305629 You can connect with our support team here: https://t.co/2t6DQoUmNZ ^RW
683751,283190,@AmazonHelp J’peux vous poser une question ???,AmazonHelp,,683750,"@283190 Oui, je vous écoute ! ^AR"
984203,353321,"@AmazonHelp Done, thanks.",AmazonHelp,,984202,"@353321 You're welcome, thanks for contacting us. ^JJ"
695121,285785,@AmazonHelp you guaranteed one day delivery and now my items might take 4 days? I bought extra items just to hit the $35 limit. You guys are snakes.,AmazonHelp,,,@285785 I'm sorry for the wait. What is the delivery date listed within your order confirmation e-mail? ^GR
2571857,233299,@115850 guys please I need your amazing echo dot...let me get my hands on it,AmazonHelp,,,@233299 You may find the desired result here: https://t.co/L8jb4mbhzz . ^MK
2910386,419182,@AmazonHelp Phew panic over thanks guys!,AmazonHelp,,2910387,@419182 You're very welcome! Let us know if anything else comes up! ^BG
2312652,289624,@115821 @AmazonHelp done fucked up.,AmazonHelp,,,"@289624 That's not what we'd like to hear! Without posting personal/account details, can you please tell us what's happened? ^JM"
1612513,494816,@AmazonHelp 買ってからまだ１カ月経ってないので明日購入店に持って行ってみます,AmazonHelp,,1612512,@494816 お手数おかけしますが、よろしくお願いします。TY
2616441,231851,@AmazonHelp Hörbücher und Live Alben werden beim Kapitelwechsel unterbrochen. Das ist (für mich) sehr nervend.,AmazonHelp,,2616440,"@231851 Danke für deine Rückmeldung :) Hast du vielleicht noch ein aktuelles Beispiel für mich, damit wir das mal prüfen können? Lieben Gruß ^NW"
1197159,343568,"@115830 Ordered w/ Amazon Marketplace a month ago, item went missing. Both Amazon and seller blame each other, out of pocket, what to do?",AmazonHelp,,,@343568 I'm sorry for the inconvenience! Was the order fulfilled by a third-party seller or by Amazon: https://t.co/aaDyEz1VgE? ^BE
347344,198723,"@AmazonHelp Again, wrong status update",AmazonHelp,,347342,@198723 Sorry about that. I'd like to help. Please fill in your details here: https://t.co/JzRdscmdH9 I'll get in touch with you. ^AK
2887333,130666,"@AmazonHelp I cant understand sir, as ur customer support suggesting me to contect local authorities and police. Why should tell my problem to police i need solution by ur team. You investigate and fulfil my loss.",AmazonHelp,,2887332,"@130666 I understand that this has been an unpleasant experience. As informed earlier, I request you to reply to the email sent by us (social media team) and we will check this for you. ^SD"
348167,198900,@AmazonHelp I've shared my details. Please do respond on it.,AmazonHelp,,348166,"@198900 Hey, we have already sent a correspondence to your registered e-mail id, request you to check your mailbox. ^RD"
1338614,432235,"@120540 salve, avrei bisogno di aiuto con un acquisto. ho comprato 2 cose ed è arrivata solo 1. online appare che la consegna è completa.",AmazonHelp,,,@432235 Mi spiace! L'articolo che manca è spedito da Amazon o da un venditore terzo? ^FS
449974,221650,Anyone else experiencing issues with @115821 prime? Several of my orders over the last few weeks have taken more than 2 days for delivery. Why pay for this service?!,AmazonHelp,,,"@221650 I'm sorry for the frustration! Prime Two-Day Shipping refers to business days in transit once shipped, and doesn't include any processing time. We'll always show the most accurate delivery date during checkout and in your confirmation email. ^LM"
2309520,669856,@AmazonHelp once again customer service lied and I don't have my package.  I'm done with prime....,AmazonHelp,,,@669856 I'm sorry your package hasn't yet arrived! Did we miss the delivery date stated in your order confirmation? You can find that information here: https://t.co/Dj5L1l2Gow ^SE
1626687,498086,"WORST EXP EVER!  
@115850 I thought U wud handle these things better. SHAME ON YOU! 
Ltd Chars. on twitter hence explained in screenshots🤬 https://t.co/bhgtzVprj8",AmazonHelp,,,@498086 Apologies for the hassle. Please place a new order as this one is returning to us. I'll surely pass on your feedback. ^HN
2199050,643193,@AmazonHelp Said to be advised.,AmazonHelp,,2199049,"@643193 This means we're currently unable to provide an accurate delivery date, and will e-mail you with one when updated. ^LB"
183409,159130,"Thank you, @117093, for existing. Despite some logistical frustrations, I am so lucky to have access to your services.",AmazonHelp,,,@159130 Thanks for sharing Emily - that's great to hear :-)  ^TD
2932864,810671,"@115821 I received Some books And I want to check iT with my ordering And I can’t enter my account due to a stupid question like full name that Should match Your data, but iT doesn’t, what is the use of your sms verificatie code ...🤔🤔  And no reaction on my email..😡😡",AmazonHelp,,,"@810671 Hi, sorry to hear you are having issues logging into your account. Is your account with Amazon US/UK or another location?^ES"
2862101,207504,@115821 is doing a great job of fucking me over right now. Thanks a bunch for not delivering an item on it’s guaranteed day and then returning it to sender the next day.,AmazonHelp,,,"@207504 That's not the experience we hope for. To better assist, can you confirm for me the carrier that was set to deliver your order here: https://t.co/q4LAMZ3tbE? ^GG"
2980573,822065,"マジ❗クソだろ💢
お急ぎで頼んで昨日届くのに今日も届かないAmazonクソだろ(笑)
お急ぎ代返せ❗❗ https://t.co/Q27di4A4Kt",AmazonHelp,,,@822065 ご迷惑をおかけしております。Amazonです。注文確認のうえご対応させていただけないでしょうか。誠に恐れ入りますが、以下リンクよりカスタマーサービスにご連絡いただきますようお願いいたします。https://t.co/J6YEizo6qC (24時間年中無休対応) HM
1771689,532544,@AmazonHelp eure Chat Support kann man aktuell ja leider komplett vergessen.,AmazonHelp,,1771690,@532544 Was ist denn passiert? Gruß ^NW
2664108,750688,"@116875 si la fecha de entrega de mi pedido es hoy, hoy lo envían o como puedo saber. Para esperar sin dudar!!",AmazonHelp,,,"@750688 esemiChuy, luego de revisar el e-mail de confirmación de compra, ¿podrías por favor indicarnos si la fecha de entrega de hoy 26 de noviembre, es una fecha estimada o garantizada? ¿Es un pedido gestionado directamente por Amazon México? ^CB"
1580375,486601,"@115833 @AmazonHelp  My ALEXA isn't playing songs properly. It starts for 1 second, stops picks up 2 minutes later plays 1 second repeat",AmazonHelp,,,@486601 Hi. Here are some troubleshooting tips to try: https://t.co/sOgKadnlAv Let us know if you still have issues. ^DA
313719,190907,@115850 there’ssomething seriously wrong with creditcard payment on ur app.Coudlnt complete a txn for iphone before &amp;one for a speaker now,AmazonHelp,,,@190907 I've just checked and everything seems to be working fine. May I know what error do you see? ^SH
233508,171586,"@116316 said ""Arrival: Monday 9th"". This morning, the door ring went crazy. Well well @12444, we meet again. https://t.co/yGc4MVpWsp",AmazonHelp,,,@171586 Sorry for the ... err... what is the opposite of 'delay'? At least it arrived. Happy PC building! ☺️ ^UK
2826414,787315,Shocking service from @115830 They don't listen to the problem and I was even lied to by the advisor multiple times....... unreal!!!! 🤬,AmazonHelp,,,"@787315 I am sorry to hear about this situation, Scott. Without providing us any personal information would you be able to elaborate a bit further?^SM"
1326941,429599,. @115821 is trading at over 1k a share and yet my glass bouquet cover still arrived broken!,AmazonHelp,,,@429599 I'm very sorry your bouquet arrived broken! Let's look into return/replacement options here: https://t.co/1au1PPcgwE ^ZW
609487,264888,Ok. Now more than a week after tracking said headboard would arrive. No headboard. @115821 #fail,AmazonHelp,,,@264888 I'm so sorry to hear you haven't yet received your headboard! Please reach out to us here: https://t.co/hApLpMlfHN so we may check on the status. ^RO
817645,314571,@115850 Do you care to respond !!?? https://t.co/EuOjgf4Xto,AmazonHelp,,,@314571 We have already responded to your query here: https://t.co/nO3BJAHWdh Request you to check. ^NK
2137875,628839,Mail room I guess is anywhere on your property. Like a foot away from the street and thrown out your window at night. And resident is the bottom of your steps. Come on @115821 get your shit together https://t.co/qQNuwAhbBt,AmazonHelp,,,@628839 Oh no! We'd like to make sure this doesn't happen again! Could you please let us know who the carrier was for these orders? ^JD
2509239,715318,Not happy with your service today.. at all. @115821,AmazonHelp,,,@715318 I'm sorry to hear that and I am here to help! Could you please tell me about the issue without giving any pertinent account information? ^SC
2887301,800678,Que papo é esse @117086 ????? Eu nem sai de casa. Estou de folga aqui e só posao receber hj o pedido. Como foi que vieram aqui e ninguem viu. Estranho né???? https://t.co/3WyaFtvMgp,AmazonHelp,,,"@800678 Elvis, desculpe o inconveniente! Precisamos saber com qual transportadora foi enviado o seu pedido? ^NP"
1749496,527298,"@AmazonHelp Hi AD, from my understanding it was collection yes, but now I'm not sure when they are suppose to be collecting?",AmazonHelp,,1749495,@527298 We'd like to look into this with you. Please contact us here: https://t.co/JzP7hlA23B ^KH
2287070,664508,Paid extra to get my package from @115821 today and it never came ;-; Wasted $12 &gt;.&lt;,AmazonHelp,,,@664508 I'm sorry for the inconvenience! Was the shipping information updated? You can check here: https://t.co/Y5jpI9gRhE ^MO
909850,336113,@115850 I call customer support to resolve my issue he said that place new order as there was some issue from the courier boy that's y,AmazonHelp,,,@336113 Sorry for the trouble. Please provide your details here: https://t.co/beaaDm0muc we will look into it and assist you further.^GU
2812806,240440,@AmazonHelp I have reached out in the past but this has become a common occurrence right now I have two packages I’m waiting on that were supposed to be Delivered this past Friday and another that was supposed to come today. They were all shipped  through AMZL US.,AmazonHelp,,2812805,@240440 We would like to help rectify this in any way we can. A specialist would like to look into this with you.Please click here and send us a little more information so we can offer assistance: https://t.co/ExrKRzjiBo  ^SE
1028164,363312,@AmazonHelp I can't log into the Amazon account that it's linked with I no longer have access to the email address and so can't verify it. But both accounts are householded together and mine. Can I merge them?,AmazonHelp,,1028163,@363312 We'd like to look into this with you. Please reach out to us so we can find your account info: https://t.co/CpkiBZSkle ^AM
429532,217155,@AmazonHelp How is this possible? I'm trying to buy the official Sony charge cable for PS4 controllers and I CANNOT FIND IT! Help me please.,AmazonHelp,,,"@217155 I'm not able to find the exact official cables, however I did find multiple options here: https://t.co/rO5AeYcvNP ^JE"
2422677,695819,@115821 love the fact that your delivery driver hits my truck in august and I just found out that your delivery department won't fix my damage. Numerous calls to amazon and never a call back. This has been going on since august.,AmazonHelp,,,@695819 I'm sorry for the troubles! We never want you to have this experience with us. I would like someone from my team to look into this for you. Please reach us here: https://t.co/tm4JpOdZAH. ^AL
1038850,365794,@AmazonHelp It’s says it’s out for delivery. Then I check the UPS tracking and it’s not arriving until the 16th https://t.co/G24pOOAFo9,AmazonHelp,,1038849,@365794 I'm sorry you haven't received your order! Does the carrier tracking provide any reason for the delay? ^ME
343880,197817,@AmazonHelp Estoy apunto de cancelarlo y que se grapen las narices los ineptos de Seur con la grapadora.,AmazonHelp,,343879,@197817 por favor ingresa en el siguiente enlace:  https://t.co/OjvUxwnzPe (2/2) ^HC
846819,321261,@AmazonHelp I’m not impressed with your service even after speaking to one of you assistants in regards to my order and membership,AmazonHelp,,,"@321261 Sorry to hear this. W/o posting personal info, are you able to elaborate on the issue? We'd like to help. ^PK"
1610698,494423,"@AmazonHelp Why does this item say ""Usually dispatched within 1 to 3 months""?

https://t.co/KGVMmyOCbo",AmazonHelp,,,@494423 This would be the time frame when we expect to receive the stock from our supplier. ^PK
1130440,386406,what the fuck amazon where's my fucking game,AmazonHelp,,,@386406 Have we missed the delivery date in the confirmation e-mail? You can check here: https://t.co/S1OkMo6uXr ^BH
2281491,658257,"@AmazonHelp Así lo haré, gracias!",AmazonHelp,,2281492,@658257 Con gusto. Recuerda que estamos aquí para ayudarte siempre que lo necesites. ^HC
2142191,629864,@AmazonHelp Hi I keep getting charged each month for no reason. How can I stop this?,AmazonHelp,,,@629864 Hi- What are the charges in relation to? What are the amounts? ^NV
707842,289220,@116618 network connectivity on the FireStick is absolute garbage. Why can't you just give us a Chromecast button?,AmazonHelp,,,"@289220 Terribly sorry for the frustration, Geoff! Have we tried the troubleshooting steps here: https://t.co/lICzZpQhWw ^JZ"
936651,342046,"@115850  .in there s a WebLink amazoncareer.in is faking people and looting money in lacs of rupees by offering jobs.,plz take action",AmazonHelp,,,@342046 This offer isn't genuine. Kindly refer to genuine job postings only in the link shared here: https://t.co/arPAZOUKz9 ^SG
1328799,430015,Dear @AmazonHelp my friend's accoun @55354 got shadow Banned by Twitter pls help to resolve.,AmazonHelp,,,"@430015 I was unable to comprehend your query, Asif. Please elaborate your query so that we can assist you accordingly ? ^KS"
794523,309173,With rerspect to this tweet https://t.co/WQERzAB5Wc   @115850 @115851. You can see the images which I've attached. https://t.co/CgXRAzYz6M,AmazonHelp,,,@309173 We have responded to you here:https://t.co/F5uhHi2Khu. Request you to check the same. ^PB
101735,138284,"Ha pasado más de un mes de una devolución a @116928 y todavía no ha dado señales de vida, para comprar si que es fácil....#comerciolocal",AmazonHelp,,,@138284 Lamentamos los inconvenientes con tu devolución Javier. Podrías indicarnos si el producto que devolviste era vendido o gestionado por Amazon o si era de un vendedor externo? ^MZ
709777,289708,@115850 trying to make payment since last night and i keep getting this message. https://t.co/pZEg0hiefn,AmazonHelp,,,@289708 Have your contacted your bank regarding the error? ^HR
397316,431697,@115850 @115850 as i tried submiting the answer its not submitting whats the problem,AmazonHelp,,397305,@431697 Any particular issue you are facing while posting the details . We would like to trouble shoot the same. ^CB
322042,192725,@AmazonHelp Contact but it's said it'll be 12 hours for a reply,AmazonHelp,,322041,@192725 Please use the phone/chat options in the link ^RA provided for quicker help! We want to ensure this is addressed. ^CS
167905,134071,@115830 Loyal customer of 14yrs wishing to cancel account and refuse a £10 credit. Been told online for 3 days my order was out for delivery &amp; by 8pm. THREE DAYS same thing. Wasted time on 4 online chat sessions and not laving the house. Now told and shown package is in GERMANY,AmazonHelp,,,@134071 We'd like for you to have a better experience with us! A member of my team would like to investigate this and reach out. Please leave your detailed information with us here: https://t.co/oFTCeZt1Vm ^KJ
1111500,382349,"@115850 purchsed product on 8th with a guaranteed delivery by 14th. Your system says delivered, call centr says nt delivered.. me confused",AmazonHelp,,,"@382349 Well, that's strange. We'd like to take a closer look. Kindly share your details here: https://t.co/GIJyeYqKE0. ^MP"
1763240,530483,@115830 where is my Xbox one X? Status is delivered even though partner has been in all day #stockissuesmuch?,AmazonHelp,,,@530483 Hello Amanda! I'm sorry you're unable to locate your delivery. Please try these steps: https://t.co/BMGc4ccVtf to help find. ^TM
1512025,470940,"Amazon: Shipment was damaged in transit and will not be delivered.

No! Never had this happen. I needed those replacement ear pads for my ✈️",AmazonHelp,,,"@470940 Oh no! Have you spoken to us in real-time here: https://t.co/hApLpMlfHN If so, what options were provided to you? ^HM"
2292152,665670,@AmazonHelp I have sent already to you kindly reply soon,AmazonHelp,,2292151,"@665670 Thanks for understanding, Prakhar. As you've replied to the correspondence, our team will check and get back to you with an update soon. Request you to wait. ^NK"
784084,307134,@AmazonHelp I did contact a couple of times. Not done.,AmazonHelp,,784083,"@307134 In that case, drop your details here: https://t.co/97xuUcWxMd, we'll check and get back with an update. ^HT"
2320724,672571,"@AmazonHelp It did miss the order date, and the tracking info stopped updating on Friday. The order # is 111-1468256-9554656, but it says you can't do anything to help until after Wednesday, and I wanted the smallrig stuff for the class I teach on Thursday.",AmazonHelp,,2320727,"@672571 Got it! We're unable to view your account details via Twitter, but we'd still like to help. Who was the carrier for your order? ^FD"
2887971,130270,@115858 = Crapple! I left chat cuz 30 mins &amp; 2 reps failed to replace Apple Pencil cap under warranty. Got knockoff caps on @115821! Sad! #fb,AmazonHelp,,,@130270 I hate to hear that you've had a poor experience with us! Was the seller Amazon or third-party? https://t.co/aaDyEz1VgE ^FR
2279072,662625,@AmazonHelp where is my package?!? Your AMZL carrying service is complete trash. Package was expected on the 7th....,AmazonHelp,,,@662625 I'm sorry your order hasn't arrived yet! We'd like to check on this for you. Please provide your order details for us here: https://t.co/birOQynqiY ^MB
470864,227105,"@AmazonHelp Pour se déconnecter, il ne faut pas être soi. https://t.co/S8N6TsZVe3",AmazonHelp,,470863,"@227105 Effectivement 🤣 Et alors, vous êtes qui ? ^SM"
787113,307763,@AmazonHelp I tried to log into .com but the fax number that was sent was a UK number,AmazonHelp,,787112,"@307763 Thanks for confirming, have you tried reaching us via this link: https://t.co/jzvkhdlrK5? ^JJ"
951974,345839,Dear @115821 stop hiring idiots to deliver your packages. Thanks,AmazonHelp,,,@345839 I'm sorry to hear about the trouble! We'd like to help the best we can. Do you care to tell us more about what happened? ^HC
1730733,522971,@AmazonHelp 6 November 😉 steht in der Email,AmazonHelp,,1730731,@522971 2018? Da liegen wir doch gut in der Zeit 😂 #spassbeiseite Lass das bitte unseren Support prüfen: https://t.co/ohyvGrpvrY ^SM
2279422,411181,How do i get compensation for the week of hell with @115830 #CustomerService day6 and still not had the issue dealt with!!😡😡😡,AmazonHelp,,,"@411181 I'm sorry for the disappointing customer service experience, Sammie. Without providing personal or account details, can you let us know what's going on? We'd like to help in any way we can. Thank you! ^FD"
2398933,690341,ordered a used book off amazon and received a book that somebody stole from the library lol,AmazonHelp,,,@690341 Hi Viviana- Have you reported this to us directly? Has a refund or replacement been organized for you? ^NV
1104577,380658,@117634 When does the sale start?  The prices are the usual prices of the various Kindled?,AmazonHelp,,1104582,"@380658 It's live now! They are all $30 less, except the New Oasis. I hope this helps! ^TR"
2185896,640162,"@115850 is this shitty service you call world class, yestrdy ord ws sppsd 2 b dlvrd, thn tdy, now u hv fucking blckd me, 9911506067 cal me https://t.co/sWOobpYrs1",AmazonHelp,,,"@640162 Please don't provide your order details, we consider it personal information. Our Twitter page is visible to public. ^KS 2/2"
1563539,482839,@AmazonHelp イエー！,AmazonHelp,,1563540,@482839 ( *• ̀ω•́ )b SK
340527,197331,@AmazonHelp Got it in time to make a 9 year old happy! Thank you @AmazonHelp,AmazonHelp,,340520,@197331 We're so glad he got it! You're welcome. ^KH
2275987,661968,amazonプライムポケモン全話みれるやんけ！！！！！,AmazonHelp,,,@661968 見ちゃってください！楽しんじゃってください！！✧ \( °∀° )/ RI
1089852,377121,@115821 very disappointed,AmazonHelp,,,@377121 I'm sorry for the frustration! Please follow these steps when looking for your missing package: https://t.co/UEylYyD1Uj ^KB
58119,129194,@AmazonHelp Can I please have the email or phone number for executive complaints?  I’ve talked to multiple people in your company. This is pointless,AmazonHelp,,58120,"@129194 Hello, by providing your information via the secure link given above, we will be able to look into this issue for you. ^AR"
2679369,753909,update: 80% sure someone STOLE these off my porch and i’m SUPER MAD @AmazonHelp PLS HELP ME,AmazonHelp,,2679370,"@753909 Oh no! I'm sorry for the poor delivery experience! Please give us a call or chat here, https://t.co/hApLpMlfHN, so we can look into this together. ^TG"
275563,181819,@181820 @115821 It’s been so weird.  One order came in three boxes at different times today.  Out here there is only 800 of us.  Wtf Amazon?,AmazonHelp,,275564,@181819 In the one order you could have different items coming from different Fulfillment centers ^AS
1499774,305441,"@AmazonHelp Yes I contacted the support team,cancelled my order and also my prime membership!!",AmazonHelp,,1499773,"@305441 Apologies for the delay. We’d like to help, please fill this form: https://t.co/beaaDm0muc, and we’ll contact you soon. ^PJ"
1885902,562508,@AmazonHelp いえいえ、都心部以外へのプライムナウのエリア拡大は難しい面もあるかと思います。いつも便利に使わさせていただいてますし、不満はないですよ…！,AmazonHelp,,1885901,@562508 リプライいただきありがとうございます！みなさまに便利にお使いいただけるようサービス改善に努めておりますので、今後ともアマゾンをご愛顧いただければ幸いです m(_ _)m　夜分に突然のリプライ失礼いたしました。HM
550584,248259,Habiéndolo comprado hoy me llegará el día 7/12 y tengo la certeza de que @116928 si responderá de manera inmediata si ocurre algo. La garantía de Amazon ya no la iguala ni El Corte Inglés. https://t.co/XOsLYw75D3,AmazonHelp,,,"@248259 Apenas recibas tu pedido, avísanos Nunakusi 😊 Esperamos que lo tengas en tus manos lo más rápido posible. ^LG"
2696118,757627,@115850  does it take more than 5 days to deliver my phone when i order uaing prime. Really fast....,AmazonHelp,,,"@757627 We ship the products to meet the estimates, could you please tell us if we've missed the estimated? ^HN"
2871572,797325,@115821 My Kindle Fire is defective https://t.co/ImCCpcoGR7,AmazonHelp,,,"@797325 I'm sorry to hear you're having issues with your device. To help us assist properly, please clarify exactly what you are experiencing with your Kindle. ^SG"
1070005,372481,@AmazonHelp Details sent,AmazonHelp,,1070004,@372481 Thanks for sending the details. We'll check and get back to you at the earliest. ^HS
1608108,481480,"@AmazonHelp Last night AmazonVideo app on SamsungSmartTv failed. Netflix, iplayer still ok. What’s the problem?",AmazonHelp,,,@481480 Are you still experiencing an issue? ^BM
2598951,119350,@AmazonHelp how many times do I fill it .. I just filled it an hour back.. mr VM.. @115821 stop this shit ..tell ur robots to atleast cross check,AmazonHelp,,2598952,"@119350 Thank you for confirming, we are working on it and will get back to you soon with an update. ^SI"
132366,145862,@AmazonHelp Recieved an email saying my delivery is coming tonight but on my app it says tomorrow. Which is it? This is becoming a bit of a farce,AmazonHelp,,132367,@145862 I understand your frustration! We expect it to arrive today if this was the most recent notification. Please keep us posted on the arrival. ^SJ
1240501,410969,@AmazonHelp it been 4 days there is no proper update how long will it take?,AmazonHelp,,1240500,"@410969 I understand your concern, Divakar. We're working on the issue and will reach out to you soon. ^AP"
63903,130678,"@AmazonHelp hi amazon, apparently a package has been delivered when it hasn’t, how do I report it?",AmazonHelp,,,@130678 I'm sorry it hasn't arrived! I recommend these tips first: https://t.co/MKKStH3Vov ^SJ
2852107,792978,@115830 @AmazonHelp You've failed,AmazonHelp,,2852108,@792978 Has the status of your order updated since you last reviewed your order details? You can find this information through this link: https://t.co/aaDyEz1VgE ^WM
2435218,427424,"@AmazonHelp ALL of the video streaming apps look like garbage on the new 2017 Fire TV.. I even restored to factory, and no difference.",AmazonHelp,,,"@427424 We'd like to help if we can, Josh! Will you tell us more about what you're experiencing? ^CS"
495800,233261,@115850 somehow not able to download apps on my fire stick. Gives an error of purchase failure. Pls help,AmazonHelp,,,@233261 Apologies for the trouble. Kindly report this to our Prime support team here: https://t.co/FrpK8OX5IY ^RB
701351,164653,"ordered yesterday morning for evening delivery due last night, waited in for it not to arrive, said it’s getting delivered today and still waiting, so much for prime #! @115830",AmazonHelp,,,"@164653 Oh no! This is not the delivery experience we strive for. What does the tracking currently display? You can check here  https://t.co/aaDyEz1VgE Let us know, we are here to help! ^DJ"
5319,116933,"Ach schau an. Meine Bestellung war unzustellbar... @AmazonHelp, was ist da denn passiert? Bekomme ich mein Geld nun wieder?",AmazonHelp,,,@116933 Bei unzustellbaren Sendungen wird gewöhnlich nach Bearbeitung der Retoure eine Erstattung veranlasst. Den Grund können wir von hier aus leider nicht einsehen. Bei Fragen hierzu kannst du dich gerne per E-mail/Telefon an unseren Kundenservice wenden. Schönen Abend ^MH
2154226,432259,@115850 seems like u stopped replying to sellers. Case open for last 1 month and no solution yet. Easy ship has become hard ship.Always fake promises,AmazonHelp,,,"@432259 As a part of customer service team, we'll not be able to address seller related concerns. Also, we have already escalated this with the seller support team and they shall definitely get back to you in regard to your concern. ^SG"
1509839,470438,"oh hey, despite me asking to deprioritize, @115821's AMZL US got my kids' stuff, then delivered and took a picture at the wrong place.",AmazonHelp,,,"@470438 Sorry your package was delivered incorrectly! Please send us your details here: https://t.co/ncaCoMTtet, to look into this. ^JM"
1206855,325658,@AmazonHelp I want the phone to be picked up anyhow today.....,AmazonHelp,,1206854,"@325658 We are working on it, we will get back to you once we have an update. ^AH"
1710597,421652,"@AmazonHelp La verdad que no, nunca se me habia dado ésta situación y no se realmente si debia reportar en Amazon o en Correos, ya que es problema ext.",AmazonHelp,,1710596,"@421652 Entiendo. Puedes intentar comunicarte con @137605 para más detalles sobre la entrega. Si no recibes respuesta, avísanos. ^LG"
1030158,363737,"@115821 - 2 day delivery? No prob. Pkg arrived in town this am.😍

@118706 - 😂🤣🖕We're gonna leave it sit in town for an extra 2 dys just cuz!",AmazonHelp,,,"@363737 Sorry to hear this. Has the date on the confirmation e-mail passed? If so, have you had a chance to contact the carrier? ^LI"
1955359,138833,"@AmazonHelp It's covered in a mystery oily fluid, which could be hazardous for all I know. Everyone is telling me how to return, I want a new copy!",AmazonHelp,,1955360,@138833 Is the item sold by Amazon or a third party? ^TR
2159249,634241,@AmazonHelp The order hasn't been delivered. I have paid the product cost upfront and this is what you guys do after taking the money. Disappointed.,AmazonHelp,,2159247,"@634241 I'm sorry to hear that you haven't received your order. Please share your details here https://t.co/GIJyeYqKE0, we will look into this. ^MD"
64072,130707,"@AmazonHelp @115821 your customer service agents try but can’t solve real problems. I have regular issues with Amazon and no one ever does anything different. As a long time prime member, I don’t feel valued at all nor do I get “prime” service. Want someone higher up to hear me.",AmazonHelp,,,@130707 Sorry to hear that. Without giving out personal info please let us know what happened? ^RS
394512,209468,"@AmazonHelp i haven’t yet, i’m waiting till the end of the day to see if it’ll show up.",AmazonHelp,,394511,"@209468 Awesome. Keep us posted, Julia! We are here to help! ^SA"
280955,182946,"@115850 @AmazonHelp Is there a great Indian festival sale,in which COD option is not available in many items.Time waste sale",AmazonHelp,,,@182946 Kindly use any other alternate payment method to place orders. 2/2 ^PS
679894,282218,"@146700 @115850 @138673 @AmazonHelp Sad Rakesh:(
@115850 nobody can survive in tbe industry with such bad experience. Thanks Rakesh for highlighting it. Will not recommend amazon to anybody.",AmazonHelp,,679895,@282218 I'm sorry for the ordeal you are facing with this order. Please revert to the email correspondence and we'll be glad to get this fixed. ^SI
499896,234406,"@115821 is starting to slack on their guaranteed delivery dates. I was supposed to get something delivered Tuesday, it’s Friday.",AmazonHelp,,,@234406 I'm so sorry for this wait. Did you get a notification on the change in delivery date: https://t.co/Y5jpI9gRhE ^DO
1565065,298490,@115850 why accepting order at 1st place when you don't service to that pin code? Please contact for more information.,AmazonHelp,,,"@298490 Apologies for the trouble. Please get in touch with us here: https://t.co/vlvfJr4nN9, and we'll look into this for you. ^PB"
2281450,643626,@AmazonHelp Thank you for your reply.. keep entertaining us....,AmazonHelp,,2281449,@643626 Our mission is to be earth's most customer-centric company. We'll ensure to keep everything this way. ^MN
514665,238506,@116928 ¿Simplemente un producto duplicado en Amazon? El primero se vendió en Cyber Monday por 139.99€ y no sé está enviando por falta de stock... Pero... ahí lo tienen a continuación con stock y envío en 1 día. ¿Tomadura de pelo? https://t.co/cc0FWw93Zk,AmazonHelp,,,"@238506 Hola Nicolás, ¿Tu pedido provenía directamente de Amazon o de un vendedor Marketplace? ^JD"
238095,172659,@AmazonHelp He said me to switch browsers and clear cache but it didn't work. Please resolve this. Its been a headache for nearly a month.,AmazonHelp,,238091,@172659 Sorry about that! Kindly fill in your details here:https://t.co/GIJyeYqKE0 and we'll look into this for you. ^PB
628266,268816,@115821 if I’m paying for one day shipping why is estimated delivery not for three days?,AmazonHelp,,,"@268816 Hey, was the parcel sold by Amazon directly or one of our Marketplace sellers? ^RS"
622458,267743,@AmazonHelp 111-1953371-5403414,AmazonHelp,,622457,"@267743 We don't have access to your account via Twitter. Without posting account details, will you please tell us more about what's going on? ^CO"
837095,319228,Fuyez @120533 ce sont des escrocs incompétents ! #ecommerce,AmazonHelp,,,"@319228 Bonjour, je suis navré d'apprendre cela ! Pouvez-vous m'en dire davantage afin que je puisse vous aider ? ^BH"
99827,137857,@AmazonHelp @115850 @115821 I want to know the return/refund time duration?,AmazonHelp,,,@137857 I understand you want to know regarding the return/refund policy. You can have a look at our return policy here: https://t.co/mmPUzI7uQS. ^KH
341494,197580,"@AmazonHelp I had already done..!
What r u &amp; Amazon in doing to solve my problem. Every member of Amazon wants time, r u want delaying ,or making fool.?",AmazonHelp,,341495,"@197580 Thank you for confirming. If you have replied to us, we will communicate with you very soon. Appreciate your understanding. ^MP"
2850595,597006,"@115830  I received a parcel today but when I opened it, it was empty. Do I really have to take an empty box to an Amazon locker? Or can I get the item somehow?",AmazonHelp,,,"@597006 I'm sorry you didn't receive your item, Emma! We'd like to help further in real-time. When you can, please reach out to us here: https://t.co/JzP7hlA23B ^HM"
191643,161042,"@AmazonHelp Shared my email address, via DM",AmazonHelp,,191642,@161042 We've responded to your query via DM. ^SK
234753,171901,@AmazonHelp this takes me to a log in page?.. I can't find the information required without logging in...which i cannot do :(,AmazonHelp,,234751,@171901 Oh no! I'm so sorry about my mix-up! Here's a link to contact us that won't require you to sign-in: https://t.co/bSkVJhbpg4 ^GR
1231202,408784,@AmazonHelp Amazon. They are replacing the shipment but still not happy about this,AmazonHelp,,1231201,"@408784 I certainly understand, Aaron! Please keep us updated on the outcome of delivery so we can be sure you have the item. ^HC"
1133480,387081,"@AmazonHelp All 3 back to back sale were based on gadgets discount, house utensils,.Forget the sale, not a particular day was for book lovers. Sad",AmazonHelp,,1133478,@387081 I've forwarded your comments as feedback to our team. I'll make sure that your feedback gets reviewed internally. ^RI
439124,217606,@120533 retarde plus la livraison-me disant qu'ils vont me donner des info supplémentaires. J'ai seulement besoin de mon paquet!😠 #Nice06,AmazonHelp,,,"@217606 Bonjour, désolée d'apprendre cela :/ que dit le suivi de votre colis ? ^SN"
776076,305438,"@AmazonHelp I don’t exactly know, but it started in early September and I got charged for amazon prime oct 6",AmazonHelp,,776075,"@305438 Thank you for the info! Just to clarify, can you tell me if you started the Prime trial on https://t.co/hSs9w9f1pF or .ca? ^AL"
246942,174664,@AmazonHelp to check the product status...refund was fired from your side.,AmazonHelp,,,"@174664 We regret about the unpleasant experience. Kindly fill in your details here: https://t.co/GIJyeYqKE0, and I'll look into it. ^NR"
439653,219376,"@AmazonHelp Sí,luego iré a recogerlo y pondré una reclamación a @132703, ya q los d Albal, están siempre dando problemas.Por vuestra parte todo Ok",AmazonHelp,,439654,"@219376 Entiendo, en caso de necesitar asistencia adicional recuerda que estamos a tu disposición siempre que necesites. ¡Saludos!. ^AZ"
1279076,419297,@116316 Wehe das kommt in den nächsten 3 Tagen nicht an dann verliert ihr einen Kunden https://t.co/Kb8oyVRadJ,AmazonHelp,,,"@419297 Melde dich gerne mal bei uns im Kundenservice, sollte der Artikel heute nicht mehr versendet werden: https://t.co/ohyvGrpvrY ^MI"
1723439,521346,@115830  can't delete orders can only hide 100? now this limits is reached its useless. Please allow deletion of my data.,AmazonHelp,,,"@521346 Hi Sam, it's not possible to delete order history, records would need to be retained. Sorry for any inconvenience. ^TS"
2170835,149641,@115823 not sure if you are gonna be responding. Umm.. help please?,AmazonHelp,,,@149641 Could you please elaborate the issue so that we can assist you accordingly? ^SU
858739,323895,@115850 how can your representative suggest me to return the product instead of resolving d issue? thn how are u different frm others?,AmazonHelp,,,@323895 Sorry about that. Please tell us more about your concern here: https://t.co/GIJyeYqKE0 &amp; we'll get back to you. ^BS
158745,152494,@AmazonHelp The page just reloads indefinitely? I guess I can try again later. Just don't wanna miss deals !,AmazonHelp,,158747,"@152494 Thanks for letting us know! Are you using a browser or mobile device? If a browser, which browser are you using? ^JO"
2416106,694407,@AmazonHelp These lines are very familiar to me.,AmazonHelp,,2416105,@694407 I'm sorry for the experience you had. Please contact us here: https://t.co/rS49hgaADF so that we can assist you accordingly. ^PJ
2823114,786657,"@AmazonHelp Bonjour, j'ai commandé un casque 2 fois (car le lendemain prix moins chère) et donc j'aimerais en renvoyer un (payé plus chère) seulement il risque d'arrivé tous les deux en même temps si je renvois n'importe lequel avec le bon de retour du plus chere c'est grave?",AmazonHelp,,,"@786657 Bonjour, le mieux serait de vérifier cela avec notre service client, quand vous aurez reçu l'article, afin que l'étiquette de retour soit attribué à l'article que vous souhaitez renvoyer. ^FA"
379716,206075,"@18289 Seit gestern funktionieren keine Apps (Amazon Video, Mediathek und Netflix) mehr auf dem Samsung TV über RFT Kabel Internet.",AmazonHelp,,,@206075 Melde dich bitte telefonisch bei uns im Support: https://t.co/hE1QF1JH7V Thema 'Digitale Dienste' und Anliegen spezifizieren
2812771,784296,Dear @116439 how do I click on embedded YouTube links on the you tube app using Amazon fire tv?,AmazonHelp,,,"@784296 Hi there! Answers to most questions about using the Amazon Fire TV can be found here:  https://t.co/rd3hxQBhKs but If the answer cannot be found there, you can reach out to us for real time support by phone or chat from here:  https://t.co/hApLpMlfHN ^CH"
713310,290612,@AmazonHelp help me TBA480684452000 2 days delayed package AMZL US,AmazonHelp,,,"@290612 We'd like to take a deeper look into this. At your earliest convenience, you can reach us here: https://t.co/WxKnzwnaoR ^GM"
804866,311617,@AmazonHelp I have sent you email let me see how can you help me. This was Diwali gift for my daughter. Can't expect anything this worst from you.,AmazonHelp,,804865,"@311617 I get your concern, Amit. Our team will work on this and reach out to you soon. Do keep us posted. ^VN"
461213,224590,@AmazonHelp Yeah actually it’s your Amazon logistics team (AMZL US). I’m speaking as a customer and as a person who works in a leasing office who has seen your employees’ terrible work ethics (they take packages back to the warehouse cuz they’re too lazy to drop at the door),AmazonHelp,,461215,@224590 Thanks for reaching out today! I'm terribly sorry to hear about the problems you've had with any of your orders. Do you have any existing orders needing addressed or have they all been or being resolved already? ^LL
397353,210095,"Yo @124285 schon wieder soll eine @AmazonHelp  Sendung statt in die Packstation umgeleitet worden sein.
Ratet mal was hier nicht liegt. https://t.co/tsMKvQfQ8X",AmazonHelp,,397354,"@210095 Oje - gerne kannst du dich auch an unseren Kundenservice, wenn du uns brauchst. Gleich hier: https://t.co/ohyvGrpvrY Gruß ^NW"
250025,175407,@AmazonHelp My order I'd 403-1636958-1685135 which refund is still waiting,AmazonHelp,,250023,@175407 access to your account. Kindly write to us here: https://t.co/GIJyeYqKE0 &amp; we'll check this for you. 2/2 ^MJ
2742951,768313,@115850 my account is on hold what should i do,AmazonHelp,,,"@768313 Sorry for the inconvenience. If an account is put on hold/closed, only the account specialist team can access your details. I request you to reply to that mail that you've received so they can look into it and assist you with this.

- Noel"
47907,126706,"@AmazonHelp thanks for trying at least u were more helpful, thanks 😩",AmazonHelp,,47906,"@126706 If you don't receive an e-mail from an Account Specialist by the 24-hour mark, let us know. ^MG"
442920,219978,"La blague quoi!!! Pré commandé pour une sortie le 7 nov, ils sont heureux de m’annoncer que je vais le recevoir « plus tôt » soit le 24 nov au lieu du 5 dec !!! @120533 ce n’est pas ce que j’attends d’une précommande et je crains le pire pour Restore Me! https://t.co/7vmawOWVUc",AmazonHelp,,,"@219978 Bonjour, les dates de sortie sont définies par les fournisseurs. Quelle est la date de livraison initiale qui vous a été communiquée ? 
^ARC"
312424,190608,hey @115821 maybe tell your same day delivery drivers to not mark their shit delivered when it's actually not? -_-,AmazonHelp,,,"@190608 I'm sorry to hear you haven't received the order! Please try these steps, and keep us posted: https://t.co/xo6635Piww ^BH"
2866089,796047,"Nobody better try to steal my @115821 boxes this week, I have a #LaserCat on the job, guarding the christmas booty! https://t.co/Rig1YM2YGH",AmazonHelp,,,@796047 Your defender of all boxes and packages is the most majestic and terrifying thing imaginable! Even more so than a shark with a laser beam attached to its head! ^BV
352772,199872,"@AmazonHelp #amazonhelp #amazonindia checkout order 
407-1468218-4426738",AmazonHelp,,352770,@199872 Apologies for the delay. Please share your details here: https://t.co/GIJyeYqKE0 and I'll get in touch with you. 1/2 ^HD
1823904,134059,"@AmazonHelp My order (expected yesterday) hasn't been delivered. Your website says ""Please follow the instructions on the attempted &gt;",AmazonHelp,,,@134059 Hmm... that's odd. Please reach out to us here and we'll look into our available solutions: https://t.co/JzP7hlA23B ^MJ
1245870,412275,@AmazonHelp you guys always give me a tough time like I can't order anything and stuff like this happens like wtf is this https://t.co/7NyGCqzA8z,AmazonHelp,,,"@412275 I'm sorry for the issue with your account. So we can look into this with you, click here: https://t.co/HFukQOjcax ^JA"
33186,123023,@AmazonHelp Sí y alegan que a ellos nunca les llegó! Más decepcionante aún q intenten responsabilizar a otros.,AmazonHelp,,33187,@123023 ¿Has contactado a nuestros compañeros de Soporte al Cliente para reportar lo que indicas? ^DA
897093,333031,"@TwitterSupport @115821 @AmazonHelp 
The artwork for my new Paperback edition isn't showing like my Kindle is. Can you help please? Thanks.",AmazonHelp,,,"@333031 I'm sorry for the trouble w/ your Kindle book! If self-published, please reach us here: https://t.co/wOCU8G6bqI, for options. ^JM"
2843815,791131,@AmazonHelp apparemment vous êtes très actif sur Twitter j'aimerais voir ça 🤔 https://t.co/zLLSX8l5ws,AmazonHelp,,,"@791131 Devinez quoi ? Vous avez raison 😎!!!
^SA"
2269130,660325,@AmazonHelp Other than the dispatch confirmation and delivery which had mysteriously changed - no,AmazonHelp,,2269131,"@660325 Really sorry to hear about the delivery issue, we always aim o deliver by the date stated in the order confirmation email. ^JJ"
2595420,734901,@117795 just signed up last Friday order a package didn't receive it. Now I have to pick it up at the post office. I cancelled my subscription. Must be a world record.,AmazonHelp,,,"@734901 I'm sorry you've not received your order, it's never our intent to let you down. We're here if you need further assistance. ^KL"
2881938,799637,"Hi @115830 - how exactly does leaving a package sitting on my doorstep on a busy street for five hours constitute ""handed to resident""? https://t.co/At8fEjJ6oO",AmazonHelp,,,"@799637 I am sorry to see this, Paul. Is this the first time this has happened? Are the items in the box still in perfect condition?^SM"
274095,181491,"@AmazonHelp Well it's been 6days now guys!! The only response I have got is to wait for 24-48 hours......Nice!
#amazon #badcustomerservice",AmazonHelp,,274094,@181491 Sorry about the hassle. Please revert the correspondence email received from us. We'd help you further. ^BS
2403043,691293,"@AmazonHelp Already done that? But an apology would have been nice. It's a £700 product and was my birthday gift. Birthday ruined, thanks.",AmazonHelp,,2403042,@691293 I fully understand your frustration Gabriel. Apologies again for the poor experience. Have you arranged a return? ^TP
1955325,270206,"Is this why I pay for Amazon Prime, @115851 ?? FIVE DAYS and you have a mega depot less than one hour from my house... @AmazonHelp https://t.co/5WodcQaM0e",AmazonHelp,,,@270206 Many factors affect the date of delivery of an order. Some items are not eligible for one day delivery.^ASZ
1547892,479223,"@AmazonHelp Said out for delivery/arriving today (3rd) frm 0735 yesterday, then at midnight changed to today (4th). Last tracking update 0735 yesterday",AmazonHelp,,1547891,"@479223 I'm really sorry about the delay Tom, it should arrive today. ^AT"
280950,182944,"@115850 
HI, It's regarding ORDER # 171-9071082-7027526
I want to return this item. as camera picture quality is not at all good.
I called earlier to return, customer care person told me no worries, we will take return. Now return date is over. Please do needful.
Regards,
Vijay",AmazonHelp,,,@182944 share your details from the link here: https://t.co/beaaDm0muc to assist you accordingly. (2/2)^HR
1678590,447818,@AmazonHelp @115851 @118702 regret should have ordered from you guys.. https://t.co/0kHn5JNNCy,AmazonHelp,,1410337,"@447818 Please don't provide your order details, we consider it to be personal information. Our page is visible to the public. 2/2 ^RI"
2105789,479300,@AmazonHelp I've had a email to say my parcel has arrived but it hasn't?,AmazonHelp,,,"@479300 Oh no Amy, did you place your order with https://t.co/7yV9C8UyS7? ^ES"
1367389,438310,Kinda mad at amazon. I was promised knitting needles but they didn't arrive so here I am home alone w/8 balls of yarn &amp; NO KNITTING NEEDLES!,AmazonHelp,,,"@438310 I'm very sorry, Emily. We deliver up to 9 pm. Have we missed the date shown here: https://t.co/Y5jpI9gRhE. Let us know! ^SK"
1342605,177606,"@115821 UPDATE: Same day Delivery not made
UPDATE II; Daughter's Black Wig is now ""lost""
UPDATE III: Hung up by oversees phone bank
Damn @AmazonHelp https://t.co/8gwlee8eWH",AmazonHelp,,1342613,@177606 Oh my! Did we miss a delivery date? Please let us know ^MO
1159294,392722,"Wie ich mir d Zukunft vorstelle: 1 Welt in d @116316 Pakete nicht als zugestellt​ angegeben werden,obwohl sie nicht zugestellt sind#6.Mal",AmazonHelp,,,"@392722 Informiere bitte unseren Kundenservice über https://t.co/zaP5U8s49q , damit wir das reklamieren können. Gruß ^MH"
850097,321983,@AmazonHelp Status pls almost 2 days already over ??????,AmazonHelp,,850096,@321983 Our apologies. We request you to share your details again here: https://t.co/GIJyeYqKE0. We'll get back. ^KC
760445,301698,"@AmazonHelp Yes I did but not impressed with the people on the phone.Why didn't your people ring the bell,why wasnt a card left and where is the parcel?",AmazonHelp,,760444,"@301698 Have you spoken with us here: https://t.co/JzP7hlA23B? If so, what information were we able to provide? ^RA"
589988,259503,"@AmazonHelp hi Amazon! I am a prime member in the UK, and I want to buy Christmas presents for my family in Australia. Can I use the UK Amazon shop for that or do I have to switch to the AU store?",AmazonHelp,,,@259503 Hi there! You can use whichever site you prefer. Your login information for one site will work for all Amazon sites (but your Prime membership doesn't carry over). I would suggest checking the prices and shipping charges on each site before making your decision. ^SP
1247743,269124,"@117086 onde peço ajuda pro app Kindle? a nova versão aparece atualizada no meu celular, mas ainda está com o ícone e layout antigos...",AmazonHelp,,,"@269124 Boa noite, Laís. O seu comentário foi respondido aqui: https://t.co/GcYZWozQiS ^CR"
2843716,791113,@117086 pelo amor de Deus me ajuda que eu fiz uma compra errada &lt;/3,AmazonHelp,,,"@791113 Olá Lizzie, poderia nos explicar com mais detalhes o que aconteceu, sem publicar detalhes de sua conta? ^DA"
2294011,476046,Anyone missing their Jeep key? @115821 just sent this in an envelope addressed to me. I...don’t own a Jeep... https://t.co/bqM2sDqoDB,AmazonHelp,,,"@476046 I'm sorry for the trouble, Kat! Did this arrive in addition to one of your orders or by itself? ^LJ"
1608104,493849,クソッタレ。Amazonが勝手にプライム会員にさせられてていつの間にか会費を引き落とされてる・・・！,AmazonHelp,,,@493849 Amazonプライム無料体験をご利用いただいておりませんか？Amazonプライムは、無料体験お申し込みの画面、またお申し込み後に送信されるEメールにてご案内しておりますが、自動更新をオフにされていない場合、体験終了後に有料会員へと移行となります。 TN
227726,170305,"prime reading凄すぎてますますプライム会員やめれない(*ﾟ∀ﾟ*)
凄い、Amazon！！",AmazonHelp,,,"@170305 お喜びいただけて何よりでございますm(_ _)m
プライムの特典、ガンガン活用しちゃってくださいませ。これからも末永くよろしくお願いいたします！ RI"
447268,220946,@116875 ¿por qué me están llegando varias notificaciones de entrega de productos que me entregaron hace 1 mes y ya me habían notificado al respecto?,AmazonHelp,,,"@220946 Hola David, lamentamos el inconveniente. Sugerimos ignorar las notificaciones, si te siguen llegando por favor notificalo con nuestro Servicio al Cliente. ^MB"
1630280,498985,@AmazonHelp my package is showing as delivered but I did not receive it and need a replacement! Please help. It’s #113-3327256-2419456,AmazonHelp,,,"@498985 (2/2) To check: https://t.co/Y5jpI9gRhE.

Also, for security reasons, I recommend deleting the tweet with your order number. ^WT"
2406901,208874,Ahahah y'a des tentatives d'arnaque avec @AmazonHelp @120533 maintenant aussi ...,AmazonHelp,,,"@208874 Bonjour, nous venons de répondre à votre autre tweet. ^FA"
2800486,781282,Yo @115821 tell me how this happens?!? Now a one-in-a-lifetime holiday surprise is RUINED!!! #amazon #blatantlies https://t.co/Ngoj6t4KbA,AmazonHelp,,,@781282 Oh no! I'm sorry your tracking shows your order arriving later than expected! We'd like to look into this with you and see what options we have available. Please reach us by phone or chat here: https://t.co/hApLpMlfHN ^BN
288653,181634,"@AmazonHelp @AmazonHelp y si fue amazon logistics que buena logística no se nota que tengan, pues no pudieron contactar a su repartidor para avisarle",AmazonHelp,,288652,@181634 Selene si el repartidor es Amazon Logistics para enviarle un mensaje solamente se puede realizar a través del Servicio de Atención al Cliente. Si deseas puedes enviar la solicitud de revisión de tu caso a través del siguiente enlace: https://t.co/beR78zMMYB ^PC
919822,338342,De mieux en mieux l'emballage des colis chez @120533 😂 https://t.co/dRyZsxEjHt,AmazonHelp,,,"@338342 Bonjour, je suis sincerement désolé pour cela. Quel était le transporteur ? L'avez-vous signalé à notre SAV ?"
2369581,683840,"@AmazonHelp i can't find mention of what i'm talking about at all. its at the top of a list page, like this. it has the ""edit items"" in the top right but clicking it doesn't let me do anything https://t.co/EevQiQ6j0Y",AmazonHelp,,2369580,@683840 Sorry for the difficulty! Please try from a different browser/device. Let us know how that goes. ^SG
1479681,441141,"@AmazonHelp Listen, while you do not reply even after several mails from __email__, then why you are so bothered on a tweet ??",AmazonHelp,,1479679,@441141 the link that was provided earlier so that we can check and assist you further. 2/2 ^NK
685794,283702,@AmazonHelp ur a joke i ordered two parcels one was fucking empty and the other never even came but both say delievered in their tracking status,AmazonHelp,,,@283702 I'm sorry you didn't receive your parcels as expected. Please reach out to us here: https://t.co/JzP7hlA23B so we can look into this with you. We'd like to help! ^ZW
1668362,508081,今日Amazonから届いたﾟ。*♡(｡･ω･｡)  #Halation https://t.co/U8Rzs6EV71,AmazonHelp,,,"@508081 Amazonをご利用いただきありがとうございました🙇
(*′艸`*)｡o○(*○*美しい・・・・*○*)　SM"
1372742,439481,@115821 why do i pay for 2 day shipping with prime if my package isn't actually going to be delivered on time?,AmazonHelp,,,@439481 So sorry! Did we miss the estimated delivery date provided during check out? You can check here https://t.co/Y5jpI9gRhE ^LS
320595,190972,@115850 Fake promise to customer worst,AmazonHelp,,314009,@190972 I'm sorry about the bitter experience. Have you shared your details as requested earlier? ^HA
2309340,669802,@AmazonHelp ありがとうございます。,AmazonHelp,,2309341,@669802 とんでもないことでございます。何かご不明な点などございましたら、ご遠慮なくお知らせください。ET
1744090,526003,"@AmazonHelp Let me know, when I refused my product on 17.10.17, on which date my product was shipped for returned to you???",AmazonHelp,,1744089,@526003 We'll help you with complete information if you can share the details in the link provided to you earlier. ^SU
723643,293292,"@115821 I pre order new Demitri M. book and it says will include an original drawing , I receive it today but no drawing  :( @32556",AmazonHelp,,,@293292 I'm sorry for the trouble! Can you please confirm the book title for us? We'd like to look into this a bit more. ^ST
2781922,210000,Ya tenemos en casita a Spidy #SpiderManHomecoming @116928 https://t.co/kbOeJsRaVv,AmazonHelp,,,"@210000 Hola, nos alegra que ya hayas recibido a nuestro amigo arácnido. 😉🕷☺️ Cuéntanos, ¿Spiderman es tu comic preferido o tienes algún otro que te llame la atención? ^KA"
993944,355459,@AmazonHelp That'll just make me wait for so long that me going all the way to Bangalore red Lane head office and get it myself,AmazonHelp,,993942,@355459 We’re working on it. We’ll revert at the earliest. ^SB
1338603,308530,@AmazonHelp I ordered a britax stroller a week ago and it hasn’t shipped.. how do I cancel the order and how can it take that long to ship?,AmazonHelp,,,@308530 Some items take a little longer to process. You can see the expected delivery date or cancel here: https://t.co/Y5jpI9gRhE ^TK
856616,323427,"@AmazonHelp Thanks amazon for not delivering my product on time. After repeated requests,still no luck.I had to cancel it with dissapointment... Spoiled my diwali celebration.Order# 407-5755755-1901952  Thank you happy diwali :)",AmazonHelp,,,@323427 Please don't provide your order details as we consider it personal info. Our twitter page is visible to public. (2/2)^SQ
169491,155474,@AmazonHelp Amazon me piden los ultimos 4 numeros de mi tarjeta en estado de cuenta pueden darme un ejemplo??,AmazonHelp,,169492,@155474 Se refiere a que escribas en el documento del estado de cuenta los últimos 4 dígitos del número que aparece en la parte frontal de tu tarjeta ^AR
782353,306751,@115851 Just mailed to Jeff and in last 10 times i face issue always and i paid for Prime Membership? OOPS Below Pic say all about @115850 this is your reality boss. When i paid in time why not services on time. Why Delay so much Delay? Again and Again? https://t.co/B0WQTmBCfH,AmazonHelp,,,"@306751 That's quite a remark, Hitesh!  Apologies for the trouble you've been facing with the delivery. May I know if you've reported this to our support team here:https://t.co/vlvfJr4nN9 ? ^EM"
867354,325951,Tired of @115821 pantry &amp; monthly orders made by @115817 arriving in this condition. 3rd in a row. No probs w/ @118706 or @81 #CancelThreat https://t.co/YYuPAyemQj,AmazonHelp,,,"@325951 Oh no! I'm very sorry, Gabriel. Have you called the carrier or Amazon to report this? If so, what was the outcome? ^SK"
1047230,367524,@115850  shows 2-4 days while I place order now says 10 days for delivery,AmazonHelp,,,"@367524 That's strange, kindly connect with us here: https://t.co/UMEYKKSUWj and we'll be happy to help. ^SH"
2263008,658816,@AmazonHelp Watched the video - still hasn’t shown up and it’s been over 36 hours. Thoughts?,AmazonHelp,,2263009,"@658816 I'm sorry it still hasn't arrived! At your nearest convenience please reach out to us, we'd like to go over available options with you: https://t.co/CYqkdTSJy9 ^GM"
2260673,658250,Amazonプライム神か… https://t.co/0iXOuEg56L,AmazonHelp,,,@658250 ( *• ̀ω•́ )b SK
1565864,483372,@AmazonHelp what’s the point of pre-ordering a game if you don’t get it on release date? I still haven’t got my COD!,AmazonHelp,,,@483372 I'm sorry for this wait. What was the deilvery estimate shown at Checkout: https://t.co/aaDyEz1VgE ^DO
1045518,116888,"@AmazonHelp Hi, yes, I do, since this morning",AmazonHelp,,1045517,@116888 The price is showing in EUR. Is the shipping address outside of the UK? ^RL
230632,170935,アマゾン届いた！ https://t.co/zfwx8yHSUB,AmazonHelp,,,@170935 いつもご利用ありがとうございます。読書の秋ですね！ゎ‹ゎ‹(๑´ㅂ`๑)ゎ‹ゎ‹ ET
2850799,792680,"@115821 is the key to everything , like i love you",AmazonHelp,,,@792680 The feeling is mutual! ❤️ ^AB
2107324,621859,@AmazonHelp Amazon logistics 🙄 nightmare delivery,AmazonHelp,,2107323,"@621859 Thanks for the additional information! We'd like to take a look into this with you. When you get a moment, please contact us via phone or chat:  https://t.co/JzP7hlA23B ^SW"
377955,145885,@AmazonHelp @115850 can prime member get delivery in 2 dayss.. yet my product not delivered,AmazonHelp,,,@145885 estimated delivery date for the order has passed? 3/3 ^SH
1385199,442344,"@AmazonHelp Die Wiederholungen werden ja angezeigt. Aber nicht das live Spiel, welches ich live sehen möchte",AmazonHelp,,1385200,@442344 Das Spiel its morgen um 20:30 Uhr: https://t.co/FQsDgQNPqo ^TG
2512025,662470,"@AmazonHelp Chaque fois, mais #Amazon s'en fout puisqu'il fait tjrs appel à @132988 depuis des mois @120533  #chronopost @115821 @78852",AmazonHelp,,2512024,@662470 Avez-vous un souci avec une commande en cours ? ^MA
1670241,508467,"Hey @115821  thanks for screwing up the delivery of my Halloween costume, now what am I supposed to do?",AmazonHelp,,,@508467 Oh no! We'd like to help. Are you still waiting on the order to arrive? ^JP
280977,182950,Thank you @119625 for streaming #Tubelight ! Beautifully made and @182951 did a fabulous job! Thumbs up to the team 👍🏻 !,AmazonHelp,,,@182950 Thanks a bunch for sharing your kind words. Keep 'em coming :) ^CB
671814,280286,@AmazonHelp YES I am still waiting. I have just finished with your latest agent. Delivery is promised for Friday. Heard that one before. I placed the original order - FOR ONE OF YOUR OWN PRODUCTS - over a week ago. #amazonprime ? What a joke. Customer-centric? Yeh right  #cx fail,AmazonHelp,,671815,@280286 Keep us posted on the delivery tomorrow. Sorry again for the delay.^CD
461194,224586,"@AmazonHelp USPS delivered one package, while my other packages shipped by AMZL are delayed for 2 days.",AmazonHelp,,461193,"@224586 I'm sorry your delivery is late, Brandon! We'd like to have a member of our team look into this with you. Please provide us more details about your order here: https://t.co/saT90vnTly ^NS"
724220,293449,"@AmazonHelp Yes. Twice. One came SUPER late on the 2nd day. Waited 3 extra days for one, &amp; at least 1 extra day for another. All USPS.",AmazonHelp,,724219,@293449 We'd like to look into this with you &amp; escalate carrier feedback. Please call or chat us here: https://t.co/hApLpMlfHN ^MV
652161,145706,"Hey @115825, könnt ihr bei Gelegenheit mal die deutsche Tonspur der King of Queens S04E24 austauschen? Da ist die Tonspur der vorherigen Folge drin. Die englische Tonspur funktioniert einwandfrei.",AmazonHelp,,,@145706 Wir sind schon dran. Danke dir für die Info! ^BL
2870635,797112,母親の誕生日プレゼントでアマゾンでコーヒーメーカーを購入したんだけどこれはさすがに酷すぎるんじゃねえか(；ω；)箱潰れは仕方ないと思うが、血痕って(｀・ω・´)温厚な俺でも流石にこれはないよ。・°°・(＞_＜)・°°・。返品するけどさ‥ https://t.co/7zLDBF4HyR,AmazonHelp,,,@797112 Amazon公式アカウントです。誕生日プレゼントをご購入いただきましたのに、ご不快な思いをおかけし申し訳ございません。返品手続きはお済でしょうか。SK#
1953570,562945,@AmazonHelp I cannot use a pc as I am travelling. How difficult is it for you to take my contact number check my issue and contact me?,AmazonHelp,,1953574,@562945 We wouldn't be able to access your Amazon account details on Twitter. Kindly share your details through the link provided earlier and we'll contact you soon. ^SY
219025,168220,@115821 what d hell when u cant sell in exchange why u showing this deal even? https://t.co/CGUkhhdWCJ,AmazonHelp,,,@168220 Sorry to know. Please reach us from here: https://t.co/rS49hgaADF we'll look into this and assist you. ^SV
2882525,799746,"Thank you @115850 of all ur offers and cashback schemes.
Shopping with you all is really fun😊.",AmazonHelp,,,"@799746 Aww thank you, we try our best to make you guys happy!  We appreciate the kind words and we're here to help if you need us 😊 ^VN"
1099304,379409,"@AmazonHelp I hv requested my order cancellation but customer care cancelled my all order 
really pathetic
U cannot cancel my orders without my permissi",AmazonHelp,,1099300,"@379409 Sorry to know your orders were cancelled. I'd like to take a look, please fill this form here: https://t.co/GIJyeYqKE0. ^PS"
2308264,669567,@AmazonHelp hey I want my money back,AmazonHelp,,,"@669567 Sorry for the trouble! We're here to help! Without providing account and personal information, could you give us more details about the issue at hand? ^VB"
261726,178322,"@AmazonHelp Uno de los juegos es vendido por otro vendedor. Aún así, por qué ponen que tiene Prime si no van mandarlo 2 días después?!",AmazonHelp,,261725,"@178322 Isay, contáctanos desde esta liga y revisamos esto contigo: https://t.co/vPBloUygsu ^AR"
2636817,744252,"@AmazonHelp Ich habe nun heute Nachmittag ein ähnliches Produkt bestellt, das mit Prime garantiert morgen ankommen soll, der Status lauter aber immer noch ""Versand in Kürze"", besteht da noch Hoffnung?",AmazonHelp,,2636816,"@744252 Wenn das Lager bei dir in der Nähe ist, dann kann das noch klappen. Ich drücke dir die Daumen! ^AN"
2032992,601149,@AmazonHelp Un vendeur tiers : Japan-Select.,AmazonHelp,,2032991,@601149 Avez-vous contacté le vendeur en question par rapport à cela ? ^AR
1099596,379491,"@AmazonHelp Have points, select to use AMZN card but no points, gets back to cart showing X points to be applied.",AmazonHelp,,1099595,"@379491 Just to be sure, have you checked to see if you're logged into the correct account? ^AM"
802394,311200,Delivery agents routinely mark package delivered without actually delivering to fake SLA. #Cheating @AmazonHelp @115850 @115851,AmazonHelp,,,@311200 Sorry for the hassle. Please report this to our support team here: https://t.co/vlvfJr4nN9 and we'll check this. ^HN
1066737,368932,"@115850 @127187 @AmazonHelp Just to add @76525 libertyshoe is the seller and the item was sent from central warehouse of Liberty shoe ltd, Panipath.",AmazonHelp,,1066736,"@368932 I get your disappointment, Mohit. Please submit your details using the link shared here: https://t.co/JC1ii0ptBU. ^MP"
1622300,497045,"@AmazonHelp sí, en https://t.co/c2s1la0rzc",AmazonHelp,,1622299,@497045 ¿Has contactado a Soporte al Cliente para reportar lo que indicas? ^DA
416136,214243,How does one make an amazon package stop at the post office instead of going to your home?,AmazonHelp,,,@214243 We're happy to look into all available options. Please contact us here: https://t.co/hApLpMlfHN ^LI
1118635,383924,@AmazonHelp Finally got my package today. Ordered on Prime on Thursday with overnight shipping. Too late to even use what I ordered. What will you do?,AmazonHelp,,1118636,@383924 I understand your frustration. You can see your available return options here: https://t.co/nQJkUpOZxe ^DG
1313035,426781,@AmazonHelp Ok,AmazonHelp,,1313036,@426781 We really appreciate your understanding. ^SY
1615504,495476,@AmazonHelp Thank you! ❤️,AmazonHelp,,1615503,@495476 ( ´∀｀)bｸﾞｯ! TY
1126145,385525,"Tutta convinta che il corriere Amazon era anche questa volta poste italiane
Controllo, é sailpost
Reazione: meh",AmazonHelp,,,@385525 Se dovessi riscontrare qualche inconveniente non esitare a segnalarcelo! ^MA
142125,148073,"@115850 #Fraud #Amazon.in #CORRUPTION 
I ordered a phone for my folks using Amazon.in. They have received Maggie noodles (with an invoice for someone else)! Could you please look into it and send them the phone ASAP!!!! https://t.co/y19gOas7bY",AmazonHelp,,,@148073 Sorry for the trouble. This doesn't seem to be right. Please report the issue to our support team using this link here: https://t.co/00q4Sqj9zL for assistance. ^KA
726353,293992,@115821 What happened to your logistics prowess? There have been MULTIPLE screw ups in 1 order and your help team is incompetent.,AmazonHelp,,,"@293992 Very sorry to hear this. W/o posting personal info, are you able to elaborate on the issue? We'd like to help. ^PK"
1216282,133877,@AmazonHelp Can I get a contact number where I can call,AmazonHelp,,1216281,@133877 Click on the link provided above by ^MP and you'll find our seller support contact info. ^KA
2887383,800699,"@AmazonHelp まさか公式さんからリプを貰えるとは…！嬉しい限りです！
大事にさせていただきます。ありがとうございますm(*_ _)m",AmazonHelp,,2887384,@800699 いきなりのリプライ、失礼いたしました！ご家族の一員として(?!) Echoをよろしくお願いいたします。たくさん話しかけてやってくださいね♪ RI
1684575,511928,bonsoir @120533 on peut se parler en DM svp ? c'est urgent ! merci,AmazonHelp,,,@511928 D'accord :) ^FT
772777,164742,@AmazonHelp It’s no longer showing a delivery date. It is saying it should have been delivered on 9/1 https://t.co/lmtYC33Szd,AmazonHelp,,772778,"@164742 Thanks for the info, Meagan! Have you tried us by phone for real-time assistance? If not, call here: https://t.co/hApLpMlfHN ^FR"
635757,270199,Someone needs to reevaluate how @115821 ships products together (@115851). https://t.co/4uIpcnDS2V,AmazonHelp,,,"@270199 So sorry for the way your items were packaged! You can leave packaging feedback here: https://t.co/NmArAhsPVj 
Please contact us here: https://t.co/hApLpMlfHN so we can look into refund or replacement options for the damaged items. ^AD"
2337234,333870,"@115850 
@120169 
Your customer care move @ the speed of a tortoise.
May You Flourish and the Customers Suffer!",AmazonHelp,,,@333870 We'll get in touch with you soon. Appreciate your patience.  ^AK (2/2)
2289594,665155,@AmazonHelp Already replied. But don't see any necessary actions being taken.,AmazonHelp,,2289593,"@665155 We've received your correspondence, Hitesh. Expect a response from us very soon. ^JC"
729214,294661,"@AmazonHelp Effectivement, merci pour l'info !",AmazonHelp,,729213,@294661 À votre service
2810279,129712,@AmazonHelp ご丁寧にありがとうございます！,AmazonHelp,,2810280,@129712 とんでもないことでございます。今後も万が一ご不安に思われることがございましたら、ご遠慮なくお知らせください🙏 YM
676736,281430,@115821 Two-Step Verification no found. I can't log into my account. 2 weeks called and don't solve anything.,AmazonHelp,,,"@281430 I'm sorry for the trouble with your account! What site do you use with us? Is it https://t.co/EN2uxUdT9s, co.uk or etc.? ^TG"
1652940,504625,"@115850 when phone is out if stock pls dnt decieve customer...felt humiliation,dnt misguide ur loyal customers https://t.co/zYc3KJep5Q",AmazonHelp,,,@504625 The phone has to be added to the cart only at the time of sale. Could you please confirm if you have done the same? ^HR
2297490,666960,@115830 literally the worst customer service I’ve ever experienced today. All should be ashamed.,AmazonHelp,,,"@666960 This isn't at all what we expect, truly sorry! Without personal/acct details, could you tell us a bit more about this? ^JE"
313278,190809,"@AmazonHelp Sans vous oublier l'aide en ligne et le S.A.V. 💋
Bonne journée à vous 😘",AmazonHelp,,313277,@190809 https://t.co/z0tRSP2D75
2446248,701302,"When @115821 screws you over for the ONE THING YOU'VE BEEN LOOKING FORWARD TO!!!
They said it might be ""missing"" and I could get a refund after Thursday...I NEED THIS BY THURSDAY!!! Can't even order a new one in time. https://t.co/UQ7plohx5X",AmazonHelp,,,@701302 I'm so sorry for the delay and for any trouble- we'd definitely like to help in any way we can. Have you been able to reach out to us here to look into options: https://t.co/hApLpMlfHN? ^BL
2511649,715859,"So I have Twitch Prime now, but I cannot claim my Hearthstone loot, even when I connected (and reconnected) it to the server. Dafuq?",AmazonHelp,,,"@715859 I'm sorry for this frustrating experience! Without giving account specific details, can you tell us a little more of what's going on? Are you getting an error message or are you experiencing looping? ^HS"
319341,192163,@115850 refund not occured for my wrong product delivery after five days what happened to my money .9425815901,AmazonHelp,,,@192163 Please don’t provide your account details as we consider them to be personal info. Our page is visible to the public. [2/2] ^NS
2645187,746311,"@117795 

Watch out for this scam https://t.co/JzLwmKVU9M",AmazonHelp,,,@746311 Thank you for bringing this to our attention! Please report this to us with the following link: https://t.co/2xr93YIcQN ^BN
318201,191926,@AmazonHelp Thnx recd,AmazonHelp,,318200,@191926 You're welcome! Do keep us posted for further concerns. ^HD
2387442,227272,"@115821 

My Registered Mobile no is 798867439,8447502439.I am Frustrated from your Customers complaint Call Pickers and Lenovo Service Centre too..
Charger Issue..

Lenovo Original Charger under warranty.
Facing some Problem in charging.
Help me if you can",AmazonHelp,,,"@227272 Please don't post personal information as we don't have access to your account on social media. However, we would ask you to elaborate on the issue. We'd like to help. ^PK"
336181,174954,"@115850 
Refund of shipment charge of Rs 100/ against  order no. 4__credit_card__ is not done though you have tried to clear your deck.",AmazonHelp,,,@174954 Please don't provide your order details as we consider it personal info. Our twitter page is visible to public. (2/2)^SQ
1100909,379745,@AmazonHelp はい、無料体験に入っていました。継続でなることに気づかなかった私のミスですが、ご丁寧にありがとうございます。,AmazonHelp,,1100910,@379745 とんでもないことでございます。どうぞよろしくお願いいたします。TN
1603863,476106,"@AmazonHelp chromeでhttps://t.co/OhlTyX8SuIを見ようとすると、下記URL画像の読み込み中に7秒程度固まってしまいます。対策頂けると幸いです。
https://t.co/YRzu9JZqtw",AmazonHelp,,,@476106 ご不便をお掛けし申し訳ございません。ご指摘の事象については、担当部署に報告の上、適宜対応させていただきます。誠に恐れ入りますが、改善までは別ブラウザにてご利用くださいますようお願いいたします。TN
286281,184201,@AmazonHelp i hv provided all d details. Wen shld i expect ur call. Dnt u think 12 hrs is a way too much for a response.,AmazonHelp,,286280,"@184201 You must've received an e-mail from us, could you please check ? ^HT"
1073760,373356,Merke: Der @116316 Packstation-Assistent funktioniert nicht. Daher kann @124285 das Paket nicht zuordnen.,AmazonHelp,,,@373356 Wir lassen das gerne überprüfen. Du kannst dich über https://t.co/zaP5U8s49q an unseren Kundenservice wenden. Gruß ^MH
180860,312375,"@115850 @71566 Manual delivery itself has been a bloody mess in our case. No idea on the prod status, delv time and all wrong info updates",AmazonHelp,,180859,@312375 We apologize for the hassle. Allow our support team to investigate . You can report this here: https://t.co/R3EfhzgU8B ^CB.
2814402,784664,@AmazonHelp I never had consistently late packages until my stuff started to come through YOUR carrier. UPS and USPS? No issues. I’ve asked for my packages to stop being sent through amazons service and my requests have been ignored. I guess you have to post on twitter for anyone to care now,AmazonHelp,,2814400,"@784664 I certainly understand your frustration! We'd like to take a closer look into this with you. When you have the time, please provide your details here: https://t.co/QFag4n3xLG and a specialist will contact you to report this. ^HC"
658857,465789,@116618 2nd Gen Apple TV?,AmazonHelp,,658850,"@465789 Prime Video will be available to customers on generation 2, 3 and 4 of the Apple TVs. ^LI"
2221867,648919,"@115850 141401! Dlvry agents marking product as delivered without delivering it. Whn contacted they say tht we will deliver the product nxt day, whn askd y they say to meet deadlines they mark the product as delivered.

So much for customer experience!

(1/2)",AmazonHelp,,,"@648919 I apologize for the unpleasant experience, Aadit. This is not what we want our customers want to experience, kindly share your details here: https://t.co/beaaDm0muc and we'll contact you soon. ^VH"
1627606,498307,Still no response @115821 https://t.co/YtJDQ24GeP,AmazonHelp,,,"@498307 Sorry for the delayed response, Sharon! Has the promised delivery date provided during checkout been missed? ^AB"
989499,354415,@AmazonHelp But-there-is-no-option-to-contact_with-u,AmazonHelp,,989498,@354415 Click on the link&gt;select the item&gt;select the issue code&gt;Initiate a contact with us via e-mail/call/chat. ^CB
2253164,656379,@115821 and some other shirts I wanted to buy that I was waiting for to pay for are not showing up in search anymore...,AmazonHelp,,2253165,"@656379 Hi. Our stock is constantly changing and, as such, search results would reflect that. ^DC"
1226493,396885,@407742 @115821 I know.. and I've left HORRIBLE packing feedback each time too.,AmazonHelp,,1177171,"@396885 When you spoke with us, did we mention we were reporting this to our fulfillment team to ensure it doesn't happen again? ^MB"
423484,184651,"@AmazonHelp I booked a mobile on Sunday , and it showed delivery by today .But the item is still in transit.i have flight tomo.wat to do?",AmazonHelp,,,@184651 Please wait until end of the day for the package to arrive. Do keep us posted if there's any further delay. ^OS
2296829,666804,"when @115821 quotes one price in search results, and higher price on the order page, I feel cheated.  I will find another place to do my #christmas shopping.",AmazonHelp,,,"@666804 Hi, sorry to hear that. Is it possible that when you clicked on the item you were looking at a different Seller? ^JJ"
312396,190602,@115850 tracking nos 184120347853 claims to be delivered but I have not signed nor received.,AmazonHelp,,,"@190602 Please don't provide your order details, as we consider it to be personal information. Our page is visible to the public. 3/3 ^PS"
1694397,514133,特殊詐欺のSMSキタ。03-6384-7671 amazonを装うとか今風やな。,AmazonHelp,,,@514133 失礼いたします。　すでにお分かりかとは存じますが、当サイトからSMSでご案内を差し上げることはございません。個人情報を取得しようとする詐欺が発生しているようですので、どうぞご注意くださいませ。https://t.co/hDBq2eOjOj  SM
1434988,126085,amazon india not respond to costumer,AmazonHelp,,,"@126085 I'm sorry, could you please confirm sharing your details in the link provided here: https://t.co/xD8vLukkf6? ^VN"
2609280,738009,@115850  @11644 can you'll include Amazon pay for swiggy?? pleaseeee,AmazonHelp,,,@738009 I'll pass along your comments to our team internally. You may refer to the link here: https://t.co/W7xP1cNLuO for more information about the sites/apps where you can pay through Amazon pay. ^GK
222893,169230,V tired of spending my evenings on the phone with @115821 because of shipping issues. Thought Prime was supposed to make things easy.,AmazonHelp,,,@169230 That's not the experience we want to hear about. Can you tell me a bit more without posting any personal.account info? ^GG
2117809,624164,@115821 totally screwed up. @115786  One X still hasn’t arrived or shipped. Absolutely ridiculous,AmazonHelp,,,"@624164 I am very sorry to hear this, can I ask have you received an email update from us? This may be in your spam/junk folder.^GA"
1406558,446938,@AmazonHelp The escalation team were impolite and didn't tend to https://t.co/7fVjVlhO3a would you do.Would promote it to my friends to boycott Amazon.,AmazonHelp,,1406557,@446938 Apologies for the experience. I’d like to help you; please fill this form: https://t.co/beaaDm0muc and I’ll contact you soon.^SM
1253636,328920,@115850 @AmazonHelp worst service please they dont Care custome after ur order is completed. Cant not able to give invoice copy of my order which is purchased few month before.,AmazonHelp,,,@328920 Please go through the link shared by my colleague 'VH' to download the invoice of your product. ^AU
2769103,774215,@115850 @18247 once again disappointed by Amazon. A return order placed on 10th of Nov. for a monopod (on the same day of delivery...) I am still waiting for pickup... Today is 21st... 11 days...,AmazonHelp,,,"@774215 We apologize for the delay. Have you reported this to our support team? If not, you can do that here: https://t.co/rS49hgaADF so that they can assist you accordingly. ^BV"
982320,352911,@AmazonHelp Why this much price difference ? https://t.co/J2eYcedppQ,AmazonHelp,,982319,@352911 I see that these are 2 different products. Kindly be specific. We'll be happy to address your concern. ^SG
2170891,636795,Dear @115830 I want answers to my outstanding issues by 12 noon gmt tomorrow - someone somewhere has got my stuff - and no more lame excuses about rogue deliveries - #sortitout #amazon #amazonfail,AmazonHelp,,,"@636795 I'm so sorry for the inconvenience, Dan! We would like to help resolve this for you. Please reach out to us here: https://t.co/JzP7hlA23B ^LA"
1358102,436632,"When @115830 Email saying your parcel will be here by 8pm.. It’s nearly 9pm and it’s not here, so much for ‘Amazon Prime’🖕🏼😭",AmazonHelp,,,@436632 I'm so sorry that your item hasn't arrived!  What is the current status? You can check that here: https://t.co/aaDyEz1VgE ^FR
2485563,710003,"@AmazonHelp We purchased an item last year which became faulty and replacement was organised. Unfortunately the wrong item was given to the driver and we are trying to get it returned. The faulty item has been returned, and new one delivered.",AmazonHelp,,2485568,"@710003 I am very sorry to hear this, can I ask for you to follow the link below to see what options you have for the return of the item please: https://t.co/bMy6T2db6T. Thanks. ^GA"
2305796,668974,"Our Amazon Fire TV has suddenly started randomly seizing control of the TV. Anyone else having/had this problem? Rebooted, reset to factory settings, all to no avail? @AmazonHelp",AmazonHelp,,,@668974 We'd like to look into this for you. Please reach out to us via phone or chat here: https://t.co/MOZSNYJY93 for real-time troubleshooting. ^BE
940420,342939,"@AmazonHelp they stated because I don't have a fulfillment center close. Im in Dallas, I drive by one daily :(",AmazonHelp,,,@342939 Thanks for contacting us. Have we been missing the delivery dates given in your confirmation e-mail? ^GG
2777315,775966,"@120533 quand vous dites remboursement en 2 a 3 jours,alors que 10 jours après toujours rien que j'apel le service client et qu'on me dit que j'aurai mon remboursement dans 15 jours c'est une blague !!!",AmazonHelp,,,"@775966 Bonjour, avez-vous reçu l'e-mail de confirmation du remboursement?^FT"
2320764,419171,@115830 Why have Prime deliveries all defaulted to 3 days and not next day delivery? Hardly “prime” anymore and not communicated if it is a change.,AmazonHelp,,,@419171 I'm sorry about the delay! Orders need a bit more time to process due to Black Friday and Cyber Monday. Learn more here: https://t.co/B8FVbd9ZeL ^SH
249160,175194,"how about a warning system to avoid this, @AmazonHelp? #Kindle https://t.co/D3VV4Fx9Nq",AmazonHelp,,,@175194 We'd like to take a look in to this with you. Please click here: https://t.co/hApLpM3Ejd so we can further assist. ^NM
665170,278531,@AmazonHelp @115830 @AmazonHelp how does the postage work anyway always bring charged separate postage when over £20 and paid for together. Fed up !,AmazonHelp,,665168,@278531 Please contact us directly so we can look into this with you: https://t.co/JzP7hlA23B ^SB
436288,218627,"@115821 why does my ""eligible for free shipping"" order show a $25 shipping charge for standard delivery?",AmazonHelp,,,@218627 Does your order meet all the guidelines here: https://t.co/spLfWwv28Q? Is the item fulfilled and shipped by Amazon? ^VS
2621058,740592,"@AmazonHelp Así es. Lo intente copiar y pegar, escribirlo manualmente e incluso en minúsculas pero no me lo permite",AmazonHelp,,2621057,"@740592 Entiendo, en este caso te recomiendo poder contactar con nuestro departamento de Servicio al Cliente, ingresando al siguiente enlace:https://t.co/beR78zMMYB ^KA"
1460524,193280,@AmazonHelp Why am I not able to cancel a delivery??,AmazonHelp,,,@193280 us here: https://t.co/vlvfJr4nN9 and we'll look for alternatives. (2/2)^SQ
1728634,478416,@115850 Just canceled my Echo order because there has been no delivery for 6 days in spite of repeated calls. Maybe don't use India Post?,AmazonHelp,,,@478416 Certainly not what we intend to cater. I'll be sharing your comments internally for a review. ^CB
2400085,690600,@AmazonHelp @115821 Representatives from ur side are dumb and know nothing. Only lying and misguiding,AmazonHelp,,2400086,@690600 I'm sorry about the delay. Kindly share your details here: https://t.co/GIJyeYqKE0 and I'll look into this. ^SG
2249763,655516,"Schade, dass @116316 die Pakete mit @122924 versendet. Nach 3 Tagen versprechen ist mein Paket auf dem Rückweg zu Amazon...",AmazonHelp,,,@655516 Oje :( Hast du dich schon im Kundenservice gemeldet? https://t.co/YuPK6dhEDG ^AV
652186,275085,@115833 can you explain why my Echo no longer recognises playlists in my library?,AmazonHelp,,,@275085 That's rather odd! Please give us a ring here: https://t.co/JzP7hlA23B so we can take a look into this with you! ^TR
1929376,421448,@137605 Captura de ahora mismo @AmazonHelp @116928 mi paquete lleva en una furgoneta desde ayer por la mañana https://t.co/s6WFgG5ARM,AmazonHelp,,1288884,"@421448 Arturo, completa tus dados aquí https://t.co/yUdBaXIHo2 y Soporte al Cliente entrará en contacto contigo por teléfono. ^DA"
175420,157198,"@AmazonHelp Ya me resolvieron, agradezco la atención, por eso son los 👑 reyes.",AmazonHelp,,175419,"@157198 Estamos para servirte, Juan. ¡Linda Noche! ^LC"
2515902,716701,@AmazonHelp Banco do Brasil?,AmazonHelp,,2515901,"@716701 Jose, poderia nos confirmar, você recebeu algum e-mail informando sobre algum incoveniente com o seu cartão? ^HC"
379854,206114,"@AmazonHelp Contact ur team 6-7 time..!
There is a problem with ur courier partner #bluedart",AmazonHelp,,379853,@206114 Apologies for the hassle. Please drop in your details here: https://t.co/GIJyeYqKE0.  We will sort this for you. ^SB
519754,239948,What’s the point of having a Prime membership if @115821 delivers your stuff late? 🙄,AmazonHelp,,,@239948 Oh no! I'm sorry for the frustration! Have we missed your original delivery date given in your confirmation e-mail? ^AR
1751610,527746,@AmazonHelp C'est la seconde reclamation en moins de 2 mois ca commence à me les briser,AmazonHelp,,1751608,"@527746 Je vois que vous avez initié une conversation en DM, souhaitez-vous continuer en privé ? ^MA"
2721788,763643,"@AmazonHelp Hi no I haven't been sent any emails from you, but I have read that some people who brought a specific ticket with seat number etc, were disappointed that nearer the time of concert the seat number and location had been changed. This won't be the case with us will it?",AmazonHelp,,2721787,"@763643 You will be notified about any changes made to your order. If you would like more information, please use the contact us link found here:https://t.co/eb91or9q9l for further assistance. ^AP"
458892,223980,@115821 bro what's going on? This NEVER happens. The only reason I bought it from prime is because I needed it yesterday 🤦🏻‍♀️🤦🏻‍♀️🤦🏻‍♀️🙄 https://t.co/hbY180HZWZ,AmazonHelp,,,"@223980 I am so sorry your package was delay! These things don't normally happen, let us know if you don't receive it by 8pm on December 4th. ^LS"
2468639,706266,@115850 I was trying to contact delivery guy since morning and after cabcelation also but no one received the call? Customer support went worst :(,AmazonHelp,,2468641,@706266 That's unusual. Did you happen to report this to our support team ? ^MN
1204916,403019,@AmazonHelp @AmazonHelp non vendeur tiers : style3,AmazonHelp,,1204921,@403019 Avez-vous contacté le vendeur tiers à ce sujet s'il vous plait? ^SA
1366075,438017,"@AmazonHelp I don't know as they are presents. I also was meant to have another few packages delivered yesterday, as I clicked same day delivery, but have heard nothing about them.",AmazonHelp,,1366076,@438017 What's the current status on the tracking?^CN
2212013,646515,I #Challenge people at the @115821 head office to translate this.. apparently it's #English! 😳😳#WTFAmazon @115833 #IWantMyMoneyBack https://t.co/mn6SMIuspZ,AmazonHelp,,,@646515 We are working on the programming to fix these issues. Appreciate your patience while we work on this.  ^EM
164856,154211,@AmazonHelp It was  for the 21st of November @AmazonHelp,AmazonHelp,,164857,"@154211 I'm sorry for the trouble you have had in getting this order delivered, have you reported this to our support team here: https://t.co/vlvfJr4nN9? We'll be glad to fix this. ^MJ"
494963,233037,"@AmazonHelp En fait, je me demandais si c'est normal que ma commande n'est pas été expédiée depuis malgré que son statut est marquée ""Expédié""? '~'",AmazonHelp,,494962,@233037 Je suis navrée d'apprendre cela. L'avez-vous signalé à notre SAV s'il vous plaît? ^SA
1719632,520543,"@AmazonHelp Yes, I contacted.  I know return option is v easy. My concern is more about the overall experience with Amazon, It was painfull..",AmazonHelp,,1719630,@520543 Sorry to hear that Shailendra- What were you advised when you contacted directly? ^NV
1124615,374343,"@AmazonHelp Soit en Jap soit en anglais au choix ! :p 
Aluminum License Plate Frame/License Frame
アルミナンバーフレーム/ライセンスフレーム カラーフレーム",AmazonHelp,,1124617,"@374343 Malheureusement, cet article n’est pas éligible pour une livraison à l’international RI"
1049425,368030,@115850 Komparify new user 25% Cashback offer over?,AmazonHelp,,,@368030 https://t.co/r8OjOjMdND and we'll look into this for you. (2/2) ^VM
990712,172598,"@AmazonHelp here screenshot of my email inbox,, nothing there @115850 https://t.co/fME6zQo96a",AmazonHelp,,990711,@172598 We apologize for the trail. Please share your details with us here: https://t.co/GIJyeYqKE0. We'll get in touch shortly. ^CB
2748306,769533,@AmazonHelp I know that but if the skill is no longer available but still in my list of skills i can’t see how to delete it. There is no disable option,AmazonHelp,,2748307,"@769533 I understand. Just to verify, which one of our Amazon sites was the Echo device purchased on? (https://t.co/hSs9w9f1pF, https://t.co/5ol5X6rY2M, etc.) ^JM"
1358075,436627,"I wouldn’t pay for 2-day shipping if I wanted 3, 4, maybe 5-day shipping @115821",AmazonHelp,,,@436627 I'm sorry for the frustration! Have we missed the intended delivery date of your order? ^AC
922218,338925,@AmazonHelp Thank you!,AmazonHelp,,922217,@338925 You're welcome! Please let us know if there's anything else we can do to help! ^SB
780288,306300,"そしてAmazonから配送完了になっている注文した物が全く届いていない謎…
買物に出かけたい…",AmazonHelp,,,@306300 リプライ失礼いたします。メール便でのお届けの場合、ポスト投函で配達完了となる場合もございます。確認いただいても商品が無い場合、状況をお調べしますのでURLよりカスタマーサービスにお問い合わせください https://t.co/J6YEizo6qC HM
585646,258276,@AmazonHelp Thanks for relying. It says it's still in Philly. It's been there since yesterday. The delivery is now scheduled from Dec. 3-5. I may have to call customer service to push back my delivery. I need to be home to receive those packages 😕,AmazonHelp,,585645,"@258276 I'm sorry for the trouble with your order! I'd like to have a member of my team look into this with you, if you'll please provide us as much additional information as possible here: https://t.co/qXZfjGTF3X. ^TG"
569155,253561,@AmazonHelp Your representative just told me to wait. This is the second time in 2 weeks that intelcom loses my package...,AmazonHelp,,569154,"@253561 Were you provided any other insight or options regarding this matter? Please let us know, we'd like to help! ^JY"
2733997,766294,@AmazonHelp Already replied.,AmazonHelp,,2733996,@766294 Thanks for writing back to us. We are working on your order and will get it delivered at the earliest. Your patience is much appreciated. ^CB
428597,216941,@115850 ordered LED light with 2 roll of 50 meter each as written in description but received only one roll of 50 meter yellow https://t.co/Ar7f0dLhjp,AmazonHelp,,,@216941 here: https://t.co/3yqvLnyTxi selecting the appropriate reason and we'll have this reviewed internally. (2/2)^YP
1731546,393065,"@AmazonHelp got incomplete guitar kit, please suggest do not want to return/refund",AmazonHelp,,,@393065 I'm terribly sorry for this situation. Have you reported this to our support team here: https://t.co/vlvfJr4nN9 ?. ^MP
1860161,556090,@AmazonHelp My account is and has always been in Germany. I’ve never lived anywhere else.,AmazonHelp,,1860160,@556090 In this case please contact our customer service. We have no insight into your account via twitter. My colleagues are pleased to assist you: https://t.co/MBAcWSvzBH Regards ^DS
725273,172146,@AmazonHelp Order placing 4m non-prime acc prompt 2 prime 2 get nxt day dlvry. bt order placing 4m prime acc never offer nxt day delivery.😂😂,AmazonHelp,,,@172146 availability of the item and the pincode. (2/2) ^GK
1211682,404394,@AmazonHelp Yes @AmazonHelp  already done,AmazonHelp,,1211681,@404394 Thanks for submitting your details. Our team will contact you at the earliest. ^GD
661417,277596,@AmazonHelp my 4yo bought a bunch of shit on our #kindle that I did not authorize. How do I get that money bqck??,AmazonHelp,,,@277596 I'm sorry to hear about this; please contact our support team directly so we can review your order details with you: https://t.co/hApLpMlfHN ^WM
1688622,481384,"@AmazonHelp En teoría el sábado max aunque el viernes me han dicho que ya lo llevaba el transportista, COMO ACABO DE DECIR.",AmazonHelp,,1688621,@481384 ¿El pedido fue gestionado por Amazon o por un vendedor desde nuestro sitio? ^CR
1218241,405839,@115850 @118702 Buy &amp; Pay at amazon site &amp; forget about ur product becz here have no costumer solution proper like my 1__credit_card__,AmazonHelp,,,@405839 Please fill this form: https://t.co/beaaDm0muc and I’ll contact you soon. (2/2) ^RI
2290506,665261,@AmazonHelp Not too often. I do like the selection of Prime Video but I still watch more on Netflix and Hulu so I'm in the habit of staying on them even though Prime has great stuff that they don't.,AmazonHelp,,2290505,@665261 There's definitely some good stuff - see here if there's anything your interested in: https://t.co/aOdJBKiPVm  ^TD
1315505,427325,@AmazonHelp Yes you have missed the date.,AmazonHelp,,1315504,@427325 Thanks for confirming. Have we provided you with an update for the parcel ? ^CR
536554,244323,@AmazonHelp details have been filled.,AmazonHelp,,536553,@244323 Thank you for sharing your details. We'll get in touch with you earliest. ^BV
462512,224918,Amazonプライム会員の力、遺憾無く発揮させていただいてる https://t.co/1A7oeNVNgs,AmazonHelp,,,"@224918 お楽しみいただけて何よりです(*&gt;ω&lt;)
これからもAmazonプライムをよろしくお願いします☺　MH https://t.co/DnufUGY5zp"
2171115,121898,"@115821 @115850 10 second and Redmi 4a is out of stock 
How ?
Is there any glitch in it?
#amazon #redmi4a #amazon",AmazonHelp,,,"@121898 Since there was a huge demand and limited quantity, the deals may have been claimed immediately.^HR"
2371314,684230,@AmazonHelp Unfortunately #lakecharlesusps gives the same answer. Out for delivery. No telling when I will get my order since it is after 8pm.,AmazonHelp,,2371313,"@684230 We'd love to look into this for you, and submit feedback on the carrier! Please reach out to us via that like provided above! ^AR"
67514,131418,"@AmazonHelp Sure thanks.

Hope @115821 @115850  have reach in atleast the capital city (""Delhi"") of India for which my request is under process and taking this much time for an order replacement.",AmazonHelp,,67513,@131418 We value your time and we'll get this done at the earliest. ^MN
1260175,415256,Fantastic when @AmazonHelp decide leave 3 pckgs at a random neighbour but dont leave a note. Only found out through the app where they were,AmazonHelp,,,@415256 Sorry for this mishap. I am glad to see you have located the parcels. Do contact us if there is anything we can do to help ^CR
206860,164987,@AmazonHelp I've done all those things - it's not anywhere!,AmazonHelp,,206861,@164987 Please let us know if you haven't received the order within 36 hours. ^GG
1212668,266920,@AmazonHelp may i DM you my order no. ? as the it is by Amazon transportation services .. so i don't have any Contact no. to courier,AmazonHelp,,1212670,@266920 I'm afraid we'll not be able to access details via Twitter. Kindly connect with us via  https://t.co/vlvfJr4nN9 ^SG
622428,208981,"I purchased kindle paperwhite in the Aug sale, I saw this offer now on amazon about the protection plan, it seems to come in bundle with the device, can i purchase this plan now ? @115850 @AmazonHelp @137341 https://t.co/247hDlU3mN",AmazonHelp,,,"@208981 I understand your concern regarding the recently bought Kindle, please contact us here: https://t.co/1827zgjucg so that we can assist you accordingly. ^SU"
65649,131026,@AmazonHelp @131027 I called amzoncall center there staff are misbehaving and cutting the call.please let me know i will get my money or not .@115851,AmazonHelp,,65650,@131026 Could you please fill in your details again in the link sent by my colleague 'SP' here: https://t.co/zwyh591SYI ? (2/2)^KH
2528861,720000,@AmazonHelp リプありがとうございます。開封しないとわからない不良なので仕方ないと思います。今日返品させて頂きました。,AmazonHelp,,2528860,@720000 大変お手数をおかけしました。また、お気遣いいただきありがとうございます。今後ともどうぞよろしくお願いいたします。 EK
381407,206450,Bad delivery @115830 why is my parcel covered in curry! This is not great and I'm seriously unimpressed! https://t.co/QCiiNwBJ8F,AmazonHelp,,,@206450 Ew! I'm sorry about this. Is the item itself okay? ^PK
675231,281037,Does @115850 celebrate thanks giving in India?,AmazonHelp,,,"@281037 We never intend to let you down. While we don't celebrate ' Thanksgiving ' in India, you can check for our upcoming deals on Black Friday on our web page. Hope that will make up for it ^CB"
852755,322579,@23125 @115821 @115817 There is not going to be anyone here to receive it I might as will just return it back. I waited a whole week for this,AmazonHelp,,852756,"@322579 I'm sorry that we didn't get your order to you, Olisa! Have you contacted the carrier for options? If so, what was advised?^FR"
2320478,672512,@AmazonHelp No resolution from your side. Very bad sevice @115850 @AmazonHelp @7092,AmazonHelp,,2320476,"@672512 Sorry to hear that, please respond to the email correspondence from our team and we'll assist you accordingly. ^SU"
133912,146167,@AmazonHelp NoCost Emi is not available during checkout. Disappointed 😞,AmazonHelp,,133913,"@146167 No Cost EMI is available for specific tenures on select products, sold by participating sellers. You may refer to the link here: https://t.co/KcSbMgxRgY for more info. ^GK"
349615,199197,@115850 why ur service falls so much? no changes in delivery status even after 30 hours! Still waiting for the delivery,AmazonHelp,,,@199197 I understand your concern regarding the order. Could you kindly let us know about the estimated delivery date of the order? ^AP
2986018,823351,@122924 @AmazonHelp Das Teil ist bei euch angekommen. Damit hat Amazon ja nichts zu tun. Ihr habt den Schaden. Ihr habt zu Ersetzen!,AmazonHelp,,2986019,"@823351 Hey Stefan, schade, dass dein Paket nicht angekommen ist. Melde dich doch mal bitte bei meinen Kollegen vom Kundenservice, diese werden bestimmt weiterhelfen. Du kannst sie hier erreichen: https://t.co/ohyvGrpvrY ^AM"
2306218,669064,@AmazonHelp Nope. Inbox is a ghost town,AmazonHelp,,2306217,@669064 Uh oh! We'd like to discuss this in real time. Would you mind reaching out via phone or chat here: https://t.co/jzvkhdlrK5 ^BL
244944,174158,@115850 when will be Alexa app available on apple app store india?,AmazonHelp,,,"@174158 I'm afraid, we currently do not have any information on that. Please stay tuned for more details. ^JC"
2668723,739224,@AmazonHelp I can’t as my account has been hack,AmazonHelp,,2668727,@739224 You can contact us via the link sent previously without signing in to your account. ^JJ
2600884,736197,"ポストまだ確認してないんだけど、ウルトラサン届いたのかなぁ？いちおう首都圏だからそれほど大きく遅れることはないはずだけども。
Amazonは発売日にゲームが届かなかった例もあるようだし、正直それほど期待はしてないんだけど…💦（発売日に始めたいとかでなく確実に物が欲しかったから予約した）",AmazonHelp,,2600886,@736197 アマゾンです。配送状況はアカウントサービスよりご確認いただけます。お届け予定日内にお届けできるように努めておりますので、どうぞよろしくお願いいたします。ET
2446274,701308,"@AmazonHelp You didn't, but I've never heard of the carrier you used (ONTRAC) and it didn't come with the day's mail. I'm just unfamiliar with them, so I'm not sure when to expect it, I guess...",AmazonHelp,,2446276,"@701308 I can understand your concern. Ontrac is one of the carriers we've partnered up with to deliver packages to you in addition to UPS, USPS, Fedex, etc. You will not find your item in your mailbox.  Ontrac will deliver to your door.  I hope this helps. ^SY"
2602908,736610,@115830 None.  Spoke to them via Amazon assistant Friday night.  Was told it was being escalated to a manager for urgent review and they would contact us again by email with next steps that night.  No response since.,AmazonHelp,,2602909,"@736610 Thank you for sharing with us, Teresa. We're here to help in any way we can. Which courier service was the driver delivering for? Please let us know. ^FD"
644060,272885,@AmazonHelp I have placed order with delivery address of Mumbai then why my parcel delivered in Patna??,AmazonHelp,,644061,"@272885 We understand your concern, Pravin. Apologies for any inconvenience. Please reply to the email and we'll assist further. ^SV"
226371,170037,"Hey @115850 
I've requested for an invitation for Amazon Echo! By when can I expect that invitation and will I surely get that?",AmazonHelp,,,"@170037 If you have requested an invite, we will honor your request and send you an invite. Due to heavy demand, we send 1/2 ^PS"
1844235,552531,I sure hope @115830 blesses this package with a speedy delivery. Very excited to play @205230 https://t.co/D6ydAEXTIL,AmazonHelp,,,@552531 Happy gaming! ^BM
89148,151170,@117086 alô Amazon me ajuda,AmazonHelp,,89146,"@151170 Olá, como podemos lhe ajudar? ^AZ"
233095,171483,"Getting very frustrated with @115821 and their AMNZ delivery service. Never delivers same day, lost packages, just worthless. @AmazonHelp",AmazonHelp,,,"@171483 Oh no, sorry to hear that, were you given reasons for the delay? ^AS"
274599,181602,@115830 I'm having trouble registering on your site. Can I dm you?,AmazonHelp,,,@181602 Hi Esra- Yup sure you can DM us if that suits better? ^NV
559883,250924,@115821 no it never #nodelivery #badservice #wheresmyparcel https://t.co/tkboOclkuT,AmazonHelp,,,"@250924 I'm very sorry that your package hasn't made it!  It was due to be delivered on 3 December, correct?  Thank you! ^WB"
2616340,229046,"@AmazonHelp It didn’t look damaged and I’m sure I used the correct code. This was last month and life has been busy so I’ve only just got round to contacting you, sorry 😟",AmazonHelp,,2616339,"@229046 Hi, Kim! Thanks for that information. No worries, we're always here to help! I have forwarded your post to our Amazon Locker Escalations Team so they can further investigate this issue. ^RB"
2424506,696250,@115850 ..15 November announment winner ..but today is 15 November  nothing winner announcement what happen,AmazonHelp,,,@696250 Could you please confirm to which contest you are referring to? ^MK
2159251,634241,@AmazonHelp I have cancelled my order! Thank you for spoiling a birthday surprise!,AmazonHelp,,2159250,@634241 Certainly not the kind of experience we'd want you to have. I'll be sure to pass this incident as feedback to our team internally. ^MO
2853628,185328,i see @115830 are over packing still..brought 1 umbrella sent in an oversized box and lots of paper https://t.co/JA2wJ4eqk5,AmazonHelp,,,@185328 We'd be happy to take your packaging feedback here: https://t.co/ruTZCG61Ku to improve on future orders. ^MT
608092,264530,"@AmazonHelp Ms Dijal is saying that pickup guy never come on given slot.. and she can not escalate the issue..as it happens every time and I shud wait more..
WHY THIS KIND OF SERVICE?",AmazonHelp,,608091,@264530 That's really not what we want to face. We'd like to take a closer look at the issue. Kindly drop your details here: https://t.co/GIJyeYqKE0 for further assistance. ^PJ
2840135,790363,@AmazonHelp This is what I got today.  Not sure what the status is.  :( https://t.co/lOgampEJEp,AmazonHelp,,2840136,"@790363 Hello, I am sorry to see that. You can reach out us here: https://t.co/hApLpMlfHN and an agent can look into this further. ^HS"
873738,249367,"@AmazonHelp I have done that, nearly 10 times recently, to no avail.   Can you actually help!?",AmazonHelp,,873756,"@249367 When reaching out to us, what options or information were we able to provide? Please let us know! ^KJ"
2273237,484666,"@AmazonHelp Merci, je viens de voir qu’il a bien été livré chez vous : 8R25349668889.",AmazonHelp,,2273236,@484666 Je sui ravie d'apprendre cela. ^BR
2355185,661265,@115850 171-7088954-6760329 still I've not received my mobile,AmazonHelp,,,"@661265 My apologies for teh delay in delivery, Ajay. Please reach out to us via: https://t.co/0lXOd9FLOV and we will have this checked. 

Please don't provide your order details, we consider it personal information. Our Twitter page is visible to public. ^KS"
845261,320916,@AmazonHelp This page does not give a phone number. I used it on 15/9 to make the original complaint.,AmazonHelp,,845260,@320916 Sorry to hear this - is the issue with a delivery of an order ? ^TD
147328,149471,Dear @115821 I think it’s bad business to attempt a delivery at 5:40am as these aren’t business hours. Then saying it won’t be delivers until Tue 11/28?!? WTH,AmazonHelp,,,"@149471 Hello, I am sorry to hear about the delivery attempt taking place at that time. Do reach out to us if the parcel is not with you by the date provided. ^CR"
280982,182953,@AmazonHelp Out of curiosity what does ^GU stand for or any of these in your tweets ^GK ^ RD etc,AmazonHelp,,280980,@182953 Those our are Twitter signatures. The serial numbers our robotics department gave us are too long 😜 ^MS
2960569,817071,*Can someone please rescue me from Supervisor Alex V @115821 She has no idea what she’s doing and is too proud to ask for help.🙄,AmazonHelp,,,@817071 We want to make sure you receive the help you need. Please keep us posted on the outcome of your call. ^RA
2836878,789592,"@AmazonHelp Non, je n'ai eu droit à aucun mail, rien du tout ☹️
Je voulais voir où en était ma commande et elle se trouvait désormais dans : commande annulée. Je ne sais même pas pourquoi c'est le cas !",AmazonHelp,,2836877,"@789592 Avez-vous contacté notre SAV pour vérifier ce qu'il en est?
^MD"
2881854,157915,@AmazonHelp The vendors were 'Findmeagift' &amp; 'MSC Superstore' I can give you order number details etc via dm. I would also like to discuss how to change an existing order to be delivered to a collection point rather than my house.,AmazonHelp,,2881853,"@157915 Hi, this sounds like it was sold by a seller so may not be able to be re-delivered.  We don't have access to your orders over Twitter so please contact us here so we can look into this further for you  https://t.co/JzP7hlA23B ^KK"
2884207,388695,@AmazonHelp Sir i can't report,AmazonHelp,,2884206,"@388695 Oh, why can you not report? ^KK"
483860,230100,So a product has reviews and pictures for a different product... but @115830  won't remove it. I bought based on reviews as the item detail was pants. So basically it's false advertising. I sent you links to two reviews both for a different model.. here's the response.. https://t.co/7hqSmkpIXo,AmazonHelp,,,@230100 Thanks for letting us know. We'd like another chance to look into this. Please contact us via phone or chat for real-time help: https://t.co/JzP7hlA23B ^LI
1780035,251606,"The customer service associates at @115821 are a bunch of liars. I used to think they had good customer service, but not anymore!",AmazonHelp,,,"@251606 This isn't what we like to hear, Heather! Without giving any personal info, will you tell us more about what's going on? ^HC"
1273453,415447,@115850 Ordered a Moto G5 S+ ten days ago but it was never delivered cause it was broken while shipping as per what customer care told me.,AmazonHelp,,,"@415447 We cross-checked, it worked. Kindly use a laptop/desktop to access the link. Keep us posted. ^CB"
122800,126225,"Although, as is typical when ordering something from @117795, the book has a number of small blemishes. Not good when it's for a collection! Stop using paper bags to deliver things, please.",AmazonHelp,,,@126225 I'm sorry your book arrived with some damage. Was it shipped by Amazon or a third-party seller as seen here: https://t.co/Y5jpI9gRhE? ^JM
2762696,772879,"per la cronaca, un pacchetto spedito il 15/11 da Roma per Padova via @300933 per conto di @120540 (riparazione in garanzia) risulta oggi ancora in transito a Piacenza, il numero verde di Poste mi dice che non mi può dare informazioni.",AmazonHelp,,,@772879 Lo hai già segnalato al nostro Servizio Clienti? ^FS
1073744,371737,@AmazonHelp There is no update. It seems amazon is a biggest cheat company.. its a fraud company ...,AmazonHelp,,1073743,"@371737 If you're unable to find any update from Social Media team, please fill in the form again here: https://t.co/GIJyeYqKE0. ^VN"
115905,141802,"@AmazonHelp The latest tracking info proves the delivery company failed to deliver on the stated date and the lied about attempting delivery today, probably due to running late. Parcel was required urgently and now 2 days late! What info do you require? The tracking id?",AmazonHelp,,115904,@141802 I'm so sorry for the trouble with your delivery! We'd like to speak with you via phone or chat to take your carrier feedback. Please reach out to us here: https://t.co/JzP7hlA23B. ^DG
2873351,797737,Just spent $60 on Christmas movies from @115821. 🎄🎁📺🍿 #noregrets https://t.co/uJE3X0dVod,AmazonHelp,,,@797737 What's the difference between the Christmas alphabet and the normal alphabet? The Christmas alphabet has Noel. We hope you enjoy all of your Christmas movies! ^LS
2602863,619816,@AmazonHelp P.s. I have emailed but wanted to know if there was a live chat option too,AmazonHelp,,2602862,"@619816 Yes, you can reach us via live chat here:  https://t.co/JzP7hlA23B ^SW"
1482889,464334,@115850 I don't understand why would the package be going Sonipat from Gurgaon when the delivery destination is Delhi. Seems to be error https://t.co/lzOsOirsJG,AmazonHelp,,,"@464334 That's odd. We'd like to check the order delivery, kindly connect with us here: https://t.co/HQhpS2qeEd. ^PS"
1133009,386988,@AmazonHelp Yes. It's shipped - Tracking details below... https://t.co/akNCIz5Fbh,AmazonHelp,,1133008,"@386988 tracking number assigned &amp; who the carrier is. If you could let us know, we'll be able to provide the best help! ^KN 2/2"
2774163,775312,I think you need to rethink your #packaging @115830. This seems a little excessive https://t.co/oqIY8Pzx0d,AmazonHelp,,,"@775312 Thanks for the feedback Beth, you can raise this with us directly and help us tackle this issue by using the following link https://t.co/lSVN3kb44b. ^SM"
523460,240956,My @115821 package has been “Out for Delivery” on a @115817 truck since Thursday morning.  Now it’s delayed again until Monday. Not sure why they would load it onto a truck two days in a row and not actually bring it to me.,AmazonHelp,,,"@240956 We definitely understand the frustration! Let's take a look into this in real-time. When you have a free moment, please reach out to us here: https://t.co/hApLpM3Ejd ^HM"
1666520,161011,@AmazonHelp Is there a way I can set up some recurring reminder on Google calendar and make Alexa pick it up?,AmazonHelp,,1666519,"@161011 I get your concern. However, we do not have any such feature as of now. Please stay tuned for new updates and features. ^KH"
226122,169983,@115821 @AmazonHelp i didnt recieve my product but i got msg what the hell is this? https://t.co/EBvGpy5jO9,AmazonHelp,,,@169983 That's unusual. Have your checked with your family members or neighbors who might have collected the product? ^AP
183473,159148,@AmazonHelp USPS,AmazonHelp,,183474,"@159148 I'm sorry to hear that, contact us here:  https://t.co/hApLpMlfHN we'd like to help ^AS"
73577,132118,@115850 worst seller performance service.,AmazonHelp,,,@132118 I get you being upset. We've responded to your concern here: https://t.co/Z8LWAZmtLe. We request you to check and do the needful. ^HS
1875593,263195,@117634 I am FURIOUS. This is my ONLY opportunity to make any money from my writing this year and it's only available on ebook. What do I do?,AmazonHelp,,1875594,"@263195 Hi, sorry to hear that, have you been in touch with your publisher? ^AS"
1164622,393952,@AmazonHelp I’ve had to cancel and re-order to different address as I’m not home tomorrow. Will be waiting until at least Thurs now.,AmazonHelp,,1164623,@393952 I understand your frustration. Please keep us posted on the arrival of your order. We want to ensure it arrives. ^GM
468817,203596,@AmazonHelp  I am not able to view or edit my cart.  I just get an “Oops” message.  I emailed for help and received no response (even an automated one) yet.,AmazonHelp,,,"@203596 Hi Jennifer! I'm sorry for the shopping cart issues you're having. As a troubleshooting measure, would you clear the cache and cookies on your device and try again? Please let us know if this solves the problem. We're here to help any way we can.  ^SE"
2069828,612118,"@AmazonHelp Yeah, make it so I can buy pantry items individually. No reason for this to be pantry only. https://t.co/TlXZE5fAEG",AmazonHelp,,2069827,@612118 We'd appreciate your feedback on this here: https://t.co/qXEHIrXffo ^RR
1610007,488002,Day 6: @115850 package returned 6 days back still shows up as delivered. No refund in sight even now #amazonfail #epicfail #amazonpay https://t.co/i0MkdTQn2L,AmazonHelp,,,"@488002 If you've shared the details, you'll receive a correspondence from our team. Kindly find it here: https://t.co/ubzNHWZvL2 ^SG"
2915824,807096,え、アマゾンプライムってアニメと映画も見れんの、知らんかったわ,AmazonHelp,,,"@807096 |・ω・*) ｿｰ
おはようございます。Amazonです。動画以外にも音楽聴き放題ですとか、写真データを容量無制限で保存できるクラウドサービスですとか実は特典満載なのご利用いただけたら嬉しいです！
特典一覧→https://t.co/18sq88YJaI SK"
777599,305637,@AmazonHelp Done,AmazonHelp,,777598,@305637 Thanks for sharing your details. We'll get in touch with you soon. ^AK
159522,152723,@AmazonHelp https://t.co/zIvO1WhUMh,AmazonHelp,,159523,@152723 Have you checked your e-mail for anything from us? Be sure to check your Spam/Junks folders to make sure it wasn't filtered! ^TR
539740,245182,"@AmazonHelp Sonntag Nacht könnte man scheinbar spontan anrufen, Dienstag Nachmittag muss ich erst wieder das gleiche Formular ausfüllen, dass mir schon beim ersten mal statt einem angekündigten Anruf dann doch nur die oben genannte idiotische E-Mail eingebracht hat...? Tolles Spiel, Amazon.",AmazonHelp,,539741,"@245182 Wie gesagt, unser Angebot steht. ^AW"
2894579,802191,"@AmazonHelp Commandé
19 nov.
Expédition prévue
4 déc.

Et je dois le recevoir le 5",AmazonHelp,,2894577,@802191 L'avez-vous signalé à notre SAV afin qu'il prenne les mesures nécessaires?^FT
844105,333162,@117086 Quando começa vende de eletroportáteis?,AmazonHelp,,844097,@333162 2/2 as opções de compra” na página de detalhes do produto. ^VM
984209,353322,@AmazonHelp ありがとうございます。,AmazonHelp,,984208,@353322 ご不明点があれば、ご遠慮なくお知らせくださいませ。TY
2459164,704274,"@AmazonHelp Scratch that... I wanted just a steaming app for my Amazon prime videos. How about just make it like Netflix, Hulu, crackle, YouTube, TED, etc? I can't just hit the screen button on the top of the app and connect to my smart TV and just play it? There is a million dollar idea...",AmazonHelp,,2459160,"@704274 Hi Ian, you mentioned you have a smart TV, have you checked to see if the Papp is available for your TV?  For more info on how to get Prime video for different devices, please click: https://t.co/o30tkIO6ol. Let us know how you get on ^BZ"
585810,245837,@AmazonHelp email __email__ customer care is not replying to support emails from.last 2 days,AmazonHelp,,,"@245837 Apologies for the delay. Kindly fill in your details here: https://t.co/beaaDm0muc and we’ll contact you soon.
Please don't provide your order details, we consider it to be personal information. Our page is visible to the public. ^MN"
1733868,523619,@AmazonHelp what’s also annoying is that I didn’t get notifications ab the delays the past 3 times. At least credit my account or something.,AmazonHelp,,,"@523619 I'm sorry for the poor delivery experience, Brooke! Just to clarify, are you noticing this delay with specific carriers? ^AL"
2956047,815979,@115830 you are disgrace sending customers emails that your package will be delivered then not delivering the package...shocking #BoycotAmazon,AmazonHelp,,,"@815979 I'm sorry! Please give us another chance to assist via chat or phone here: https://t.co/JzP7hlA23B

Please keep us updated! We want to ensure this is addresed. ^WT"
2910420,805714,So @115830 have delivered my parcel to a house that doesn't even exist....cheers 👍🏼,AmazonHelp,,,"@805714 I'm so sorry for the mix up, Rebecca! We'd like to make sure this is taken care of! Please reach out to us via phone or chat here: https://t.co/JzP7hlA23B ^AR"
1628580,447301,@AmazonHelp Avisen cuando lo abran a tv philips o Roku,AmazonHelp,,1628579,@447301 Cualquier novedad será anunciada directamente en nuestro sitio y redes sociales. ¡Sigue atento! ^CR
260823,178097,"@AmazonHelp This delivery still hasn't arrived, four days after it was ""arriving today.""",AmazonHelp,,260822,"@178097 I'm sorry you haven't received your order. We'd like to go over your options, please contact us: https://t.co/JzP7hlA23B ^CO"
243174,173746,"@AmazonHelp here it is... there used to be a calculator where it tell the total amount including shipping etc, now it's not there... https://t.co/E2ObOOqtW4",AmazonHelp,,243172,"@173746 Hey, could this have been an ""Add on"" or ""Extension"" on your browser that calculated the shipping for you? ^FR"
2965220,818090,@AmazonHelp I have experienced it with UPS &amp; today with AMZL US.,AmazonHelp,,2965221,"@818090 We'd love to further assist, Marissa, so the next step is for you to contact us directly so we can get more information to our AMZL team. Please give us a call or chat through the following link, and we'll get you sorted promptly!  https://t.co/hApLpMlfHN ^JD"
2128980,626719,@117795 @AmazonHelp why are you charging a £3.99 fee for the deliveries now? What is the point of having an Amazon Prime account then? 😡,AmazonHelp,,,@626719 I'm sorry! Was the item shipped from and sold by Amazon or a third-party seller? Please check here: https://t.co/ijxJ9jCwr9 ^AC
685782,283699,@AmazonHelp Sent,AmazonHelp,,685781,"@283699 Thank you for sharing the details, Yogesh. We'll check and get back to you with an update soon. ^MK"
697947,286498,very poor service @115850. not delivering me order without any reason. Chasing them for last 4 days but no response. #bycottamazon,AmazonHelp,,,"@286498 Sorry about the delivery. We'd like to investigate this further, please share your details here: https://t.co/cQVomR1pWz. ^HA"
2889335,801091,Parabéns à @117086 ! Comprei produtos na sexta-feira (24/11) e na segunda (27/11) já tinha chegado tudo! Assim que fideliza o cliente! 😀,AmazonHelp,,,@801091 Beleza João 👏. O que comprou 👀 ? ^MB
1965691,582657,@115850 Status was out for delivery till 10PM. Now it shows I was unreachable. Order no: 402-8755242-1281924. Totally false information. https://t.co/VSbspx8Ljt,AmazonHelp,,,"@582657 Please don’t provide the order details, we consider it to be personal info. Our Twitter page is visible to public. 2/2 ^MA"
1384275,442142,@AmazonHelp UK order for SMO is it actually going to arrive today or I'm just going to cancel it. Ordered Thursday. Prime member. https://t.co/uaU3mxEb1s,AmazonHelp,,,@442142 The order should arrive today. Please keep us posted. ^CR
1904080,567433,@AmazonHelp お金返してください,AmazonHelp,,1904081,@567433 恐れ入りますが、Twitter上では個々の注文について確認することができません。恐れ入りますが、先ほどご案内したリンクよりお問い合わせください。なお、誤って注文したビデオはキャンセルすることが可能です。https://t.co/beDvnLLjnW TN
780579,306375,@AmazonHelp And u believe me to trust that? Lol! When u guys can't take liability of ur own mistakes it shows what u guys are really..,AmazonHelp,,780578,@306375 I get your disappointment. We'll be sure to work on ti. ^SG
560569,251146,"@AmazonHelp Ich habe gerade nochmals mit einem Kollegen telefoniert… leider selbes Ergebnis.
Da ich jetzt dann Mo-Mi nicht da bin, wird die Ware wohl eh an euch geleitet… 
Nicht wirklich schlimm, jedoch sollte man dem Lieferdienst echt mal die Meinung geigen !!!
Mach ich auch gern selbst",AmazonHelp,,560567,"@251146 Ich kann gut nachvollziehen dass du verärgert bist. Vielen Dank, dass du die Kollegen noch einmal darüber informiert hast, so können diese eine Beschwerde an den Zusteller weiterleiten. ^SI"
2361841,371723,@AmazonHelp Is there anyway to cancel it because the place they told me to pick it is never open when im available,AmazonHelp,,2361840,@371723 I know that has to be frustrating! We want to help. Please call or chat in so we can look at available options on this here: https://t.co/hApLpMlfHN ^SG
2061632,609714,"アマゾンで何も頼んでないのに
不在票入ってるし、T.M.Gってなに。笑
再配達の電話やめたほうがいいやつかな？笑笑 https://t.co/p2EaoDvnqo",AmazonHelp,,,@609714 お心当たりのないお荷物が届いた場合、他のお客様が贈り物として注文された可能性もございます。お問い合わせ伝票番号などの情報をもとにお調べのうえ、適宜対応させていただきます。よろしければこちらよりご連絡ください。https://t.co/J6YEizo6qC HM
2940227,812616,そして友だちにすすめられて、子どもが寝静まった後Amazonプライムでドラマみまくってる。好きな芸能人いるって幸せ♡,AmazonHelp,,,@812616 ご利用ありがとうございます🙇　ごゆっくりお楽しみくださいませΣd(*`･∀･´*)　SM
2937399,811996,"@AmazonHelp I made an order last Thursday for prime next day delivery, and my order is still yet to be delivered???",AmazonHelp,,,@811996 I'm sorry you don't have your order yet! We'd like to help! What does the current tracking show for your order? You can view it here: https://t.co/Y5jpI9gRhE ^TK
332349,195141,@AmazonHelp Look on to this order 403-1620087-8853923. It shows delivered but I didn't received it yet,AmazonHelp,,,"@195141 Please don't provide your details, we consider it personal information. Our Twitter page is visible to public. 2/2 ^HD"
2582453,731870,@AmazonHelp 早々のご回答有難う御座います！後程申請させて頂きます。,AmazonHelp,,2582452,@731870 お手数をおかけいたしますが、何卒よろしくお願いいたします。SK
2786307,777906,"Ce foutage de gueule pour la commande du Elgato je suis passé de "" Livraison 21 novembre avant 20h "" à "" Livraison le 23 décembre.

Je dois taper qui ? @157182 @120533",AmazonHelp,,,"@777906 Bonsoir, comment pourrais-je vous aider?"
144211,151591,@117804 EU COMPREEEEEEEEEEEEEEEEI &lt;3,AmazonHelp,,144209,"@151591 Ebaaa 🤗 Ficamos felizes demais com essa notícia! Assim que receber o seu Kindle, envie uma foto para nós, tá? 😊 ^LG"
2682949,133880,@129773 what’s the difference in these two? Is the one include in Prime the actual movie? https://t.co/xTAwGJ2ki8,AmazonHelp,,,"@133880 Of course! It looks like both of these titles are in-fact, the full movie! Let us know how you like it! ^MH"
1093266,378011,@AmazonHelp Yess... Done,AmazonHelp,,1093261,@378011 Thank you for sharing your details. We shall connect with you soon. ^SH
249882,159034,@AmazonHelp I had responded to ur mail millions of times called ur customer care a million times but of no use you think ur  smart and  make fool of us,AmazonHelp,,249880,"@159034 I'm sorry for the inconvenience, Tushar. Once we receive the details, we'll get in touch with you soon. ^BA"
1442594,454723,"@AmazonHelp Das ist zwar wirklich schade, aber dennoch danke für die schnelle Hilfe. Schönen Abend noch.",AmazonHelp,,1442593,@454723 Danke! Dir auch noch einen schönen Abend 🙂 Gruß ^DS
867416,325964,How come when I’m eligible for #amazon free delivery it’s still charging me I’ve got over £30 and still charging all on standard @115830,AmazonHelp,,,@325964 I'm sorry to hear about these charges. Have you checked the info here to make sure you qualify: https://t.co/XtDxJx6ccS? ^GR
274887,181672,@AmazonHelp ありがとうございます。,AmazonHelp,,274888,"@181672 とんでもないことでございます。
なお、携帯大手3社をご利用の場合には、迷惑メール対策として、申告窓口を設置しています。今後受信しないためにも、各窓口へご申告ください。TY"
800995,310872,"@115850 After 2 Emails, still waiting for reply on my harassment. charged 925 for an item having MRP 695 on it. #Havedgnity #dontbeflpkrt https://t.co/2HY27F0f9G",AmazonHelp,,,@310872 I realize your query about the MRP difference. Kindly go through the link here: https://t.co/6v1ljxzEI0 for details. ^SG
296781,186698,"@AmazonHelp I'm not a business, just an individual, I just don't wanna pay an extra fee. Is there a different protocol for normal people?",AmazonHelp,,296782,@186698 Great question! Visit us here: https://t.co/kIYUQK7Odp for more info and instructions to upload a certificate from your state. ^TK
438880,159049,@AmazonHelp Correction: issue which has not been addressed. #atrociousamazon @118919,AmazonHelp,,438881,@159049 Kindly revert on the email you've received from us here: https://t.co/8DAc10S7ww for further assistance. ^AG
1122302,384705,"@AmazonHelp Finally received an “out for delivery” notification. Not like one item was a (now late) birthday gift or anything... oh, wait... it was :(",AmazonHelp,,1122301,@384705 I'm glad it's out for delivery. I hope you receive it very soon. ^PK
1421313,428738,@AmazonHelp And it still hasn’t be dispatched yet?!?!?!?!?!? https://t.co/9s7dcNzzrU,AmazonHelp,,1421312,@428738 Does it still say it is arriving on release day? There is still time for it to dispatch. ^PK
616978,266387,@AmazonHelp The only discount applied was £5. https://t.co/6SR66M0wJg,AmazonHelp,,616977,"@266387 We'd like a closer look into this! When you have the time, please reach out to us by phone or chat here: https://t.co/JzP7hlA23B ^KJ"
2018635,596987,@121284 Is there a way to listen local FM channels in Echo?,AmazonHelp,,,"@596987 Yes, there is a way. You can say, ""Alexa, play [name of the radio station]"" ^SH"
225016,169757,@AmazonHelp To cancel the order .. is the way customers are treated,AmazonHelp,,225014,"@169757 I'm sorry for the unpleasant experience, kindly share your details here: https://t.co/beaaDm0muc &amp; we'll contact you soon. ^KN"
1223052,406985,@AmazonHelp Elle essai de voit si elle peut scinder la commande en deux et envoyer en express les produits vendus par vous même.,AmazonHelp,,1223050,"@406985 Nous comprenons parfaitement la situation, sachez que c'est grâce à vos remontées que nos services s'améliorent.^FT"
1478861,463412,"@AmazonHelp Haha, it's already out! You could checked and told me that",AmazonHelp,,1478860,@463412 Apologies for the misinformation. You have a great eye. Thank you for writing back to us. ^BV
136239,146701,"@AmazonHelp What's the point in stopping the sale? when you have it in stock?not makes sense even from business POV? I want to buy it. I can't wait.",AmazonHelp,,136238,"@146701 I get your concern. However, the product is only available on flash sale. 
Appreciate your understanding. ^AP"
25942,121661,"Potrei lanciare una start up come ""organizzatore di liste dei desideri di #Amazon"". Sembro un accumulatore seriale di oggetti virtuali. https://t.co/LrNSYdd2TB",AmazonHelp,,,"@121661 La  chiamiamo ""I sogni son desideri""? 😂 ^CS"
841764,320248,"@AmazonHelp Package delivered ripped apart with items missing! Ordered replacement, when will it be dispatched? Order 205-3168272-6917947",AmazonHelp,,,"@320248 I'm so sorry, Sheena! Unfortunately, we can't view your account, but the latest tracking is here: https://t.co/aaDyEz1VgE ^LB"
277818,164991,Let's hope all my @115821 parcels come today. #BetterLateThanNever 😡😡😡,AmazonHelp,,,"@164991 Hi Lou, sorry to hear about the delay. What's the current status of the tracking: https://t.co/aaDyEz1VgE for your orders? ^JJ"
2550288,147602,Hey @115830 when do you plan to let us control Fire TV with our Echo here in London?,AmazonHelp,,,"@147602 I'm sorry, we don't have insight into future availability. Please continue checking our site for updates. ^JF"
2529757,720190,@AmazonHelp it says expected 7th - 17th of October,AmazonHelp,,2529756,"@720190 Thanks for confirming, have you tried contacting the Seller: https://t.co/sGGGPEZlXj? ^JJ"
701441,213588,@115821 yet another same day delivery didn’t happen. This is ridiculous.,AmazonHelp,,,@213588 I'm sorry for the troubles with delivery! We always want you to have a great experience with us. We would like to look into this in real time for you. Please reach us here: https://t.co/JzP7hlA23B. ^AL
2877763,798782,@AmazonHelp Yes i did! Sold by: https://t.co/jKOVm9iYmQ LLC https://t.co/auCyS45v6x,AmazonHelp,,2877762,@798782 Thank you for the information. You can view return options here: https://t.co/ouwacV9oJM. ^DG
651507,274946,@AmazonHelp You'll have just changed the delivery date! What is this nonsense,AmazonHelp,,651506,@274946 shared the required details on the link provided earlier? (2/2)^YP
2814508,784681,メッセージでAmazonを名乗るところから未納金払って下さいという詐欺メールが来た,AmazonHelp,,,"@784681 (*´-`).｡oO(ご存知かと思いますが、当サイトからのご請求ではございませんので、ご連絡されませんように。。。)
また、携帯大手3社をご利用の場合には、迷惑メール対策として、申告窓口を設置しています。今後受信しないためにも、各窓口へご申告ください。TY"
2795408,607009,"@690257 @115821 My notification today didn't include a picture. And, the package wasn't on my porch when I went outside to get it. :(",AmazonHelp,,2795409,"@607009 I'm sorry you haven't received your order yet! We recommend taking a look over these tips: https://t.co/P89dgSTLEx. If you still can't find it, please let us know which carrier is shown under tracking details here: https://t.co/LjFvo9J1qc ^MB"
514639,238500,"""arriving today by 8pm"" my ass amazon its 6 30 and ive YET to see my package",AmazonHelp,,,@238500 I'm sorry for this wait. Please keep us informed of your order's arrival. ^DO
129706,145243,@AmazonHelp Already filled your form nothing happened yet.. I want my money back.. it's so irritating,AmazonHelp,,129705,"@145243 I understand that this trail is tiresome &amp; my sincere apologies for the trouble. A correspondence will be sent in 12 hours once we receive your details, you should have received an email from us. Kindly check here: https://t.co/8DAc10S7ww ^KH"
1308026,140832,"@AmazonHelp It didn't come today it was late supposed to be here the 25th
I gave it a extra day bad first experience with amzl :/",AmazonHelp,,1308029,@140832 Can you please confirm the carrier for this order was Amazon Logistics? ^EZ
2829456,787935,"@AmazonHelp ""Livraison prévue aujourd'hui avant 20h                                          
  Estimation initiale : jeu. 23 nov. """,AmazonHelp,,2829455,@787935 Avez-vous signalé cela à notre service client s'il vous plaît? ^SA
736472,296158,@AmazonHelp Trying to order amazon gift cards (blue box) however have been failed to place it even after trying multiple times. I am in Mumbai!,AmazonHelp,,736471,@296158 Do you see any error on screen? Please tell us more. ^HK
230885,170982,"@AmazonHelp Ok, thanks! I'll try to write my message there.",AmazonHelp,,230884,@170982 Great! Have a nice day! ^AN
2369672,683415,"@AmazonHelp Yes - several times, as you'll see on all my other posts I've also held on for over an hour on one occasion - only to be told it will get escalated and yet it never does and nobody comes back to me! Today I was told to simply email again?? How is this fair?",AmazonHelp,,2369671,@683415 Was info provided as to why the claim was rejected? Were you able to supply proof of delivery? Our Seller Support team would be the best team to answer further queries on this process. ^NV
832370,318244,"@115850 ""Amazon"" experience is degrading by day - unannounced deliveries &amp; on worse days, delivering to whoever they want except customer!",AmazonHelp,,,"@318244 here: https://t.co/beaaDlIL5C, we'll get back to you soon. 2/2^AP"
1604033,492209,@115850 why do u use employ bad courier like Gati? I m not going to travel 6 kms to receive an order tht u need to deliver at my home.,AmazonHelp,,,@492209 We'll look into it. 2/2 ^SB
277270,182231,"As sad as this is @AmazonHelp why are you telling me? I've never tried to buy this, ever! https://t.co/VX90G52tmF",AmazonHelp,,,@182231 That's strange. Did you receive this message by email? ^KM
1773969,533145,"ちなみにBluetooth接続をしようとしてもまったくできる気配がなく、よく調べたらBluetooth対応してない…
Amazonの説明欄にはBluetoothできるっぽい書き方してあったけど、多分上位機種の説明貼ってあるだけなんだろうな、騙された https://t.co/d0Lih6Axz4",AmazonHelp,,,@533145 なお、Amazonマーケットプレイスの出品者が発送する商品の場合は、出品者に直接お問い合わせください。出品者へのお問い合わせ方法はこちらをご参照ください。https://t.co/ZXCXcbN3Tv TN
31828,123026,"If this Francisco Reyes guy even exists, it’d be great to get my @115821 account back. At this point, @115821 has the worst customer service",AmazonHelp,,,"@123026 Hi Laura, have you received any update from an account specialist about your account? ^TS"
18700,120173,@AmazonHelp Do not make us helpless and kindly refund my amount ..,AmazonHelp,,18699,@120173 We've already sent a correspondence to your registered email ID. Please check it and reply us with your concerns. ^SC
919087,312382,@AmazonHelp my package was shipped to wrong address. Requested change via chat last night but the delivery notification still had wrong one,AmazonHelp,,,@312382 I'm sorry you haven't received it yet. Who is the carrier for your order? Check here please: https://t.co/VhFRazTKsK ^MB
2302981,191901,Surely @AmazonHelp delivery Wednesday-Saturday cannot be Prime??,AmazonHelp,,,"@191901 Hey! Are you having issues with an active order? If so, have we missed the delivery promise provided in your order confirmation e-mail? Let us know, we'd be happy to help! ^SK"
2878656,800866,@AmazonHelp I am having trouble,AmazonHelp,,2878652,@800866 Hello! Without posting account information can you tell us more about the issue you're having? We'll be glad to help!^CN
572860,254621,"アマゾンからやっと届いた〜✨✨✨
やるぞぉやるぞぉ(*'ω'*) https://t.co/FS5vNed8aM",AmazonHelp,,,"@254621 |ω・)ﾁﾗｯ
ごゆっくりお楽しみください😊✨ YM"
1331114,127188,. @115850 can save millions of they fucking pack properly. One box had enough space &amp; extra. but still they packed in two. https://t.co/H0wxDzJCXK,AmazonHelp,,,@127188 You can always share your feedback about packaging here : https://t.co/QkD3cnNVEk and our team will look into this. ^SK
842176,320321,@AmazonHelp A range 🤔 https://t.co/jcuxcRxgIC,AmazonHelp,,842177,"@320321 For clarification, who is the carrier for this order? You can find this information here: https://t.co/Y5jpI9gRhE ^KN"
1538027,476793,@115821  I want my silk sheets!!! Why is it taking so long?,AmazonHelp,,,@476793 We're happy to help! We strive to deliver by the date at checkout. Have we missed this date? ^ML
1125014,158021,"@AmazonHelp my package was delivered to the wrong place, signed for by someone I don't know, and a picture is on my account of a front porch I don't recognize. Please help!",AmazonHelp,,,"@158021 I'm sorry to hear this! We'd like to look into this further. When you have a moment, please provide us with your details here: https://t.co/VHmzKAfBM7 ^AC"
685763,283696,@AmazonHelp I did that FYI,AmazonHelp,,685764,"@283696 Thank you for keeping us posted. If you've replied to the correspondence, we'll get back to you shortly. Appreciate your understanding. ^SM"
1555488,481022,"@AmazonHelp In the month of July my mobile screen got damaged while traveling to office and then I logged the complaint at your customer service,",AmazonHelp,,1555487,@481022 We’d like to help you; please fill this form: https://t.co/beaaDm0muc and we’ll contact you soon. ^PJ
1552165,480271,"ww2のアクティビジョンサイトで使うコード、

何回やってもエラー出て出来ないのどうにかしてほしい。

買った特典が初期ブースト系だったからまぁ支障は出ないけど、
アマゾンでサントラ付き買った人たちはブチ切れ不可避な気がする。",AmazonHelp,,,@480271 誠に恐れ入りますが、一度メーカーにお問い合わせ、ご相談ください。メーカーにてコード自体の問題と判断された場合は、以下のリンクよりカスタマーサービスにご連絡ください。https://t.co/J6YEizo6qC TN
1560614,133857,@AmazonHelp Pourquoi inscrire sur votre site que je serai livrer en temps et en heure alors que déjà pour Infinité Warfare c’était la même galère ?,AmazonHelp,,1560613,@133857 Je vous réitère mes excuses pour cela. Comme expliqué précédemment vous aurez un email dès que votre commende est expédiée. ^ARC
1450849,356018,@115830  so helpful https://t.co/2Zed3DaS4B,AmazonHelp,,,"@356018 Oh no, we're sorry to see this! If you have a moment, please contact us using the number presented so we can help ASAP! ^WM"
785507,307424,@AmazonHelp You know what I'm done with you people. Don't bother #AmazonIndia,AmazonHelp,,785506,@307424 Appreciate your understanding.(2/2)^HR
2628930,742476,@AmazonHelp How long I have to wait??,AmazonHelp,,2628929,"@742476 I understand your concern. However, did you happen to report it to our support team using the link provided earlier? ^KH"
1953532,579968,@AmazonHelp Merci (je précise que je l'avais déjà signalé il y a deux semaines - cf le fil de la discussion),AmazonHelp,,1953534,@579968 Je suis désolée pour le délai. Soyez assuré qu'une remontée a été faite auprès du département concerné afin de vérifier cela. Merci pour votre compréhension. ^FA
2390380,688591,"@AmazonHelp Sick of this! 2nd Time in two weeks, what's the point paying for prime if this keeps happening! https://t.co/jEWsVnMD8l",AmazonHelp,,,"@688591 Hey Nathan. Apologies for the delay. We try our best to deliver by the initial date provided. Have you been in touch? If so, what was advised? ^TP"
1442343,454662,@AmazonHelp  https://t.co/0V2Ie3EY0C,AmazonHelp,,1442345,@454662 Avez-vous contacté notre service client à ce propos ? ^ME
1637228,500731,Amazon Prime Video is so confusing @amazonhelp,AmazonHelp,,,"@500731 Sorry for the trouble, Jacob! Without providing account/personal details, could you give more details on the issue? ^VB"
2662710,381328,@AmazonHelp @115821 I want my FULL REFUND AS PROMISED!!!,AmazonHelp,,2662717,"@381328 Hi, sorry to hear that. Have you spoken to a manager in relation to this? ^JJ"
1135015,387408,@AmazonHelp why hasn’t my cod ww2 came yet it is 5 in the afternoon and I pre ordered it what is the point if it’s not here on release?,AmazonHelp,,,@387408 I'm sorry you don't have your order! Was it eligible for release day delivery? For more info: https://t.co/DmelcipSff ^TK
1429414,452001,"@115850 @126033 So, technically I have to waste my time in shipping the product back for vendors' fault. Pathetically best.",AmazonHelp,,1429412,"@452001 Due to carrier constraints, pickup is not available at all locations. Kindly self-return the order if pickup isn't available ^ZH"
341429,197574,"@AmazonHelp On same address the ""REPLACEMENT"" is not getting delivered..crossing all limits of customer patience. pls help me before I loose confidence.",AmazonHelp,,341431,@197574 I can imagine your disappointment. Kindly respond to the email correspondence we've sent. We'll connect with you soon. ^AS
1611032,494500,@AmazonHelp I am unable to login. It shows my email Id is no longer registered. someone has changed my email Id as well in the amazon accoun,AmazonHelp,,1611031,"@494500 Please use this link:https://t.co/QS2bTd0snB, this will get you connected to our support team. ^HA"
533303,243546,"Hey @115830, every single time I miss a delivery I don't get a card. No idea where my parcel is, all I know is ""Lisa"" has it, whoever Lisa is. https://t.co/BHEiYO2V0R",AmazonHelp,,,@243546 So sorry to hear that you haven't received your parcel! Have you checked with any neighbours who may have received the parcel on your behalf? ^GS
529937,242723,@AmazonHelp @115851 Sorry to say but amazon is not right choice for buying anything. Every time they commit and after that they say its against policy. Really frustrated. Never buy anything from amazon.please look into your customer service.I wish i could buy from another site,AmazonHelp,,,@242723 Appears you've had an unpleasant experience. We'd like to know what went wrong and help you out on the concern. Could you please tell us more about it? ^AP
393579,209221,@115850 FANCY PAPER BAG SPECIAL TEXTURED GIFT BAG (PACK OF 10) 15cm X 6cm X 20cm https://t.co/QomVCq8zqT charge was charged 5 times.,AmazonHelp,,,@209221 Please report this to our support team here: https://t.co/vlvfJr4nN9. ^HA
2614079,266969,@AmazonHelp Kindly do the needful!,AmazonHelp,,2614078,@266969 Rest assured our team will get back to you with an update shortly. Appreciate your patience. ^MN
880016,328924,VRAIMENT pas content du tout avec @2600 qui me font payer pour une de l'eur bêtise et s'en fout carrément!!,AmazonHelp,,,"@328924 Bonjour, pourriez-vous nous expliquer davantage votre problème s'il vous plaît ? ^BR"
1351749,435220,Amazon、スプレーにこの梱包はちょっと… https://t.co/spUUMw50G0,AmazonHelp,,,@435220 ご迷惑をおかけしております。梱包についてのご意見をこちらからお送りいただければ幸いです。 https://t.co/49kvp0RT1G EK
2762709,772880,いつのまにかまたプライムでガルパン見放題か,AmazonHelp,,,@772880 | -ﾟ)ﾁﾗｯ　よろしければまたご覧くださいませ🎥 HM
2371392,586959,@AmazonHelp And a refund of the $99?,AmazonHelp,,2371393,@586959 Paid members who haven't used their benefits are eligible for a full refund. ^BE
529181,214639,@AmazonHelp Yea I did .. sadly the same bug always!!,AmazonHelp,,529180,"@214639 In that case, kindly connect with us here: https://t.co/vlvfJrlYEH and we'll get this checked for you. ^PB"
469394,226777,@115821  why offer guaranteed 2 day delivery if you can’t actually deliver on the guarantee,AmazonHelp,,,@226777 Shipping speed refers to transit time once an order ships out. Some items take time to prepare: https://t.co/Wgg7H7CQdN Have we missed the delivery date shown in your order confirmation e-mail? ^NN
1242249,411406,@115821 please tell me whats the point of having Prime when it says in stock and eligible then when I check out says I’ll get it in a week..,AmazonHelp,,,@411406 Some items require more time to process before they ship. Info on delivery date calculations here: https://t.co/CUMAUOmJvd ^GL
828302,317325,@AmazonHelp what is your return policy,AmazonHelp,,,@317325 You can find our return policy here: https://t.co/3Y83alGRid. Let us know if you have any further questions. ^CL
2770667,774536,Oups *-* @120533 https://t.co/Z8TS0ohg8y,AmazonHelp,,,"@774536 Oh 😍!  J’espère que ces petits bijoux vous conviendront. 
^SA"
2397038,689910,@115830 very disappointed with your amazon prime service! I ordered on Sunday and my item has still not arrived! I thought it was one delivery?!?! Very misleading!,AmazonHelp,,,@689910 Delivery dates are given on checkout and in order confirmation. Please check your email on the order for the date or here: https://t.co/aaDyEz1VgE. Prime delivery is delivery once dispatched rather than ordering. ^MC
2350854,334894,"@AmazonHelp your website says my package is arriving today by 8, but the tracking info don't say it's out for delivery.. Which is more accurate. I choose 2 day shipping.",AmazonHelp,,,@334894 Which carrier is delivering your package: https://t.co/Y5jpI9gRhE? ^NC
2978875,222893,@115821 logistics are terribly unreliable. Now I can't even choose office delivery &amp; be sure someone will be there when the guy arrives...,AmazonHelp,,,@222893 We'd like to look into this for! Are you having trouble with a recent order? ^AR
2549041,355545,@115850 sold me a junk Nokia mobile &amp; should take it back. No record of this sale on its shopping website?,AmazonHelp,,,@355545 so that we can assist you accordingly. (2/2) ^MO
1570861,484392,"@AmazonHelp why does the wishlist let me no what's brought, but if someone else goes to buy the item doesn't tell them it's brought #fail",AmazonHelp,,,"@484392 Items purchased from your wishlist are moved to the purchased section, and will no longer appear for visitors.  ^MB"
1262284,415660,Nois d’@116928 espero que demà m’arribi puntual el meu “Mario Odyssey”. Necessito desconnectar.,AmazonHelp,,,"@415660 Hola, sin compartir datos de tu cuenta como el número del pedido, ¿cómo te podemos ayudar? ^VL"
512445,237851,The boys love @116090 delivery day!! #CatsInABox #Cattitude #ItsAGiantBox https://t.co/96LFzEJyuK,AmazonHelp,,,"@237851 We strive to include a suitable piece of cat furniture with every order, I'm glad to hear we've made the boys happy! 😻 😻 ^JR"
2284185,228676,@AmazonHelp It seemed to be a custom charge. Thanks for the link! Tim,AmazonHelp,,2284184,"@228676 No worries, Tim! We're happy to help out any way we can! Keep us posted if you need us! ^FR"
977284,351786,@AmazonHelp Done,AmazonHelp,,977283,@351786 Thank you for sharing the details. We're looking into the issue and shall get back to you. ^SH
476095,228172,"@AmazonHelp I have had 3 different phone conversations and sent numerous emails. I was promised a refund, but no refund was made. It is my Son's birthday today and he has neither the Laptop or promised refund. #AmazonRuinedMySonsBirthday",AmazonHelp,,476094,@228172 I'm sorry to hear you haven't received your refund yet and that your laptop order was canceled. How long has it been since the order has been canceled? Have you received an email indicating when the refund would be processed? ^SY
128802,144974,"@AmazonHelp Hi, my package was expected to arrive Nov. 22 and never did and still says it's on the way over 24hrs later. Order #701-2741906-8579460",AmazonHelp,,,@144974 Hello! I'm sorry that your package is late. Please don't share your account/order information via Twitter as this is considered personal information and we want it to stay safe. Have you received any emails about a new delivery date? Make sure to check SPAM. ^RM
331977,195052,"Someone needs to fire @115821 delivery person, 1 knock, I say 1 sec need a shirt, open door 15-20sec, guy already in truck leaving w/no del.",AmazonHelp,,,"@195052 I'm sorry to hear about this, Topher! Just to confirm, who was the carrier for your order here: https://t.co/Y5jpI9gRhE ^HC"
1597728,490783,"@AmazonHelp @UPSHelp I'm a Prime member. Spend thousands a year. You do not want to lose me as a customer, @AmazonHelp",AmazonHelp,,1597731,@490783 I'm sorry for the trouble! We'd like to take a closer look at this; please reach out to us here: https://t.co/hApLpMlfHN ^LJ
2116182,623799,@437944 @115830 @8078 They told me they delivered packages to my neighbours and left it outside for 3-4 days... over £200 disgusting,AmazonHelp,,2116183,"@623799 I am very sorry to hear this, can I ask have you contacted Customer Services for this and what resolution did you receive? ^GA"
885476,330255,Qué lindo cuando son las 19.20 y el repartidor de @116928 sigue sin aparecer,AmazonHelp,,,"@330255 Hola Perla, lamento las molestias. ¿Has intentado contactar con el transportista sobre esta entrega? ^LG"
135051,146427,"@AmazonHelp All ready checked, I get an email when I have a transaction, and email showed declined, even though funds were more then enough for the particular purchase...",AmazonHelp,,135056,@146427 Have you double checked your details in your account? ^BD
1807347,542970,I was soo close to buy my first Mac Air but @115850 stopped me by not providing the delivery service of the product to my address 😞😞,AmazonHelp,,,@542970 able to deliver all products to certain pincodes. Request you to try an alternative address. 2/2 ^HD
1107285,381330,@115850 whats going not still not problem sloved 😥😭😡😡😡,AmazonHelp,,1107282,@381330 Have you submitted your details through the link shared previously? ^HK
69915,131820,@AmazonHelp Sure. I loved the positive reply! :),AmazonHelp,,69916,@131820 You're most welcome. We'll connect with you soon to get this resolved. ^CB
2353791,680128,"@AmazonHelp Non, pas encore ! Je dois appeler quelqu'un ?",AmazonHelp,,2353792,"@680128 Vous pouvez joindre notre service client par téléphone (appel gratuit depuis un poste fixe), chat ou par mail depuis le lien suivant : https://t.co/qzuu0dgDXz. ^ASZ"
236218,172254,"@AmazonHelp Yes. I have a confirmation mail. ""Your package was rescheduled to Oct 4""... Jamal D",AmazonHelp,,236217,@172254 Thanks for that response! Could you let us know who the carrier assigned to this delivery is? ^SA
2606159,737333,Acabo de comprar en @116928 y me llega SMS de entrega de  @130709:   NOOOOOOOOOOOOO https://t.co/MbPttvgpcr,AmazonHelp,,,"@737333 Hola, Jimmy. ¿Se ha presentado algún inconveniente con tu pedido? ^CR"
666187,278707,最近アマゾンプライムでモヤモヤさま〜ずしか見てない,AmazonHelp,,,@278707 |ω・)ﾁﾗｯ.｡oO(気楽に観れるのが良いですよね...!) YM
277292,182235,"@115850 I got a damaged one the cfl was broken and delivered by india post while it,'s showing by fedex on site. https://t.co/rMCDe14LQL",AmazonHelp,,,"@182235 Apologies, Anjul. Please report this to our support team here: https://t.co/vlvfJr4nN9 and we’ll be glad to help you. ^NK"
1721527,520968,"@120533  Bonjour, 

Je n'arrive pas à faire fonctionner le code promo, pouvez vous m'aider ? Urgent .. merci ! https://t.co/WECY0shwIH",AmazonHelp,,,"@520968 Bonsoir, n'ayant pas accès à votre compte, vous pouvez contacter notre SAV via le lien : https://t.co/qzuu0dgDXz ^ME"
1145927,389713,@AmazonHelp  https://t.co/TPZKnV6wYR,AmazonHelp,,1145933,@389713 I'm so sorry your package arrived in this condition! Were any of the contents missing from the order? ^JO
485385,230478,"Hi @3375 why do your drivers leave packages outside of the gate of a CLOSED BUSINESS on a PUBLIC ROAD????? Horrible service!!
@115821 you need to quit shipping with this awful company. Read their Google reviews!!",AmazonHelp,,,@230478 I am sorry you are experiencing this delivery issue! Was your package retrieved safely? ^DJ
1565221,483221,"@115850 I'm frustrated with d app. Since 48 hrs hv been trying to place an order,just don't go thru n getting someone on d phone is MI-3💩 https://t.co/v5Gtkfm7zb",AmazonHelp,,,@483221 Have you tried clearing the app cache and data and try again? Do let us know and we'll help you further. ^ZH
703873,288179,"Hola @116875, te amo 😍 https://t.co/tjcqnK98qM",AmazonHelp,,,"@288179 ¡Hola! Agradecemos tus lindos comentários, por favor nos mantienes informados sobre la entrega del pedido. ❤️  ^NB https://t.co/jtjM5MOBn3"
2816310,785118,@AmazonHelp Thanks!,AmazonHelp,,2816309,"@785118 You're welcome, we're here to help! ^CR"
182495,158917,"@116928 decepcionante la atención al cliente, una persona irrespetuosa, de malas formas, haciendo de una simple gestión algo incómodo",AmazonHelp,,,@158917 (2/2) por favor envía tus datos a través del siguiente enlace: https://t.co/3VbbUbYsSx. ^LG
956265,346900,@AmazonHelp vous ete un robot ? ou vosu ne comprenez pas l'ironie ? cela fait maintenat 15 jour que j'ai poser ma question,AmazonHelp,,956266,@346900 L'information a déjà été transmise au service en question afin qu'ils fassent le nécessaire ! ^AR
1031561,364089,850... and yet no response from Amzone. Big round of applause for AMAZONE.@121284 @45204 https://t.co/GXxZl2JvNc,AmazonHelp,,,@364089 Allow us to take a closer look. Please fill up this form: https://t.co/GIJyeYqKE0 and we'll reach out to you. ^HK
303499,188450,@AmazonHelp No one is giving us any answer while we have a lot of inventory still at FBS warehouses,AmazonHelp,,303500,@188450 I understand the frustration. Contact Seller Support one more time so they can check this out: https://t.co/FkhU0tnUzl ^GL
609369,264858,"@AmazonHelp I have already told you and again telling you that while i enter my number to get a call, they call but say thank you for calling us we have found no order so good bye.
When i am talking regarding account issue why they are checking order and disconnecting call.
So disappointed.",AmazonHelp,,609370,"@264858 Apologies, please select 'other issues' as the issue code and request a call back from us, I'm sure it will go through. Do keep us posted ^SI"
1652926,504623,@AmazonHelp Ur Customer Service is pathetic. Either educate them or raise the quality of ur executives. They dnt provide  @115850 1/n,AmazonHelp,,,@504623 I see that you are upset with our support team. Could you please tell us more about your issue? We'll be glad to help you.^VH
206956,165003,@AmazonHelp Yeah,AmazonHelp,,206957,@165003 What order status and delivery date(s) are you currently seeing here: https://t.co/aaDyEz1VgE? ^JR
1560573,352824,@115830 where’s my Echo? Delivery not updated since Tues. It’d have it tomorrow if I cancel and reorder. What’s the point of preordering?,AmazonHelp,,,"@352824 Hello, what is the current tracking information showing for your parcel? You can check here: https://t.co/aaDyEz1VgE ^CR"
1668916,356982,"Order ID:404-4313025-2413959,order date:31-May-17, Paras shah,I/503,Radhe 
Residency,Vadodara, mo.9227134673 ,still today norefund @115850",AmazonHelp,,,@356982 Please don’t provide your order details as we consider them to be personal information. Our page is visible to public. ^PB (2/2)
2888309,133905,@AmazonHelp So you have sent me a tex claiming I have received my order which I have not and now I am concerned about the whole situation,AmazonHelp,,2888313,"@133905 I'm sorry for the inconvenience, please contact us here https://t.co/vlvfJr4nN9, our support team would assist you further on this. ^MD"
1210722,404188,amazonで注文して二週間弱、まさかの中国発送で、しかもその中国国内で商品は一週間以上行方不明。こりゃあいっぱいくわされたかな,AmazonHelp,,,@404188 失礼いたします。出品者から直接発送される商品のご注文とお察しいたします。その場合、配送状況や納期についてご不明点がございましたら、出品者に直接お問い合わせいただけます。詳細はこちらをご参照ください。https://t.co/MtlmlvvBKB  SM
422980,215719,@115850 I am a seller and i need Jaipur FC Mobile to be added on GST portal for APOB but your team is nt responding. Case id 4008450732,AmazonHelp,,,@215719 Sorry for the trouble you've had. Kindly fill in your details here: https://t.co/GIJyeYqKE0 and I'll help you with it. ^MM
1610719,494428,"@115821 please fix app bug when im in the app i click on prime it goes to nxt screen stays blank 2 days now cant click on ""prime""",AmazonHelp,,,@494428 Hmm... that's odd. Have you tried accessing this page using a browser instead of the app? ^MJ
1806485,542745,"So like, if you ordered electronics off of Amazon and had it shipped with Amazon Prime 2 day shipping and a week later it finally ships to then be damaged/lost in transit, it would be totally reasonable to be asking for a refund right?",AmazonHelp,,,@542745 Sounds like a reasonable request. Has there been an issue requesting the refund? ^CH
64096,130714,"@AmazonHelp Hi Amazon, I signed up this week and placed an order. Now when I try sign in, it says my email isn't registered? Please help!",AmazonHelp,,,@130714 Oh no! Sorry to hear this. When you signed up a week ago did you receive an email from us?^ES
86063,134791,@AmazonHelp Everything is correct as I've said the payment for another item is been taking as it is so that's not the issue,AmazonHelp,,86062,@134791 Thank you for clarifying! Only your bank can tell you why your card has been declined. Your bank may require your verbal authorisation to proceed with a transaction. Learn more here: https://t.co/93qX3a3Vu3 Hope this helps! ^SC
2136273,628435,@AmazonHelp When I click on see details I just get this https://t.co/HCkVYB8aFB,AmazonHelp,,2136274,@628435 Oh no! Sorry for the delay! Please contact us here: https://t.co/JzP7hlA23B and we can look into it! ^AD
229062,170630,@AmazonHelp Still no resolution. No one even contacted me  from amazon. @115851  is this service acceptable?,AmazonHelp,,229061,@170630 We've sent you a correspondence. Kindly check the same here: https://t.co/ubzNHWZvL2 ^SG
1972814,584313,"@AmazonHelp Específicamente para estos pedidos tan tardíos, no. Pero si no hay número de seguimiento poco podrán hacer, por ello no me querría disgustar y perder el tiempo. Y sé que va a ser así porque en los últimos meses he tenido que contactar más a menudo y el servicio va a peor.",AmazonHelp,,1972812,"@584313 Entiendo tu molestia, ya que por este medio no contamos con acceso a tu cuenta te recomiendo contactar con Soporte al Cliente https://t.co/3VUNgKvI9r para verificar tus opciones. ^VL"
179863,158350,¿Quien me dice que no me hacen lo mismo con el juego final y me lo mandan más tarde?Esto de la beta es ya de cachondeo. @116928,AmazonHelp,,,"@158350 Lamento cualquier inconveniente, ¿Podrías comentarnos más sobre lo que ha ocurrido sin publicar detalles de tu cuenta? ^AZ"
674323,280818,@AmazonHelp The team picked up the return package. Thank you!,AmazonHelp,,674324,"@280818 You're welcome, I'm sure as soon as the product return to us, the refund will be issued. ^SI"
2018647,596989,"@AmazonHelp your customer service on the phone were nice but didn't help my situation...so upset, especially being a loyal @115830 customer! 😔 https://t.co/kzJUSvNj83",AmazonHelp,,,@596989 I'm sorry to hear about this situation. Did you purchase the Gift Cards directly from Amazon or from a retail store? ^MI
1225659,407549,@AmazonHelp Je vous est dm merci ;),AmazonHelp,,1225660,"@407549 Je vous remercie, nous vous répondrons dans quelques minutes. ^BR"
1318210,121283,@121284 your customer care guys don't have indepth info regarding Indian version of Alexa and so on! real shame on Amazon!,AmazonHelp,,1318209,@121283 Sorry about the hassle. Please let us know your concern &amp; we'd like to help you. ^BS
324221,193234,"@115850 order id-402-4902132-3775509  how this paymnt can be done when no delivery boy came to my add.
Allahabad delvry system is poor. https://t.co/jGqMCKUqen",AmazonHelp,,,@193234 Please don’t provide your order details as it is personal information. Our page is visible to the public.2/2^HN
1153673,360292,@AmazonHelp Thank you for your help 🙂,AmazonHelp,,1153674,@360292 Hey Nicole! It's our pleasure. Glad to be there for you :) ^CM
1606832,493587,"@AmazonHelp Sim, acabei clicando em ""Comprar com 1-clique"" por acidente e só percebi quando o pedido já havia entrado em processo",AmazonHelp,,1606831,@493587 Chama a gente pela área de Atendimento https://t.co/Qzzg8y1LhY. Vamos dar uma olhada no seu caso. ^VL
427005,216560,Bien joué @120533 qui me renouvelle pour un mois Amazon prime gratuitement quand j'ai demandé de l'arrêter et qui me prévient pas ensuite,AmazonHelp,,,"@216560 Bonjour, Amazon.fr offre un mois gratuit et les 49Euros sont automatiquement prélevés au bout de ce mois ci de gratuité.
1/3 ^YL"
972703,350718,@AmazonHelp can you please explain about my ‘attempt delivery’ no one rang my buzzer to say they was here #gottawaituntiltomorrownow,AmazonHelp,,,"@350718 Hi, sorry to hear that. What carrier was being used for the delivery? ^JJ"
1085963,376167,#AmazonIndia U should quit from India. Requested a return on 9 th Oct and till now it hasn't been initiated even after complaining U thrice,AmazonHelp,,,"@376167 I'm sorry about the trouble with the return. We'd like to help, kindly share your details here: https://t.co/GIJyeYqKE0 ^MA"
1868890,558229,@AmazonHelp Yes. Every time it takes around 3-4 hours for an order to confirm. I don’t know if the issue is with @116988 cards @8180,AmazonHelp,,1868889,@558229 Thanks for keeping us posted. ^AB
2187486,640576,"ME TENDRÍA QUE HABER LLEGADO HOY LA LIBRENDA, @116928 QUE ME VOY A MORIRRRR @28990",AmazonHelp,,,"@640576 Hola, lamentamos el inconveniente ¿has contactado con el transportista directamente? ^MB"
2379688,686209,"@AmazonHelp Hahahaha quero esse gato pra mim! Sim, aproveitei, daqui uns dias chegam mais 4 livros pra estante 🤓",AmazonHelp,,2379687,"@686209 é lindão o gato! ❤ Que emoção, e o quão ansioso está para recebê-los? ^DA"
830800,169505,@AmazonHelp shitty company...you cancelled order without any information,AmazonHelp,,830799,"@169505 If an order is canceled, a correspondence is sent to the registered email id. Please check the same for more information. ^ZH"
381681,206507,"hrrrgh the amazon prime video app is really frustrating, if i exit the app it crashes the ep half of the time",AmazonHelp,,,"@206507 Could you help me with device name, software version and episode that you are trying to stream so that I can help you? ^AH"
2283042,663528,Y ya van dos envíos de @116928 con los que tengo problemas de entrega... repartidor @137605 y no he recibido ninguno... 😡😡😡😡,AmazonHelp,,,"@663528 Lamento el inconveniente, Dani. ¿Has contactado con la compañía de transporte para obtener más detalles? ^JQ"
550498,248244,@AmazonHelp Yes email says expected 2nd december then when go my orders amazon its been changed too 2nd to the 5th as a prime customer it says nxt day not change dates as suits or at least phone customer if theres a delay.,AmazonHelp,,550497,@248244 Thanks for the additional information! You can learn more about One-Day Delivery here: https://t.co/JNtagwQcRj Please keep us posted on the arrival of your parcel! ^SW
281025,182960,"@137341 Any idea how I can fix my Kindle Paperwhite, some parts of the screen has become unresponsive. I tried doing a factory reset.",AmazonHelp,,,@182960 Kindly contact our team here: https://t.co/tc3VJIYzxn and we'll help you out. ^GK
2395763,689664,@AmazonHelp Ur reply is just to spinning myself from here to there,AmazonHelp,,2395764,"@689664 I understand your concern. However, we do not want to provide you with any incorrect information and hence request you to reach out to our support team for accurate information. ^AP"
644888,739509,@115851 @115850 We waiting for such a tv series like Lord of the Rings - The Battle of Middle Earth or with any title,AmazonHelp,,644883,@739509 We will continue to add new content. Keep checking https://t.co/FYM9PIZOR8 where we highlight the latest movies and TV shows we have available. ^NK
1412400,122921,@115850 why I can't have Amazon pantry items ship to Chittorgarh-312001??,AmazonHelp,,,@122921 your request as a feedback internally. Please check this link: https://t.co/NjFRvBZj5R to know more about Amazon Pantry.^MP(2/2)
936118,237623,Getting some really really bad service from @115830 at the moment with their delivery drivers being LIARS! How can they say they tried to deliver my items and NOT leave a card. Plus I was home when this happened!!!,AmazonHelp,,,@237623 I'm sorry for the delay! Have you been able to report this to us: https://t.co/JzP7hlA23B? ^EP
1246394,412420,@AmazonHelp USPS.. Tracking says the costumes are in Kentucky. I just spoke with Arlene (#superhelpful) who's  working on it. Fingers and toes crossed!,AmazonHelp,,1246393,@412420 Please keep us posted! We are here to help you! ^BA
64032,130702,@AmazonHelp Up until now I had been a great advocate for your company. Now I don’t want to have anything to do with you. And I was always told that your support was top notch.,AmazonHelp,,64033,@130702 I am sorry to hear this Peter. Can you please reach out to us using the following link so we can take action on this for you:https://t.co/JzP7hlA23B.^GA
321956,192706,"bcoz @115850  has policies to not disclose resolution or action of previous complaint against delivery boys/employees to victims.
(2/n)",AmazonHelp,,,"@192706 My apologies for the trouble with the delivery, we're following up with your concern via DM. ^HA"
785517,307426,@115830 Hi - When is Mr Robot Season 3 on prime video?,AmazonHelp,,,"@307426 I'm sorry, we don't have any further info on this. We recommend to keep checking the site &amp; social media for updates. ^KM"
130287,145385,"今日は早めにお子がお昼寝してくれたー！
Amazonプライムで何か映画でもみよー♫♫",AmazonHelp,,,@145385 お子様が起きませんように🙇🏻 ぜひプライムビデオをお楽しみください🎶 EK
2584208,732303,@AmazonHelp Vendido y enviado por vosotros.,AmazonHelp,,2584207,@732303 Gracias por la información. Contáctanos por acá para revisar esto contigo: https://t.co/OjvUxwnzPe ^AR
133787,146136,@AmazonHelp She said fulfilled by Amazon prime,AmazonHelp,,133786,@146136 We would ask that you don't share personal information such as order numbers via Twitter as it is public.  Can I ask what your mum was advised when she contacted us?^TI
1651557,504352,@AmazonHelp i wonder why do i order with #AMAZONINDIA again. your courier service sucks man.. get it change else loose your customers. Order #404-3343394-3283560 they send me a message of stating i was unavailable when i asked them at first go that i would be available post 2 PM.,AmazonHelp,,1651555,"@504352 I’m sorry for the hassle. We will forward this as feedback to our team internally to work on it.  Also, please don’t provide your account details as we consider them to be personal information. Our Twitter page is visible to the public. ^SB"
338564,196821,@AmazonHelp Por favor! En https://t.co/LpwhLBkEEN,AmazonHelp,,338563,@196821 ¿Cómo te podemos ayudar? ^JJ
239750,121657,@AmazonHelp Amazon.in,AmazonHelp,,239749,@121657 Kindly check your spam folders as well and do keep us posted. 2/2 ^MM
25860,121649,"@AmazonHelp I did fill up the form twice, still waiting for a phone call back!",AmazonHelp,,25859,@121649 Please check your correspondence here: https://t.co/D4JYCz78qX. (2/2) ^JS
2790432,219463,"@AmazonHelp Schade. Danke für die Antwort, und einen schönen Abend ans Team.",AmazonHelp,,2790431,"@219463 Danke, den wünschen wir dir auch :) ^BL"
1398321,190682,i'm starting to see a trend with my @115821 orders https://t.co/B2jBviuzAe,AmazonHelp,,,"@190682 Hi James! The items purchased are both temporarily out of stock, but we'll email with an update as soon as they're back in. ^QJ"
280690,182810,@AmazonHelp Not once but 5 times hv responded. What more do u want me to do ?,AmazonHelp,,280691,"@182810 As you have responded to our email, we'll follow up with an update via email. Request your patience and understanding. ^NR"
827100,317018,First bad experience with @115821 today. Important same-day order. Wrong item delivered. No good solution from substandard customer service.,AmazonHelp,,,@317018 This definitely isn't what we like to hear! Could you tell us more about what's going on? We'd like to help! ^ML
980230,352415,@AmazonHelp Will i at least get compensated the overnight shipping fee that i paid since it didnt arrive within the original timeframe?,AmazonHelp,,980229,@352415 We can check into available options. Use this link so that we may do so:  https://t.co/hApLpMlfHN ^DO
2853657,283191,@AmazonHelp E ainda disse a transportadora Direct Express  Parcel que só faz entregas no turno da tarde. Acho que uma empresa preguiçosa como essa é péssima parceria para a @117086,AmazonHelp,,2853655,"@283191 Lamento pelos inconvenientes, João. Caso você não receber seu pacote no prazo indicado, não hesite em entrar em contato conosco de novo. ^CR"
2184551,495238,@AmazonHelp That means it is not a strange that Amazon showing article delivered without it reached my place. Should I complaint to @118341 and @115851 about your credibility to provide customer service. Refund my money,AmazonHelp,,2184552,"@495238 I am sorry for the inconvenience, kindly fill in your details here https://t.co/GIJyeYqKE0, we will assist you accordingly. ^MD"
101715,138281,"@AmazonHelp Da steht immer noch, dass es heute zugestellt wird. Heute hat noch etwas mehr als eine Stunde noch. Wird der Status auch mal geändert?",AmazonHelp,,101716,@138281 Das Statusupdate kommt sicherlich noch :) ^BL
63947,130690,@AmazonHelp Yes 2 days then emailed after said wanted another 2 days and still nothing,AmazonHelp,,63946,"@130690 Emails can get routed to your spam/junk folder, did you check there?^CN"
2626659,423044,@AmazonHelp 👈🏾. I wanted to say thank you I ordered something and It did not get delivered and I call and you guys just replaced it #MVP,AmazonHelp,,,"@423044 I'm glad we could make things right, Sharde! Have a great week! ❤️ ^AM"
2049828,125513,@AmazonHelp Third party,AmazonHelp,,2049829,@125513 Have you tried reaching out to the seller directly? You can view how to do so here: https://t.co/U8rFJrOpc6 ^KP
1636634,250912,"@AmazonHelp ""Sendung beim Transportdienstleister - Kontaktieren"" 
Leider erst jetzt durch Zufall gesehen, da keine Info drüber erhalten.",AmazonHelp,,1636636,"@250912 Du kannst dich gerne an unseren Kudnenservice wenden, falls du Fragen hast: https://t.co/zaP5U8s49q Gruß ^MH"
418830,165791,@AmazonHelp still no help from you people.....@15471 these people doesn't provide any help to sellers on their portal https://t.co/vPYBFkAgUd,AmazonHelp,,,@165791 Sorry for the delay. Please revert to the email you've received from our team and we'll have this checked for you. ^KA
440096,219447,".@120533, j’ai fait la manip’ plusieurs fois, mais n’ai jamais reçu le code par email (et il n’est pas dans mes spam). Que se passe-t-il ? https://t.co/isLYPIB8As",AmazonHelp,,,@219447 Avez-vous déjà activé la vérification en deux étapes auparavant sur votre compte ?^AR
1565239,483229,@133929 @120169 @115821 @AmazonHelp could you please help? I paid for shipment that should be door to door! Unfortunately @120169 asked me to collect it from their office! And as you can see I couldn't collect it since last week from #aramex #Jubail due to the situation mentioned above. #saudiarabia,AmazonHelp,,1565240,@483229 I'm sorry for the trouble! Whenever you have time we're available here: https://t.co/hApLpMlfHN ^EP
245202,174212,@AmazonHelp Hola os he dejado un mensaje!,AmazonHelp,,,"@174212 Hola Sara, te enviaremos una respuesta por mensaje directo. ¡Saludos! ^LG"
1008944,182235,@115850 Order details. https://t.co/6VoPcLWfgg,AmazonHelp,,,"@182235 Please don’t provide the order details, we consider it to be personal info. Our Twitter page is visible to public. 2/2 ^MA"
224597,169659,うーんAmazonプライム会員なろっかなぁ,AmazonHelp,,,@169659 アマゾンです。Amazonプライムは様々な特典をご用意させていただいております。よろしければ、こちらの特典内容をご参照いただきご検討いただければ幸いです。https://t.co/HiyT5EPaDv ET https://t.co/VFBh0kr40G
2124910,625791,"@AmazonHelp No only at same product. 

My issue is its showing COD while placing .but during check out its asking to pay first https://t.co/mMBDzVgmBT",AmazonHelp,,2124911,@625791 That's strange.  Please share your details here: https://t.co/GIJyeYqKE0 &amp; we'll help you further. ^BS
321991,192713,"@115821 I have ordered one I-phone 6 32Gb  on 4th Oct,but delivered some K&amp;C W300 mobile,Plz get it resolved on priority https://t.co/kdnpM1Jk36",AmazonHelp,,,@192713 That's odd. Please report that here: https://t.co/HQhpS2qeEd and we'll get this sorted out. ^MS
1100395,379625,"@AmazonHelp @115851 702-0532916-9445854 You couldn't deliver in spite of  ""Guaranteed"" delivery"". On top, messages sent to pin blame on me for delivery delay. 1) They tried at 8:53 pm-I was at the front door for 1.5 hours/ no buzz 2) it is business address",AmazonHelp,,,"@379625 So sorry for the frustrations! We are unable to view your account via Twitter, however we are here to help! Who is the carrier of the parcel shown here: https://t.co/PyACxvY8Qo ^AD"
1582927,363792,@AmazonHelp 2/2 if I do it on my iPhone it frees space up so my laptop is getting full I think it should be safe but not sure if I should delete ?,AmazonHelp,,1582929,@363792 Just to be sure: you're asking if you remove the photos on your laptop if they are also deleted on your Amazon Drive? ^DO
2926345,809669,"@AmazonHelp When I placed the order, it showed 4 days. I placed it on 25th because I needed it by 29th. I am not in town tomorrow onwards and I can't get my delivery address changed as well. And guess what, can't cancel because it's one order person account.",AmazonHelp,,2926344,"@809669 Delivery estimates are counted as per the location and product. Request you to wait till estimates for an update on it, we will not be able to promise an early delivery. ^RW"
2600209,186226,@AmazonHelp Thanks,AmazonHelp,,2600208,@186226 You're welcome. Appreciate your cooperation. ^BS
2230607,650938,@650939 still waiting on a refund from @AmazonHelp nor did I get the email Amazon promised me this morning so the bank could refund me,AmazonHelp,,,"@650938 Feel free to contact us here for assistance: https://t.co/JzP7hlA23B. Please check your junk box for that email, as well. ^SH"
2398248,690198,"@AmazonHelp Thanks,i am your regular customer,my tea post tea is still under process of order,item is still at bangalore,i must say best service by amazon great going 👍👌😜",AmazonHelp,,2398247,@690198 Apologies for the inconvenience. Please report this to our support team here: https://t.co/rS49hgaADF so that they can assist you accordingly. ^BV
1462559,459459,"@AmazonHelp paket bestellt, ganzen tag gewartet und nichts da? als prime mitglied. morgen kann ich es nicht entgegen nehmen",AmazonHelp,,,"@459459 Das tut mir leid für diese Erfahrung. Melde dich über https://t.co/ohyvGrpvrY, wir würden dem gern nachgehen. ^AS"
1255704,414078,@AmazonHelp Thanks for the help tonight. Have a great day or evening. Keep up the great work! It is greatly appreciated! Good night!,AmazonHelp,,,@414078 No problem Zac. ^KM
1296252,422977,@AmazonHelp Je ne comprends pas vraiment mais bon. Je n’ai pas le choix 🙃,AmazonHelp,,1296251,@422977 Il est possible qu'un souci d'acheminement ait retardé la livraison. Je vous remercie pour votre patience et compréhension. ^MH
2832951,788678,@AmazonHelp But If in this laptop in side part from different company what can i do?,AmazonHelp,,2832947,"@788678 I understand how worrisome such a situation can be.  Hence we'd like to have a closer look into this, kindly drop in your details here:https://t.co/beaaDm0muc and we'll reach out to you with an update at the earliest. ^EM"
2353901,680146,"@AmazonHelp They tried earlier and no-one was in so they said they’d try again tomorrow. Clearly they were impatient, as they tried again just now and luckily a family member had returned home. So I now have my order 🎉🎉🎉",AmazonHelp,,2353900,"@680146 Hi Shelly! That's great news, thank you for letting us know! Enjoy your order 😀 ^CN"
180936,158502,"@AmazonHelp Ok I will wait and see if I get it, thank you",AmazonHelp,,180937,@158502 You're welcome! Please keep us updated. We're always happy to help out in any way we can. ^WJ
1736208,524187,Con tanto paquete de Amazon en casa hoy parece el día de navidad @116928,AmazonHelp,,,"@524187 Todos los días pueden ser Navidad si así lo quieres, Adrián. Cuéntanos, ¿qué has comprado? ^LG https://t.co/Vtobz7O8As"
425113,134321,@AmazonHelp Do you people even have this much basic courtesy to reply on your own. Give me an update on this and don't you guys dare to ask me to wait for more time. 2 business days are more than enough.,AmazonHelp,,425112,@134321 I get you being upset and I'm sorry about the stretch. We have responded to you via email. Kindly check it here: https://t.co/ubzNHWZvL2. ^MP
74800,132740,"@AmazonHelp No specific date. It just amazes me that I order in advance, but people on a whim can go to a shop and get it before me. https://t.co/jx1hS2Pr3V",AmazonHelp,,74801,"@132740 I definitely understand your frustration! We're excited about it, too! Was your order eligible for release day delivery? You can find more information about release day delivery here: https://t.co/jDca6cwMAr ^TK"
1286369,420875,Does anyone know if it's possible to complain to Amazon if neither the seller or mail carrier will help you settle an issue?,AmazonHelp,,,@420875 I'm sorry about the frustrating experience. Can you give us more details on what's happening? We'd like to help if we can! ^AJ
1617280,145394,@115833 Echo wakes even if u call 'exa' or 'lexa',AmazonHelp,,,"@145394 Have you reported this to our support team? If no, please contact us here: https://t.co/vlvfJr4nN9 so we can assist you.^PJ"
2856654,689938,@115830 i need a refund and the company i need a refund from won't reply to my emails help!,AmazonHelp,,,@689938 Oh no! You may be eligible to file an A-to-z Guarantee claim for your order if it has been more than two business days since you e-mailed the seller: https://t.co/iFJwlYBwQh ^MB
534118,243709,@AmazonHelp https://t.co/XD43oXU6wM,AmazonHelp,,534119,@243709 So sorry to hear that you haven't heard back. Our team would like to look directly into this; can you please provide your information here: https://t.co/4HoYCeoxkn ^GS
2475912,707772,@AmazonHelp I want refund so I can buy something else guys.. at least in Amazon wallet? This is really rediculous guys. I will not buy electronic product from @115850,AmazonHelp,,2475919,"@707772 We don't intend to hurt your sentiments. However, replacement is the only option for electronic consumer item. You can check details here: https://t.co/L1neQOHOvr. ^CB"
435171,218350,@AmazonHelp Aldready called and reported it twice,AmazonHelp,,435170,"@218350 I'd like to personally help you. Kindly fill in your details here: https://t.co/GIJyeYqKE0, and I'll look into it. ^NR"
1216290,391228,@AmazonHelp no what r u talking about,AmazonHelp,,1216288,@391228 Kindly reply to the email that we've sent. We'll check this for you. ^SG
453249,222541,"@AmazonHelp hello.  I missed a 3rd attempt delivery today.  Originally it said you would try 5 times, my email says you’ll try tomorrow but the tracking says you’re now awaiting instructions for 48hrs.  What is the current position of this?",AmazonHelp,,,"@222541 We'd really like to help! However, we're unable to view your account over Twitter. Please contact us via phone or chat so we can take a look: https://t.co/JzP7hlA23B. ^DG"
756411,300787,@AmazonHelp Even though she's paid for the assembly!!!!,AmazonHelp,,756410,"@300787 I can certainly understand the frustration. Have you had a chance to contact by phone? If so, which options did we provide? ^LI"
494804,199654,@115830 what’s the point of prime when I preorder from you and your couriers can’t even be bothered to deliver the products the next day?!,AmazonHelp,,,@199654 I'm sorry the order hasn't arrived as expected! Did the order miss the estimated delivery date provided in your confirmation e-mail? ^JO
572905,254633,"Woooooo @115821, you managed to get me so upset, I'm canceling whatever I have preordered with you. What happened to your customer service?! @AmazonHelp",AmazonHelp,,,@254633 I'm so sorry for the poor experience! We'd still love to help. Without providing any account information do you mind letting us know what happened? ^LR
803012,310418,@AmazonHelp Why i should pay 10000 more for the same product,AmazonHelp,,803014,@310418 the order was cancelled. Please place a new order as the correct price has been updated. (2/2) ^AS
1217437,119794,@AmazonHelp They are not filing the charge dispute ...,AmazonHelp,,1217436,@119794 Kindly reply to the email sent to you by our team. ^GD
42586,125409,"@AmazonHelp @115817 they even came to my apartment, called me then still proceeded to leave w/o delivering the package that day. Pathetic. Why even call?!",AmazonHelp,,42585,@125409 Have you spoken with the carrier directly yet about cause of delay? Some helpful info found here: https://t.co/Qo50SqaQEn ^SD
769622,303762,@AmazonHelp Still waiting for your call,AmazonHelp,,769621,@303762 Our team is working on resolving your issue. We will contact you soon.  ^RI
2922593,675207,Hey @115821 @116090 if it's #AmazonPrime free 2day shipping it should be here at max by Friday. Ordered Monday. https://t.co/881rMnC05N,AmazonHelp,,,"@675207 That's weird, Nick! Is that the same delivery date you were given in your order confirmation e-mail or during checkout? ^AJ"
174484,156903,@117086 vcs podem me informar se minha compra foi autorizada no cartão?,AmazonHelp,,,"@156903 Oi everwood, por este meio não temos acesso às contas, porém vale lembrar que somente cobramos os pedidos na hora em que são enviados. Antes disso pode que haja uma autorização, porém a cobrança se faz na hora do envio. ^JD"
578441,150316,@AmazonHelp when should i book the phone?,AmazonHelp,,578439,@150316 As we've just received your details; we're working on sorting this out for you. We'll reach out to you soon with an update. Appreciate your patience. ^VN
671745,280270,@115850 I have still not got my Amazon Pay Balance for Nokia 6. This is really not expected from Amazon.,AmazonHelp,,,@280270 I'm sorry to know about the delay in the amount being credited to your Amazon pay balance. May I know which exact offer you're referring to? ^EM
958832,347498,"@AmazonHelp I'm tired of getting the wrong clothing item by size, 34 instead of 32 waistband. This happened more than once!",AmazonHelp,,958831,@347498 Thanks for the info. Please contact us here via phone or chat so we can look into this: https://t.co/EKXRLsnxJu ^GG
407046,212017,@AmazonHelp Well I tried that. And after here captcha codes and a new verification codes I finally got on only to find I couldn’t submit form because,AmazonHelp,,407045,"@212017 When you click on the link, is there an option to skip sign in? ^PK"
2785941,777819,I love the fact that @115821 shows dogs when you don’t have connection https://t.co/jlCrcgP7IY,AmazonHelp,,,"@777819 We're sorry to hear of the connection trouble, but our pups tend to make things a little better. For more dogs of Amazon, check out this page: https://t.co/qq2PnEjdf6! If there is anything we can do to help, let us know. ^ST"
2870715,797123,@AmazonHelp My package isnt even out for delivery. I’m fine with waiting until tomorrow but I’m disappointed at the fact that I have 2 Day Shipping and it says it will be here by tonight and is being delivered by Amazon Delivery but it has not even left for delivery yet,AmazonHelp,,2870713,"@797123 We greatly appreciate your patience. Our team is happy to make sure this late order is escalated for you, please send us your info directly using this link: https://t.co/y8Lz2vehww ^JR"
1004596,357781,"15-20% of my @117795 packages have shipping issues. started when they moved to contractors. Are rethinking the value of this service. I'm getting a refund for a package that just vanished, and a package yesterday showed up 24 hrs after it was claimed to be delivered",AmazonHelp,,,"@357781 We'd like to look into this further for you. When you have a moment, please provide us with your details here: https://t.co/8LTTG7akB5 ^AC"
385059,207162,@115850 I am a prime member ordered a prime eligible shirt on 6 Oct and not rcvd shirt till now.Your team has said me to wait till 21oct,AmazonHelp,,,@207162 We dispatch to meet the estimated delivery date. Did we happen to miss it? ^AP
277104,182214,@AmazonHelp I ordered something through prime and now it’s going to be almost a week. And yet it says order by today to receive in 2 days?,AmazonHelp,,277103,@182214 Were you given any reason for the delay? ^KM
2610754,738309,@115850 the default delivery speed has been changed and now the default delivery is one day delivery even though you dont select it it does so automatically in app. Now i cant use buy now option as i have to change the delivery speed each time pin code 500067.,AmazonHelp,,,@738309 I understand your concern regarding your address change. Please get in touch with us via https://t.co/TxK11znixD and we'll help you out with it. ^AM
1777145,534006,"@116316 die Paketboten werden auch immer fauler. Klingelt unten bei mir, ich lass ihn rein und das Paket wird einfach in den Briefkasten gestopft, obwohl ich Zuhause war und aufgemacht habe... #ohneWorte",AmazonHelp,,,"@534006 Hi! Du kannst dich gerne bei uns melden, wenn du möchtest, dass wir das anhand der Sendungsnummer an den Transportdienst weitergeben. Grüße ^AS"
310532,190155,"Cuando @115821 sabe que quieres un monitor nuevo y te pone esta pedazo de oferta que no se puede rechazar, comprado. 😂😂 https://t.co/ptjkxU1QU8",AmazonHelp,,,@190155 ¡Que bien Showton! ¿Cuál es la fecha de entrega de tu pedido? Debes estar ansioso. ^JJ
2529268,484670,"@AmazonHelp I'm clicking on that link. The only option it gives me is ""e-mail."" I am seeing no ""chat"" option",AmazonHelp,,2529266,"@484670 Apologies, the only options in this case would be phone or email. ^JJ"
205204,164611,@AmazonHelp I seriously don't know what to do with your awful delivery people. Another package waiting to be stolen https://t.co/Qzcad9DFJx,AmazonHelp,,,@164611 I'd like to have a team member look into this for you. Please provide your info here: https://t.co/cltHM9nEVV ^WM
131759,145709,@AmazonHelp I've done that so many times yet it's still happening . I have no choice but to take this further.,AmazonHelp,,131760,@145709 What were you advised when speaking to the supervisor ? ^CR
2161783,158494,@AmazonHelp YEAH I RECEIVED BUT ONLY SORRY NO EXPLANATION WHY POLICY GOT VIOLATED AND SAME FORWARDED TO @115851 BUT NOT UPDATE FROM HIM ALSO. APPRECIATE IF YOUR SO CALLED BRAINY CALL ME. IT'S BEEN 7TH ORDER MISHANDLED BY @115850. THANKS.,AmazonHelp,,2161784,@158494 Please reply to the email you received and our team shall get back to you at the earliest. ^PS
1351779,435225,@115850 @AmazonHelp how can I reach Amazon Echo India support?,AmazonHelp,,,@435225 You may get in touch with our support team here: https://t.co/DviKFbEJA7 ^AK
2869544,195663,@AmazonHelp I finally got it after 30+ mins. Luckily I had another remote that I happened to have used previously with this particular firestick.,AmazonHelp,,2869543,@195663 I'm so glad you got it working! Thank you for letting us know. ^CC
843154,254619,I have started #DiwaliKiTayari But can @115850 give some surprise #freebies home deliver to their regular #customer/booksbuyer like me??,AmazonHelp,,,@254619 Good things come to you at a price. Have a wonderful shopping with us this Diwali. ^AU
2318191,671983,@115850 Ur refunding or take it back wht ur doing..I have no use of that..,AmazonHelp,,2318190,"@671983 My apologies for the experience that you've had, Maan. Could you lease let us know if you've tried reaching out to us via the link provided earlier ? ^KS"
1582000,213144,@AmazonHelp Yes I did,AmazonHelp,,1581999,@213144 We've sent you an email to the registered email address. Kindly reply to the same if there are any further concerns. ^SM
200036,163191,"@AmazonHelp ebaaa 😍😍😍
foram esses olha: https://t.co/B1qAZScQfD",AmazonHelp,,200037,"@163191 Caramba gab! Esses livros sâo todos magníficos! O Harry Potter, sem palavras que possam descrever. Adoramos! 😍 ^JJ"
2877851,798793,"昨日Amazonプライムスチューデントの特典で貰った2000ポイントで買ったやつ！めっちゃ欲しかったから嬉しい！しかもプライム特典で無料翌日配送とか最高かよー！
超変身、仮面ライダークウガァァァー！！！ https://t.co/Ima6T4Omcw",AmazonHelp,,,"@798793 |・`ω・)ﾁﾗｯ
ポイントでほしい商品がGETできて何よりでした(*^o^*)
今後ともどうぞご贔屓に。。。。(‘v`◎)TY"
1765221,280562,Would love to know where my @115830 order is! Pay for Prime and let down twice on deliveries!,AmazonHelp,,,@280562 I understand your frustration. What is the latest tracking showing here: https://t.co/aaDyEz1VgE We'd be happy to help. ^SK
1916359,570800,@AmazonHelp Ecom is asking to collect item from delivery hub!! Unexpected! Amazon is not taking any step even after sending multiple(1/2),AmazonHelp,,,@570800 Sorry for the hassle. Please report this to our support team here: https://t.co/vlvfJr4nN9 and we'll check this. ^HN
1067659,296482,"@115850 Now neither I have product in my hand, nor my money. Never thought that amazon is such a cheat company",AmazonHelp,,808176,"@296482 Sorry about the delay with the refund, Pranav. Please report that here: https://t.co/HQhpS2qeEd and we'll get this sorted. ^MS"
1065194,371488,@117804 ou a @117086 sério deu ruim aqui no kindle e não sei como resolver HELP,AmazonHelp,,1065203,@371488 Olá! Você poderia nos dizer qual exatamente é o problema? ^JJ
2939142,812369,"@AmazonHelp On the phone with customer svc now! She's been in the hospital, now rehab so I've been checking her accounts. Someone apparently went in and changed the email on her account (!!) Now worried someone will charge her card! Hoping we can put a stop to it now! :)",AmazonHelp,,2939143,"@812369 Please keep us updated and let us know if you have any further issues, Jess! ^VF"
380163,206176,@AmazonHelp Spoke to the customer service representative and they were not helpful at all.,AmazonHelp,,380162,@206176 Apologies. Please fill up this form: https://t.co/GIJyeYqKE0 and we'll reach out to you on this. ^HK
970289,350255,@AmazonHelp Today is the last estimated day! What's your take @AmazonHelp,AmazonHelp,,970288,"@350255 In that case, if you don't receive your order by 8 PM. Please reach us here: https://t.co/vlvfJr4nN9 for more assistance. ^RS"
456542,223415,@AmazonHelp la fecha estimada de llegada era 24 de noviembre,AmazonHelp,,456543,"@223415 Paty, ¿nos puedes indicar si este pedido es vendido y distribuido por Amazon o por un vendedor externo? ^ES"
2284164,663788,@AmazonHelp Done,AmazonHelp,,2284163,@663788 Thanks for the confirmation. Our team will check and get back to you with an update soon. Request you to wait. ^NK
1041833,366382,I’m not buying shit from @115821 again,AmazonHelp,,,@366382 I'm sorry we've let you down. Can you provide some more details without providing any account information? ^CH
1494194,466957,Don't even think my CoD on console is gonna arrive in time thanks @115821 again for great service. Dont know why we pay for it.,AmazonHelp,,,"@466957 Hi Ashley, have you received an email about a delay? ^TS"
2273358,361821,@AmazonHelp Release day delivery wasn’t even an option when I ordered.,AmazonHelp,,2273359,@361821 Could you send us the link to the product page you had ordered from? ^TH
1771803,532562,僕そもそもAmazonビデオ使ってないんですがそれが https://t.co/Or2IgTMzf9,AmazonHelp,,,@532562 当サイトの名を騙るフィッシングや架空請求詐欺が増えております。記載されている番号には連絡なさらないようお気を付けください。Eメールの見分け方については、こちらをご参照ください。https://t.co/r6R7EU9RIb YM
1282216,419980,"@AmazonHelp Es correcto, tengo el correo de confirmación de la compra.",AmazonHelp,,1282217,@419980 ¿El pedido fue enviado y vendido por Amazon o por algún vendedor externo? ^MB
2682978,351218,@115850 is it in or out of Bhiwandi? Make up your mind https://t.co/iB1bVYecoq,AmazonHelp,,,"@351218 Please don't provide your order details, we consider it personal information. Our Twitter page is visible to public. (2/2) ^AS"
2553809,442771,"@209576 @115851 If you’re a e com giant.  you are not suppose to stealing somebody’s money. it’s best to stay hidden. @115850 don't create a matrix of customer care its a endless street without the solution under the 96 page of 
Terms &amp; Conditions",AmazonHelp,,,@442771 We surely want to help in this matter. Could you kindly let us know what went wrong so that we will assist you further? ^JS
1108203,381546,@AmazonHelp Merci ! En espérant une amélioration globale du service.,AmazonHelp,,1108202,"@381546 Je vous en prie, sachez que c'est grâce à vos remontées que nos services s'améliorent. ^BR"
2438200,121292,@AmazonHelp Told no refunds until the lost items are returned to you. Which they won’t be as they’re lost...,AmazonHelp,,2438198,"@121292 Truly sorry, this isn't the experience we expect! Please, give us another chance to address this: https://t.co/JzP7hlA23B ^JE"
291338,185012,"@AmazonHelp No that's fine, it was more just wondering how it worked, do I wait for the replacement after my item is returned or...?",AmazonHelp,,291337,@185012 Did you get any emails about the replacement? ^JJ
2159231,634238,"#Alexa is home and mom has a new best friend. 
@115850",AmazonHelp,,,@634238 That's awesome. Your family is increased by one more member. Kinda reminds of the show Karishma ka karishma doesn't it?^AR
314372,191051,amazonから金払え的なメールが来たけど全く身に覚えがない,AmazonHelp,,,@191051 Amazonからの正式なメールかどうかの識別方法については、こちらのヘルプページをご参照下さい。 https://t.co/hcSDUTgmn3 EK
837121,319231,@AmazonHelp Just cancelled an order to change the address now it's saying out of stock no idea of restock! Can I not have my old order back?,AmazonHelp,,,"@319231 Hi, unfortunately there's no way of reinstating a canceled order? ^RS"
584590,257948,@115830 my parcel arrived but was open and when checked what was due to be in it I'm missing a book. How do I get the book resent?,AmazonHelp,,,"@257948 Hi Brian, I'm sorry to hear about this. Can you contact us so that we can look into this further for you? You can reach us here: https://t.co/oGDklGgbCZ. ^PJ"
360658,201406,Frustrated to the core with the worst service of @115850 for the second successive time. Worst delivery service ever,AmazonHelp,,,@201406 Our apologies for the inconvenience. Could you tell us more about your concern for better assistance? ^YP
2474882,707548,@115850 ordered Mee Mee Premium Anti Fall Baby Walker pink and received this cheap Walker and CC is not responding https://t.co/Np2to4WDDI,AmazonHelp,,,@707548 Apologies for the unpleasant experience. Did you happen to report this to our support team? ^MN
974818,351179,@115830 ordered a camera for son's 11th birthday. Not delivered and you refuse to send replacement? Shocking customer service.,AmazonHelp,,,@351179 Sorry to hear this - not all items can be replaced - did we advise why no replacement was available ? ^TD
394064,209358,@AmazonHelp Me habéis enviado unos amiibo en un embalaje blando y me llegan así de aplastados. Imposible añadirlos a la colección... 😥 https://t.co/DgbBbgPTkl,AmazonHelp,,,@209358 Lamento esta experiencia. Recuerda que puedes reportar cualquier incidente con Servicio al Cliente ^VL
2811791,784068,うにはアマゾンの箱が大好物で、荷物届くたびに箱をぼろぼろになるまでかじり続ける(´•ω•｀) https://t.co/Pa0mTcMk4W,AmazonHelp,,,@784068 Amazonをご利用いただきありがとうございます🙇　当サイトの箱を気に入っていただけて嬉しいですっฅ(^ω^ฅ)💕　SM
1612444,494805,"Shout out to @AmazonHelp and Bryce, my CSR, for replacing my 11yr old daughters Xmas gifts that were stolen from my front door.  Bryce, you're amazing, and thank you @115821 for being there for your customers.",AmazonHelp,,,@494805 I'm glad Bryce was able to help out! Please be sure to leave feedback in the e-mail you received after contacting us. ^LA
1216224,405388,@115821 after this convo your rep thanked me for being part of the family. How is this acceptable? https://t.co/nDmXAOo3Ef,AmazonHelp,,,"@405388 I'm sorry for that experience! Without disclosing anything personal, will you tell us more about your issue? We'd here! ^SK"
2766419,773651,@AmazonHelp App quiz ka results declare hona tha aaj,AmazonHelp,,2766418,"@773651 We've haven't made any announcement yet. Kindly stay tuned to our website. However, the winners would be personally notified with an email. ^MN"
801704,311032,"@115850 I have Amazon gift card &amp; trying to add value in my login  to pay while mi 4a purchase
Error coming as per attachment while adding https://t.co/FCIW5o2HRD",AmazonHelp,,,"@311032 That is unusual, Krishan. Kindly reach out to us via: https://t.co/CoP6l3sOt7 and we will have this checked. ^KS"
483122,229906,#AmazonRechargesQuiz @115850 where is the result?? Now its end of the day,AmazonHelp,,,@229906 Could you please help us with the name of the promotion for better assistance? ^KH
2618140,739900,@AmazonHelp my package was delivered to the wrong house! my neighbor just retrieved it for me. all good now :),AmazonHelp,,2618139,@739900 Glad to hear you got your order. Let us know if there is anything else we can help with. 😊 ^ES
2853745,793318,Didn't arrive. No email to say it was delayed.Can't believe I spent the last 3 hours watching it drive around Farringdon &amp; not be delivered! https://t.co/HgKXuEYhQV,AmazonHelp,,,@793318 I'm sorry you've not received your parcel. We would like to look into this further for you. Please reach out to us here: https://t.co/JzP7hlA23B. ^AL
947217,344629,@AmazonHelp That doesn't show up either,AmazonHelp,,947216,"@344629 Just to clarify, are you using a Canadian credit/debit card or a U.S. one? ^RB"
2878658,810676,@AmazonHelp dear sir/mam i order a redmi 3s battery in 19-11-2017 but any status not show on my amazon account. so kindly please so my redmi 3s battery status.,AmazonHelp,,2878652,"@810676 I'm sorry for the delay, this was never intended. Twitter being a public platform we do not have access to your order details. Please report this to our customer service team here: https://t.co/vlvfJr4nN9 and we'll be glad to help you. ^SI"
2498828,419698,Hey @115821 your iPhone app checkout has been down for a few hours. Might want to check into it!,AmazonHelp,,,@419698 I'm sorry to hear you're having troubles with the app! What happens when you try to checkout? ^DG
2965259,136634,"Zustellung morgen
Versand wird vorbereitet

Zustellung Freitag
Wird heute versendet

Finde den Fehler @AmazonHelp bin ja mal gespannt ob es morgen auch hier bei mir ist :)",AmazonHelp,,,@136634 Wir versenden ja noch bis spät in die Nacht. Bitte gedulde dich noch etwas. :) Liebe Grüße ^TA
183584,159173,こ、コウノドリがAmazonプライムビデオでみれる〜〜〜😭😭😭😭これで眼鏡星野源見放題やんけ😭😭😭😭😭,AmazonHelp,,,@159173 涙を拭いてごゆっくりお楽しみくださいませ～😭😭😭😭 TN
281603,183095,@AmazonHelp I already contacted your customer service many times within few minutesreceiving the product.they simply  electronic product cant be return,AmazonHelp,,281602,@183095 I'd request you to fill in your details here: https://t.co/GIJyeYqKE0 2/2 ^OS
12538,118505,@AmazonHelp I have replied dozen of times first check then reply. So silly,AmazonHelp,,12539,@118505 Thanks for writing back to us. Our specialist team will contact you with an update on your issue soon. Please wait. ^ZH
1364669,437739,@AmazonHelp Die Sendungsinformationen wurden heute um 12 Uhr an DHL elektronisch übermittelt. Bis jetzt kein immer noch kein Versand!,AmazonHelp,,1364668,@437739 (2/2) zur Verfügung - hoffe du hast es so bald wie möglich! ^MI
536571,244330,"Thank god for delivery photos, or I never would've figured out that when Amazon said my package was left ""on the back porch,"" they actually meant ""wedged under the wheel of the garbage can behind the house.""",AmazonHelp,,,"@244330 Hi, I am very sorry to hear this. Has the contents in the parcel been damaged? ^CR"
2291719,665573,"@AmazonHelp Over 24 hours and still no reply. You got my hopes up for nothing, @amazonhelp. :(",AmazonHelp,,2291717,@665573 I know how frustrating this can be! I have verified that your information has been received. You shall receive an update from our investigation as soon as possible. We appreciate your patience with this. ^AL
1349103,337269,"@AmazonHelp Yup, from Play Store, and then again from Amazon App Store, claims to be successfully installed, then just won't open.",AmazonHelp,,1349102,@337269 We'd like to troubleshoot with you in real-time. Please use the link to contact in directly: https://t.co/CYqkdUakWJ ^GL
486698,230813,"Es neta @116875 ? Pedí un paquete en entrega a @32701 y resulta que no me lo pueden entregar si no está el encargado y ""Quién sabe a qué hora llegue"" 😑",AmazonHelp,,,"@230813 Hola Carolina, lamento lo sucedido. ¿Te brindaron alguna opción al respecto en el lugar de entrega? ^LG"
787167,307770,@AmazonHelp We have already done this. Which part r u not understanding. We are getting standard answer thru IVR. Pls give sme no to speak to,AmazonHelp,,787165,"@307770 Sorry, we haven't received your details yet. Kindly drop in your details in the link provided earlier, we'll look into it.^EM"
2868408,796596,@AmazonHelp This is unacceptable https://t.co/o3dBWkSuIr,AmazonHelp,,2868409,@796596 I'm so sorry for the delay! Please let us know if your order doesn't arrive by the 29th. We want to ensure you get it! ^GM
1419070,449844,"@AmazonHelp Fully versed on how to check status, strongly question your “next day delivery” promise. #dissapointed #stockholder",AmazonHelp,,1419069,@449844 We'd like to take a closer look at this. Please reach out to us here: https://t.co/hApLpMlfHN ^LJ
121074,142946,"Pésima la logística de @116875 logistics, “tu pedido no pudo ser entregado porque no se encontró a nadie para recibirlo” y todo el día he estado en la casa.
Lo peor de todo es que ni siquiera puedo ir a recogerlo en persona porque no tienen una sucursal para atenderme",AmazonHelp,,,"@142946 ¡Hola, Francisco! Lamento mucho la situación ¿Nos puedes indicar cual es la fecha de entrega estimada indicada en el correo de confirmación del pedido? ^DS"
2858068,794300,@AmazonHelp Your carrier,AmazonHelp,,2858070,@794300 We would love to look into this with you! Please provide your order information so a member of our team can reach out to you: https://t.co/LhnnEbWep1 ^DD
1394456,444288,What’s the point in @115821 prime delivery for NEXT day if they don’t even bother to try and deliver it??,AmazonHelp,,,@444288 I'm sorry the delivery didn't arrive as expected! Please reach out here: https://t.co/JzP7hlA23B so we can look into this. ^AH
1599261,491120,"Dear Amazon, you let me down big time. I bloody had to leave my house to go get my food colouring. #Heinous #IPayForPrimeDangIt",AmazonHelp,,,@491120 I'm so sorry for the inconvenience! Did we miss the delivery date? You can check here: https://t.co/PyACxvY8Qo ^NS
1438202,453787,"@AmazonHelp Si, y me dice q si no se lo deja hoy a algún vecino no sabe si saldrá mañana o pasado del almacén... mal servicio y mala resolución.",AmazonHelp,,1438201,@453787 Lamento esta experiencia. Recuerda que puedes reportar cualquier incidente con Servicio al Cliente. ^VL
2931295,810802,"@115850 Seller Celocity Mobile cancelled my order 406-6355839-5596349 on 24th Nov. Suddenly Om Enterprise tried to sell/deliver me the same item. Strange, isnt it? @115851 @115821 I rejected delivery from Mahesh Hadshi (+9191******7385) https://t.co/RgkptkFSvy",AmazonHelp,,,"@810802 That's strange! Has this been reported to our support team yet? You may connect with them from here https://t.co/TxK11znixD they'd do the needful to help. Don't provide your order details, we consider it to be personal information. Our page is visible to public. ^KK"
2384563,282320,The one time you *really* need @amazonhelp to deliver on prime next day they fail. And can’t do anything to expedite their own courier 😞,AmazonHelp,,,@282320 Very sorry about the delay. Have you been provided a delivery time frame for the item to reach you ? ^CR
2611548,149100,"@AmazonHelp QE198108245GB

Showing as only passed onto courier.",AmazonHelp,,2611547,"@149100 Hi Robert, sorry to hear this. Your parcel is still out for delivery with the carrier and we would expect you to receive it today. Keep an eye on your tracking for any updates:  https://t.co/aaDyEz1VgE ^TI"
164853,154210,@AmazonHelp ❤,AmazonHelp,,164852,@154210 Te desejamos uma leitura maravilhosa Dani! 😍☕️📚👏 ^JJ
2702079,772023,@758988 @115821 I got a notification from them that my package had been put in my mailbox. I... don't... HAVE ... a ...mailbox!,AmazonHelp,,2702078,"@772023 Hello, Lissa. I'm sorry you haven't received your order. Have you tried locating the order using the troubleshooting steps listed here: https://t.co/Dwa1wQp1vu  ^FJ"
2668268,751600,Does @115821 work delivering to #Morocco ... ideally ASAP (next day  even?),AmazonHelp,,,"@751600 Hi there, you can learn about where you can ship internationally here: https://t.co/gWfPQX3knm ^DW"
1125171,385303,@AmazonHelp I specified that it was a gift and it said it would come in a covered box to hide what it was but it didn’t at all,AmazonHelp,,1125172,"@385303 Hi Megan, I'm very sorry to hear this. We do not have access to your account/orders over Twitter to look into this further. Please contact us directly and we will be happy to help more.  https://t.co/JzP7hlA23B ^KK"
2558529,145528,"@145529 @115850 My Uttarkashi address is:-
C/O Santosh Bhandari,
State Bank of India, Bhatwari Road Branch, Opposite Petrol Pump, Uttarkashi.
249193.

Please do not return the parcel unilaterally.",AmazonHelp,,2558530,"@145528 I get your concern. However, please be assured that the packages will be shipped to the destination as per estimates. Kindly wait till the same. Further, please don't share order details here. We consider it personal info. Our Twitter page is visible to Public.^VN"
490636,231873,"@AmazonHelp  How do I make it so, when I'm looking at items in my cart, I can see the total amount I'm paying for each set of items as opposed to just seeing the price for a single unit? So if I'm buying 13 units at $6.95 each and 3 for $7, I can see the total price for each set?",AmazonHelp,,,"@231873 Hi, any chance you can provide us with a screenshot of what you are seeing so that we can get an idea of what you are looking for? ^KI"
384435,207033,@AmazonHelp @115851 Same false assurances again..😔😔 Tired of this,AmazonHelp,,384434,@207033 We've sent a correspondence to you here: https://t.co/8DAc10S7ww. Kindly check and revert. We'll take this further. ^VN
2939290,812392,C'est quoi ces colis où n'importe qui peut mettre la main dedans pour se servir @120533 ? https://t.co/Y4IKE4sGUd,AmazonHelp,,,"@812392 Bonjour, navrée pour cela 😓 J'espère que le contenu est intact. ^MA"
572442,254504,@121284 requested an invitation for the echo I hope you send me one Alexa. Waiting for it since a week,AmazonHelp,,,@254504 Thank you for your interest in Echo. Keep checking your inbox for updates sagar. ^SP
926294,339792,"Let down by prime, lied to and told my prime delivery won't come till the 20th of October. Customer service appalling @115821",AmazonHelp,,,@339792 I'm sorry about this! Could you tell us if the order was through a seller? You can find that here: https://t.co/JzP7hlA23B
1406169,275331,@AmazonHelp you charged me twice for something and offer no clear way for customers to contact you about issues.,AmazonHelp,,1406168,"@275331 Oh sorry! Very sorry you were charged twice, Meghan. You can contact us for support here:  https://t.co/hApLpMlfHN ^JD"
558428,250466,@AmazonHelp Tout simplement car le responsable a changé d’avis ! J’ai gardé toute la conversation. #inadmissble #manipulation,AmazonHelp,,558430,"@250466 Afin que je puisse vérifier votre compte client, merci de remplir ce formulaire : https://t.co/HtUowg2UGX ^ASZ"
1484718,464790,@115850 Could you please extend the #CashBack offer for #DailyNeeds in ur Now app? I will always trust #AmazonIn. @1384 #AmazonNow https://t.co/9F3J1O0Ink,AmazonHelp,,,@464790 I understand your concern but I'm sorry we'll not be able to expend the promotion. ^SH
686730,283967,"@115830 can i ask why your delivery drivers now take it upon themselves to try to open my front door before knocking with a delivery?! This is the third time this has happened and I find it extremely unsettling, I should'nt have to lock my door to prevent this from happening!",AmazonHelp,,,@283967 I'm very sorry for the poor experience! I would like one of our Social Media specialists to look into this with you. Please provide the information that is requested here: https://t.co/xDcn944V8t so we can get this escalated to the proper team. ^ZW
713757,290723,@AmazonHelp É o primeiro! 😊,AmazonHelp,,713756,"@290723 O primeiro sempre é o melhor! Ele vai ficar bem bonito na sua estante, Débora. :3"
531682,243167,"@AmazonHelp There wasn't any other options regarding packaging, have just double checked. Item isn't technically damaged itself but not sure how to gift it when the box looks so awful due to being opened and stickered to death. Any advice?",AmazonHelp,,531683,"@243167 You should still be able to create a return label for the item for a refund, and place a new order selecting the ""ship in Amazon box option"". Hope this helps!

-Sami"
2849091,792288,@115821 hi hello yes why can’t I watch lock up by MSNBC. “This video is currently unavailable to watch in your location” I just wanna watch people behind bars talk about prison politics...I didn’t pay $90 to be told “no”,AmazonHelp,,,"@792288 Apologies for the trouble, Skyler! Are you currently trying to stream outside of U.S.? If so, please see: https://t.co/HcAKGNJxfn for more details. ^CS"
2602299,736324,@AmazonHelp Woke up this morning and I'm now able to access. Don't know what to say. I didn't do anything different this morning than what I did last night.,AmazonHelp,,2602298,@736324 Glad to hear it sorted itself out! If you have any other issues please let us know! ^GS
1489491,312378,"Ich hab ne neue Vinyl. Leider erst heute trotz Vorbestellung bei @AmazonHelp :(

@43472 https://t.co/1ZU5VoLOs2",AmazonHelp,,,"@312378 Dann kannst du ja endlich mit Hören loslegen, auch wenn es ein bisschen länger gedauert hat :) ^AN"
2226461,649928,Ordered 5 products from @115850 3 of then supposed to get delivered yesterday due to Prime Membership. What's the benefit of having membership with such a delayed delivery. I should pick #eBay then. @115821 #CustomerExperience #CustomerService #AmazonPrime https://t.co/lkPT5w2dSs,AmazonHelp,,,"@649928 It is never our intention to cause inconvenience to our prime customer, we regret for the inconvenience with this order delivery, write to us here: https://t.co/GIJyeYqKE0 &amp; we'll take necessary actions to make things right. ^MJ"
1137382,387913,@AmazonHelp my order no. 408-3024133-6673967 can  you pls give me a replacement soon ? You claim of quick returns and quick replacements . Bad service,AmazonHelp,,1137384,"@387913 Don't provide your order details, we consider it to be personal information. Our page is visible to the public. (2/2) ^SY"
1761041,529975,"@AmazonHelp ASIN: B003CXOB1G
nach Berlin https://t.co/NAwepSTgaA",AmazonHelp,,1761042,"@529975 Dies hat logistische Gründe. Sobald nach der Bestellung genaue Infos vorliegen, wird die Zeitangabe aktualisiert. Gruß ^NW"
75823,132977,@AmazonHelp No. Desde hace un rato en la web de Seur aparece que se entregará a partir de las 18:45.,AmazonHelp,,75824,"@132977 Entiendo, en este caso te recomiendo poder esperar al final del día, si no lo llegas a recibir te pedimos que por favor te pongas en contacto con nuestro departamento de Servicio al Cliente, ingresando al siguiente enlace: https://t.co/OjvUxwnzPe ^KA"
984697,353419,@AmazonHelp Huh!!! Mater s escalated 2 concern team.. Same thing I m listeing frm lst 11 dys... Wonderig i Amazon s creatng nw departm. 2 slve my problm,AmazonHelp,,984696,"@353419 My apologies for the delay, Gourav. We are working and will get back to you as soon as there is an update. ^KS"
1342529,433119,"@120474 can you clear this up?
I pre-ordered the @146898 book last Thursday (maybe b4 midday) do I still get a presale code?",AmazonHelp,,,"@433119 We'd like to look into his with you, Claire. Please reach us here: https://t.co/JzP7hlA23B ^NC"
2926379,809674,@115821 been waiting for a package all day. It’s 7:40 pm and still says it’s in transit. How can I check to make sure it’s arriving today like it says it will?,AmazonHelp,,,@809674 Thanks for reaching out! I'm so sorry for the wait. Does it show the package is out for delivery here: https://t.co/Y5jpI9gRhE. ^LH
227783,170315,"#AmazonIN #Amazon will you please refund my money as you r not going to deliver my order even after 20 days, despite being a prime customer https://t.co/SWXeFCwXfn",AmazonHelp,,,@170315 We've sent a correspondence to your registered email ID here: https://t.co/NTkrxpsbHJ. Kindly check and revert. ^PS
1219923,406217,@AmazonHelp Über meine Mutter. :),AmazonHelp,,1219922,@406217 Dann müsste sich deine Mutter in diesem Fall bei uns melden. ^SK
600346,228715,"Hey @AmazonHelp, je n'ai toujours pas reçu un colis qui est partout écrit comme livré vendredi sur votre site, je fais quoi ?",AmazonHelp,,,"@228715 Bonsoir, si les recherches dans votre entourage ne donnent rien. Merci de nous joindre via https://t.co/hgIrz98cdI Notre service client vous assistera à cet effet. ^KD"
392611,208979,"@AmazonHelp I filed a claim through their website, but haven't heard back from them.",AmazonHelp,,392609,@208979 What date was the US Postal Service contacted? Did they give a time frame for the claim to be resolved? ^VB
530763,242930,@24005  Hey i went thru the amazon thing and i did everything my order was placed and they blocked my email so can you order me an Iphone X please!?,AmazonHelp,,,"@242930 Hello, we are unable to place orders onto your account. Please check your emails for any correspondence from our accounts team.^CR"
1584498,487570,@AmazonHelp Nothing. The lady asked for my order number then cut me off. Didn’t try to call me back. What’s appalling as it’s a you call us services,AmazonHelp,,1584497,"@487570 We'd like a second chance! Please reach us here: https://t.co/JzP7hlA23B
Please keep us posted. ^AG"
452003,222190,@AmazonHelp talk to me.  WTF is this???! Package tracking TBA577040572000 https://t.co/3d2CVI5b5D,AmazonHelp,,,"@222190 I'm so sorry for the way your package was handled! We'd like to escalate this for you! When you have time, please provide your order details here: https://t.co/VBAb22vehF ^AR"
2880424,799331,@AmazonHelp On a surtout trois articles commandés dont deux vont être refusés.,AmazonHelp,,2880425,"@799331 Si vous avez passé plusieurs fois la même commande par erreur, vous pouvez refuser les articles non souhaités à la réception. Dès leur retour au dépôt, vous serez remboursé.
^ARC"
36575,123971,@AmazonHelp @115850 Pathetic service level of amazon,AmazonHelp,,36577,@123971 provided earlier? 2/2 ^KH
1355402,436055,"@AmazonHelp Heute, 27.10.2017",AmazonHelp,,1355401,"@436055 Ärgerlich 😕 Magst du dich mal im Kundenservice melden, damit die Kollegen sich das anschauen: https://t.co/ohyvGrpvrY ^BL"
2915907,807109,@119625  Stop spamming me. I keep getting promotion emails from __email__ . unsubscribe option does not work. I tried multiple time. #spam #stopspamming #brokenservice,AmazonHelp,,,"@807109 We'd like to check this for you. Please connect with our support team here: https://t.co/vlvfJr4nN9, and they'll assist you regarding this. ^NR"
2161794,170179,Amazonプライム一生登録する,AmazonHelp,,,"@170179 (●´∀｀).｡o○(嬉しい・・・！)
ペルソナシリーズ、ぜひお楽しみください☺
プライム会員特典：https://t.co/Z2a5kGT4hw　MH"
1633266,499718,@AmazonHelp @115821 umm your system needs to be fixed.. https://t.co/GzmGMZVlMM,AmazonHelp,,,@499718 I'm sorry for the mixed information. Please keep us posted on the delivery and keep an eye out for updates. ^CO
909555,336039,"@AmazonHelp I don't mind sharing any personal info. And please dont hide my complaint, even if its a bad feedback it should be visible to all.",AmazonHelp,,909554,"@336039 We don't want anybody to misuse your personal or order information. Hence, the disclaimer. Appreciate your understanding.^SF"
39583,124653,"Constantly getting notifications that my @115821 orders arrived when they didn’t. And the customer service agent I’m chatting with is so rude. I already canceled Fresh.. don’t want to cancel Prime, too 😐",AmazonHelp,,,@124653 I'm so sorry for the poor experience! What is being advised by the agent? We'd be happy to try to help in any way we can. ^WJ
2849013,792278,@792279 @109213 @171383 @109214 Yeah! Erst vor wenigen Wochen die Buchreihe für mich entdeckt und gerade mit dem letzten Band durch. Freut mich sehr! :),AmazonHelp,,2849014,@792278 Und welcher Band hat dir am besten gefallen? Wir freuen uns auch schon riesig drauf! ^BB
520751,240216,ちょっと待て私いつの間にAmazonプライム会員になったんだ,AmazonHelp,,,@240216 Amazonプライム無料体験をご利用いただいておりませんか？無料体験にお申し込み後、自動更新をオフにした場合を除き、体験期間終了後に有料会員へ移行いたします。なお、お申込日はこちらからご確認いただけます。https://t.co/PyTdfnBHr7  TN
2129049,626733,"@AmazonHelp Bonsoir, merci pour votre réponse. Je viens de le faire, merci pour le conseil.",AmazonHelp,,2129048,"@626733 Avec plaisir, très bonne soirée à vous. ^BR"
1121635,434613,"@115850 When are the results guys? @115850  
#AmazonGreatIndianFestival 
#DiwaliKiTayari",AmazonHelp,,1121626,@434613 The results will be announced on our official page. Please stay tuned for further update. ^SG
